fecha,presion_media,presion_min,presion_max,presion_desv,humedad_media,humedad_min,humedad_max,humedad_desv,viento_media,viento_min,viento_max,viento_desv,rafaga_media,rafaga_min,rafaga_max,rafaga_desv,viento_norte,viento_este,direccion_viento,registros_del_dia,anio,dia_del_anio,estacion_anio,mes,sector_viento,temp_max_manana
2009-01-01,999.1456,996.5,1000.87,1.3993,91.086,87.5,94.8,1.765,0.7786,0.05,1.55964121,0.5753,1.3783,0.25,2.25557673,0.8488,-0.3618,-0.0223,183.5308,143.0,2009.0,1.0,invierno,enero,S,-2.12
2009-01-02,999.6006,997.93,1002.65,1.5039,92.0868,86.6,96.3,2.7588,1.4195,0.22,3.87,0.9168,2.2274,0.63,6.13,1.2544,0.4267,0.3689,40.8436,144.0,2009.0,2.0,invierno,julio,NE,-0.82
2009-01-03,998.5486,993.05,1002.49,3.1304,76.4581,48.39,93.9,15.1796,1.2509,0.12,3.64,0.7299,2.0651,0.38,4.88,0.933,-0.6993,-0.5268,216.9916,144.0,2009.0,3.0,invierno,enero,SO,-0.63
2009-01-04,988.5107,985.12,992.93,2.3223,89.4174,,,4.4904,1.7204,0.54,2.45441545,0.7023,3.5649,1.38,4.43037523,1.1835,-1.1268,-1.0413,222.7419,144.0,2009.0,4.0,invierno,enero,SO,-1.44
2009-01-05,990.4057,,997.54,4.2315,86.2604,74.6,93.2,5.3922,3.8003,1.0,7.81,1.9521,5.94,2.13,10.88,,2.6275,0.2874,6.2418,,2009.0,5.0,verano,enero,N,-10.88
2009-01-07,993.5064,991.5,998.41,1.8001,85.6597,80.8,93.4,3.1011,0.7225,0.08,1.13710893,0.3202,1.4833,,2.33014125,0.5552,-0.5664,0.1691,163.3723,144.0,2009.0,7.0,invierno,enero,S,-4.06
2009-01-08,1002.9697,,1004.61,1.5812,87.5826,75.1,92.5,5.2771,0.8702,0.06,2.94,0.6658,1.4436,0.25,4.13,0.87,-0.7479,0.0034,179.7388,144.0,2009.0,8.0,verano,mayo,S,-3.61
2009-01-09,1003.1133,1002.04,1003.87,0.474,83.9762,59.98,92.84372072874389,9.0218,0.6638,0.19,1.61,0.3116,1.2378,0.5,2.5,0.447,-0.5115,0.0161,178.1928,144.0,2009.0,9.0,invierno,enero,S,-2.24
2009-01-10,1002.9676,1002.08,1003.99,0.6683,82.3408,59.67,93.0,10.8955,0.6665,,2.14,0.3778,1.3066,0.38,3.88,0.5674,-0.5302,0.0725,172.208,144.0,2009.0,10.0,verano,enero,S,-0.13
2009-01-11,1004.0075,1002.56,,0.6769,83.4093,58.23,93.2,10.4141,1.235,0.12,2.42956061,0.8149,2.2899,0.5,3.4175405,1.2194,-1.0837,0.115,173.944,144.0,2009.0,11.0,invierno,enero,S,2.32
2009-01-12,998.4947,993.68,1003.34,2.9773,72.4442,50.8,88.5,12.4534,2.4599,1.12,3.85,0.5952,3.6968,2.25,5.5,0.7597,-2.3036,-0.4289,190.5456,144.0,2009.0,12.0,verano,junio,S,4.9
2009-01-13,990.1472,988.02,993.54,1.4712,61.7875,42.38,75.8,9.3221,2.4801,0.47,4.4,0.8583,3.7881,1.13,6.25,1.046,-2.3479,-0.2096,185.1016,144.0,2009.0,13.0,invierno,enero,S,0.43
2009-01-14,987.5876,986.43,990.18,0.9993,80.6224,59.08,91.7,9.3468,0.8526,0.12,3.05,0.5681,1.6855,0.5,4.75,0.8747,-0.6576,0.0412,176.4107,144.0,2009.0,14.0,verano,enero,S,4.52
2009-01-15,994.1072,990.2,997.54,2.0477,91.1028,73.0,97.6,5.647,0.6442,0.06,1.19924603,0.3849,1.261,0.5,2.01945575,0.5522,-0.3029,0.1424,154.8295,144.0,2009.0,15.0,verano,septiembre,SE,1.17
2009-01-17,992.1331,988.23,995.15,2.0551,87.7028,82.5,93.8,2.8481,,2.0160000000000005,14.148,81.77,3.3924,1.0,6.0,54.50000000000001,-2.0065,0.0543,178.4501,144.0,2009.0,,verano,abril,S,5.31
2009-01-18,979.1435,972.33,988.11,5.3253,82.7548,67.98,94.3,7.0427,10.70604,0.684,34.953763244301435,1.6974,4.623,0.75,10.75,2.4464,-2.6939,-0.8217,196.9619,144.0,2009.0,18.0,verano,septiembre,S,4.27
2009-01-19,972.7938,965.94,980.02,5.5264,79.5069,69.0,88.6,4.8139,3.3216,0.27,4.95854058,1.9596,5.0651,0.63,,2.8144,-3.1466,-0.3015,185.4729,144.0,2009.0,19.0,invierno,enero,S,6.8
2009-01-20,971.3083,965.27,977.35,3.7879,79.5139,71.6,95.2,6.8664,2.0826,0.13,4.16939941,1.4944,3.2169,0.5,6.605173730000001,2.2039,-1.7052,-0.998,210.3379,144.0,2009.0,20.0,invierno,noviembre,SO,1.3
2009-01-21,980.2045,977.43,983.42,1.7664,92.7806,84.5,97.0,4.0448,0.6531,0.1,1.87,0.326,1.211,0.38,2.75,0.4502,-0.5049,-0.0119,181.3462,144.0,2009.0,21.0,verano,enero,S,3.05
2009-01-22,9784.115,971.48,,3.9853,86.7311,69.11,97.6,9.7926,10.09692,1.4400000000000002,26.532,178.43,4.2533,0.88,10.13,122.65,-2.7229,-0.1899,183.9897,144.0,2009.0,22.0,verano,octubre,S,5.77
2009-01-23,955.5102,944.58,971.4,8.8742,78.0708,58.67,91.1,7.2499,5.1039,1.13710893,12.536035421366131,1.9491,7.7377,3.25,9.0098795,2.9064,-4.882,-0.4137,184.8438,144.0,2009.0,23.0,invierno,enero,S,5.41
2009-01-24,961.1252,952.33,970.98,,74.6343,55.83,94.54454858932803,10.7749,,0.06,8.04,1.9681,4.6603,0.38,11.0,2.8308,-2.1991,-1.7205,218.0386,144.0,2009.0,24.0,invierno,enero,SO,6.31
2009-01-26,977.231,975.0,980.89,1.7438,96.5639,95.2,97.5,0.5982,1.4099,0.04,2.10644769,0.9215,2.1535,0.38,2.72160498,1.1234,1.0684,0.367,18.9574,144.0,,26.0,verano,septiembre,N,-1.04
2009-01-27,986.1106,980.97,990.97,3.2006,98.9958,,100.0,1.1007,8.05644,0.0,14.184,88.3,3.3226,0.0,5.5,59.34,1.9919,0.9426,25.3231,144.0,2009.0,27.0,verano,noviembre,NE,-1.63
2009-01-28,992.824,990.85,995.12,1.3317,96.0736,89.8,100.0,3.8702,0.0,0.0,0.0,0.0,0.0,0.0,0.0,0.0,0.0,0.0,0.0,144.0,2009.0,28.0,verano,septiembre,N,-1.74
2009-01-29,996.851,995.02,998.83,1.2328,88.3306,82.5,95.0,3.4851,1.589,0.0,4.44,1.1156,2.7997,0.0,6.88,1.8484,0.7466,1.26,59.3524,144.0,2009.0,29.0,invierno,enero,NE,-1.84
2009-01-30,998.9144,997.48,1000.03,0.5527,80.9375,75.6,88.6,3.2773,2.1109,0.9,3.6,0.5995,3.7403,1.88,7.63,0.9137,0.9395,1.7367,61.5891,144.0,2009.0,30.0,invierno,enero,NE,-0.79
2009-02-01,985.7607,982.74,989.86,1.8135,,75.9,94.6,4.1694,14.17968,4.248,24.12,1.33,6.1717,2.0,10.25,2.0702,2.7982,2.6972,43.9461,144.0,2009.0,32.0,verano,julio,NE,3.71
2009-02-03,973.8671,972.46,976.35,1.1087,88.1817,63.26,99.31849145558738,9.5014,1.7377200000000002,,,40.99,0.971,0.23612098,4.271406718859167,25.465,-0.1624,-0.0542,198.4735,144.0,2009.0,34.0,verano,abril,S,4.89
2009-02-04,972.084,971.01,972.68,0.4541,91.9382,71.7,100.0,7.7782,3.0873600000000003,0.324,7.668,0.5055,1.4775,0.38,4.25,0.6789,-0.2618,-0.064,193.7441,144.0,2009.0,35.0,verano,agosto,S,6.43
2009-02-05,972.0015,970.82,972.85,0.5615,85.9655,68.65,98.7,10.6563,1.8062,0.73,1.9883872,0.5107,2.8342,0.9320565,6.672665530248407,0.6244,-1.6899,,186.4352,144.0,2009.0,36.0,invierno,febrero,S,9.12
2009-02-06,968.3094,963.96,971.67,2.2298,82.0547,60.1,93.5,9.8233,1.3933,0.15,3.42,0.6936,2.3068,0.5,4.25,0.868,-0.6962,-0.1003,188.2003,144.0,2009.0,37.0,invierno,febrero,S,6.09
2009-02-07,961.9011,959.77,965.63,1.3918,86.2749,68.09,95.1,6.9473,4.61376,0.5040000000000001,13.752,0.8533,2.2036,0.63,5.75,1.2145,-0.4124,-0.7016,239.5515,144.0,2009.0,38.0,verano,febrero,SO,4.41
2009-02-08,973.6899,965.76,980.42,4.5123,74.4915,53.32,,,1.8748,0.46,3.34,0.7482,3.7619,1.25,8.0,1.5596,-0.2625,-1.5957,260.6586,144.0,2009.0,39.0,verano,febrero,O,3.01
2009-02-09,979.9308,973.52,982.03,2.0426,73.16,56.779999999999994,85.6,9.4777,3.2418,0.2,7.47,2.1283,4.684,0.63,10.25,2.8609,-2.9185,-1.106,200.7544,144.0,2009.0,40.0,verano,septiembre,S,7.06
2009-02-10,964.1137,958.84,973.46,4.0884,84.9585,67.87,98.5,8.6911,4.9952,1.54,12.96,2.6215,7.7501,2.63,18.38,3.8409,,-2.0308,206.289,144.0,2009.0,41.0,invierno,septiembre,SO,2.07
2009-02-11,979.3765,969.3,983.73,4.3935,79.437,58.989999999999995,92.5,8.2159,2.9253,1.38,4.63,0.6902,5.7106,2.63,9.88,1.5916,-0.2685,-2.8414,264.6013,144.0,2009.0,42.0,invierno,julio,O,1.44
2009-02-12,986.7699,983.22,989.49,2.1569,77.4697,58.27,92.1,9.6642,7.55532,2.772,14.868,69.17,3.7508,1.5,6.63,59.175,0.3389,-1.4666,283.0129,144.0,2009.0,43.0,verano,marzo,O,1.48
2009-02-13,989.2739,988.44,994.9064584843338,,84.9241,68.02,94.8,9.0065,1.5179,0.13,2.98,0.7029,2.7109,0.38,6.13,1.2846,-0.2777,-1.3465,,144.0,2009.0,44.0,invierno,noviembre,O,-0.69
2009-02-14,994.9869,989.0,1003.735938351838,3.6486,85.7458,73.5,94.2,5.2747,1.7072,0.39,2.71539127,0.9006,2.9835,0.63,3.80900423,1.2049,0.3487,-0.77,294.3656,144.0,2009.0,45.0,invierno,febrero,NO,-0.72
2009-02-15,998.7019,993.95,1000.68,,81.17269999999999,63.93,91.8,9.1973,2.1507,0.27,5.23,1.2468,3.4513,0.63,7.63,1.8045,-1.5937,-0.9096,209.7145,144.0,2009.0,46.0,invierno,marzo,SO,2.41
2009-02-16,991.0104,987.52,993.86,,87.4924,78.4,96.0,4.396,2.1819,0.55,3.00743564,0.9802,3.813,1.38,5.12631075,1.5745,-1.0319,-1.3606,232.8224,144.0,2009.0,47.0,invierno,febrero,SO,0.17
2009-02-17,991.2978,985.32,999.06,4.5703,86.9204,66.64,98.2,11.1089,2.8333,0.03,6.27,1.6456,4.419,0.25,9.75,2.2002,2.2588,0.8128,19.7903,144.0,2009.0,48.0,invierno,febrero,N,-0.19
2009-02-18,999.4128,998.55,1000.7,0.6099,78.7383,56.88,88.9,10.1606,1.4614,0.33,3.25,0.5324,2.6056,0.75,4.75,0.8357,0.0576,-0.8816,273.739,144.0,2009.0,49.0,verano,noviembre,O,1.66
2009-02-19,997.8533,996.98,998.72,0.5572,74.3589,49.33,90.9,13.7603,1.7452,,,0.8722,2.7934,1.13,7.13,1.3969,-1.405,-0.6084,203.4127,144.0,2009.0,50.0,invierno,febrero,SO,2.53
2009-02-20,996.7133,995.74,998.82,0.9071,94.2403,85.4,97.9,2.9842,1.8403,0.67,3.61,0.7226,3.1519,1.5,6.13,0.9341,-0.895,-1.1091,231.0953,,2009.0,51.0,invierno,febrero,SO,2.06
2009-02-21,1000.6467,998.81,1001.6,0.8104,94.1701,89.2,97.1,2.2714,1.5354,0.31,2.62,0.478,2.6912,0.75,5.13,0.8238,-0.2979,-1.4314,258.2434,144.0,2009.0,52.0,invierno,febrero,O,4.23
2009-02-22,991.9282,987.55,999.68,3.536,94.6819,87.5,99.2,3.706,1.7647,0.29,2.1747985,0.6853,3.1822,0.63,4.81562525,1.2511,-1.0318,-0.9368,222.2369,144.0,2009.0,53.0,verano,febrero,SO,3.89
2009-02-23,985.6422,984.07,988.89,1.2634,87.1854,79.9,96.5,4.7004,2.8842,1.05,6.66,,5.5652,2.75,9.75,1.3048,-0.2442,-2.584,264.6022,144.0,2009.0,54.0,invierno,febrero,O,0.36
2009-02-24,995.7947,988.96,1001.17,3.9542,93.1153,88.8,96.3,1.3869,3.64284,0.0,12.204,0.7698,1.9135,0.0,5.38,1.4669,0.472,-0.1499,342.3869,144.0,2009.0,55.0,verano,abril,N,5.45
2009-02-25,999.9206,996.49,1001.71,1.702,81.9781,,98.7,13.8455,2.0062,0.0,3.15656468,1.5539,3.1381,0.0,4.27503248,2.2635,-1.6703,-0.9851,210.5319,144.0,2009.0,56.0,invierno,febrero,SO,5.96
2009-02-26,990.586,985.86,997.729414377932,2.8527,78.9006,,91.8,6.9455,10.60236,1.908,12.168929664000002,117.01,5.2672,1.5,8.88,91.91,-2.0217,-2.0218,225.0018,144.0,2009.0,57.0,verano,julio,SO,6.29
2009-02-27,987.7591,985.32,989.32,1.3345,87.8576,78.7,94.0,3.857,2.1535,0.51,3.89,0.7255,4.2082,1.5,10.078921678478178,1.4054,-0.6237,-2.011,252.7698,144.0,2009.0,58.0,invierno,febrero,O,8.1
2009-02-28,988.464,986.67,989.5,0.8298,92.6444,88.5,97.4,2.665,4.194,0.324,11.052,53.190000000000005,1.9408,0.38,4.63,40.85,,-0.6143,216.4928,144.0,2009.0,59.0,verano,mayo,SO,12.17
2009-03-01,984.8683,982.88,986.78,1.1126,86.8758,59.67,97.5,11.5544,8.04168,0.972,10.73729088,81.31,3.4278,1.0,6.88,56.24,-2.1506,0.2883,172.3635,144.0,2009.0,60.0,primavera,septiembre,S,7.87
2009-03-02,985.7242,984.01,989.49,1.668,87.7875,79.8,94.1,3.8228,7.394399999999999,2.556,7.941121379999999,0.6166,3.3632,1.63,3.728226,0.9107,-1.4392,,198.0279,144.0,2009.0,61.0,primavera,julio,S,8.79
2009-03-03,987.478,981.75,990.22,2.6279,74.6581,45.82,95.8,17.7598,1.8038,0.1,5.04,1.1053,2.8524,0.5,7.13,1.5483,-1.3053,-0.8178,212.0676,144.0,2009.0,62.0,primavera,agosto,SO,10.26
2009-03-04,970.9461,962.67,981.57,5.7696,74.9337,55.43,89.5,10.6076,9.15336,0.54,,1.837,4.0971,0.63,9.75,2.7248,-2.3734,0.188,175.4718,144.0,2009.0,,primavera,septiembre,S,6.36
2009-03-05,959.8607,958.67,962.54,0.8964,94.2944,86.0,97.8,2.8296,1.2908,0.04,3.45,0.787,2.2142,0.25,5.25,1.0716,1.1131,0.1826,9.3166,144.0,2009.0,64.0,primavera,julio,N,5.37
2009-03-06,966.1201,960.5,974.09,4.3143,97.6889,95.8,98.8,0.9211,1.9065,0.4,4.89,1.1719,2.9876,0.88,6.38,1.4344,1.395,0.1033,4.234,144.0,2009.0,65.0,primavera,marzo,N,3.35
2009-03-07,981.5191,974.18,986.67,3.9282,92.3819,84.9,97.3,3.8146,2.1013,0.89,3.56,0.5825,3.6407,1.25,6.25,1.0924,-0.5092,-1.9303,255.2218,144.0,2009.0,66.0,primavera,octubre,O,6.44
2009-03-08,980.1182,975.25,986.24,,88.5472,73.5,98.6,8.0668,3.2713,0.48,9.76,2.0186,4.9997,1.25,12.75,2.8387,-2.9175,-1.0995,200.6488,144.0,2009.0,67.0,verano,marzo,S,6.41
2009-03-09,980.0093,975.24,984.44,3.0705,74.4285,56.69,97.0,11.2405,,0.27,6.77,1.0008,4.8608,0.75,,1.8873,-1.3009,-2.1577,238.9135,144.0,2009.0,68.0,primavera,junio,SO,5.58
2009-03-10,981.9172,977.33,985.07,3.0183,80.5678,69.46,93.5,7.0047,3.6012,0.32,7.49,1.9073,5.5859,0.75,11.0,2.4751,-2.8383,-2.0031,215.2126,,2009.0,69.0,primavera,marzo,SO,6.06
2009-03-11,989.1622,978.63,995.38,5.0818,83.8916,59.660000000000004,96.6,10.3265,2.3262,1.23,3.37,0.475,4.1622,2.0,6.13,,-0.2467,-2.2436,263.7253,144.0,2009.0,70.0,primavera,marzo,O,5.91
2009-03-13,991.4599,987.5,994.31,2.2914,74.1331,51.1,91.4,12.4783,8.90316,1.0080000000000002,,0.823,4.3506,0.88,7.75,1.5804,-0.3368,-2.3271,261.7639,144.0,2009.0,72.0,primavera,octubre,O,10.36
2009-03-14,,988.47,994.22,1.9368,78.9625,57.48,97.0,13.9071,2.0497,0.18,5.78,1.3149,3.1649,0.63,7.63,1.7863,-1.8129,-0.4786,194.7897,144.0,2009.0,73.0,primavera,marzo,S,7.56
2009-03-15,994.909,989.35,1003.9060774646956,3.4922,87.7937,80.4,93.5,3.4041,2.1475,0.27,4.03,0.5528,4.0512,0.63,7.5,1.0709,-0.4622,-2.0583,,144.0,2009.0,74.0,primavera,marzo,O,8.26
2009-03-16,1004.1262,1001.3,1005.45,1.162,84.9424,71.8,95.6,7.6103,5.282640000000001,,,0.5406,2.4192,0.75,3.88,0.7635,-0.2898,-1.1968,256.3882,144.0,2009.0,75.0,primavera,octubre,O,10.74
2009-03-17,1003.5888,1002.29,1005.25,0.6917,71.8037,52.09,85.8,11.4856,2.0687,0.3,3.83,0.7326,3.8514,0.63,7.75,1.5902,-0.2822,-1.9248,261.6596,144.0,2009.0,76.0,primavera,marzo,O,9.31
2009-03-18,1002.7473,998.71,1005.49,2.3902,63.986,39.86,,14.3719,,0.99,4.16,0.6611,4.3612,1.63,7.13,1.067,-0.4503,-2.3854,259.3108,144.0,2009.0,77.0,verano,marzo,O,4.91
2009-03-19,998.2676,995.9,1002.15,1.7116,70.2421,49.9,94.4,10.2189,2.7769,0.43,8.8,1.4432,4.5787,1.0,12.75,2.2235,1.6429,-0.1547,354.6191,144.0,2009.0,78.0,primavera,marzo,N,2.58
2009-03-21,1000.6249,996.56,1004.03,2.4457,58.055599999999,34.37,90.11985492159702,18.5243,1.3211,0.07,2.09402027,0.7855,2.3456,0.25,3.96434698,1.4293,-0.6824,-0.5823,220.4721,144.0,2009.0,80.0,primavera,marzo,SO,8.51
2009-03-22,993.3515,991.02,996.44,1.2021,,50.55,79.7,7.1901,2.509,0.35,4.81,1.1984,5.025,0.75,11.25,2.3637,-0.5943,-2.0699,253.9809,144.0,2009.0,81.0,primavera,septiembre,O,8.04
2009-03-23,979.8688,,990.94,6.9318,74.6413,59.61,91.1,8.5502,3.9168,1.72,4.93989945,1.1799,7.7411,3.88,9.55668598,2.3349,-1.5802,-3.4613,245.4612,144.0,2009.0,82.0,primavera,mayo,SO,6.45
2009-03-24,975.8044,970.83,982.73,3.9892,76.2591,48.36,93.3,9.4258,10.38312,3.06,26.928,101.43,5.5656,1.75,13.13,106.185,-0.0346,-2.4987,269.2076,144.0,2009.0,83.0,primavera,octubre,O,2.45
2009-03-25,976.1547,970.82,982.52,4.4466,83.0331,63.84,96.8,9.2778,9.64836,1.584,16.598062152,1.5224,3.9914,0.88,6.915859230000001,2.2045,-2.235,-0.5869,194.7128,144.0,2009.0,84.0,primavera,marzo,S,7.62
2009-03-26,977.152,973.14,980.24,2.0617,81.0869,60.17,99.1475428067219,11.4739,14.03964,1.98,18.253394496,1.8925,5.9714,0.88,7.30110925,2.5704,-2.8757,,217.8908,144.0,2009.0,85.0,primavera,octubre,SO,8.51
2009-03-28,972.9165,969.69,977.02,2.0005,77.2399,62.78,87.9,6.5013,3.7899,0.32,9.36,2.1155,5.7951,0.88,13.63,,-3.3033,-1.2771,201.137,144.0,2009.0,87.0,otoño,marzo,S,8.85
2009-03-29,981.1278,977.03,987.04,2.8423,69.139,49.87,83.0,10.7472,2.008,,4.46,1.1412,3.2275,0.5,7.0,1.3501,-0.531,-1.0106,242.2807,144.0,2009.0,88.0,primavera,noviembre,SO,8.27
2009-03-30,992.8499,987.15,997.17,2.9925,77.3629,57.77,89.6,9.3161,1.2547,0.02,3.81,0.9989,2.2049,0.25,5.88,1.475,0.7717,0.4761,31.6731,144.0,2009.0,89.0,otoño,marzo,NE,11.76
2009-03-31,996.6424,994.59,998.62,1.41,72.89,43.15,97.5,20.8353,1.4706,0.1,4.15,1.2154,2.5649,0.38,6.88,1.9633,0.5333,0.7459,54.4351,144.0,2009.0,90.0,otoño,marzo,NE,13.38
2009-04-01,993.8551,992.71,994.64,0.4819,61.85849999999999,36.76,93.6,19.458,10.22688,0.396,23.328000000000003,203.84000000000003,4.7131,0.38,11.38,162.86499999999998,1.7615,1.9371,47.7183,144.0,2009.0,91.0,primavera,noviembre,NE,16.28
2009-04-02,993.4159,991.72,994.64,1.1351,59.4576,46.23,75.6,9.0151,3.7023,0.84,6.31,1.2481,5.6815,1.5,9.88,1.9878,2.8667,1.3277,,144.0,2009.0,92.0,primavera,diciembre,NE,22.37
2009-04-03,990.4504,988.25,991.95,1.2454,61.7311,31.72,93.7,20.8908,,0.01,2.5041251300000003,1.0089,2.4016,0.13,4.0389115,1.5046,-1.246,0.0341,178.4311,144.0,2009.0,93.0,primavera,enero,S,19.58
2009-04-04,991.279,990.37,993.8,0.9931,69.9707,51.79,94.2,14.4179,1.2469,0.13,2.19965334,0.7741,2.4071,0.5,4.0389115,1.4752,,-0.5709,242.1577,144.0,2009.0,94.0,primavera,abril,SO,14.39
2009-04-05,995.4567,993.9,997.11,0.7757,77.9346,63.31,92.2,8.5367,5.41656,0.396,10.558336032,94.94,2.5465,0.38,3.728226,62.665000000000006,0.9453,0.7096,36.8948,144.0,2009.0,95.0,primavera,enero,NE,18.88
2009-04-06,990.0981,985.82,994.91,3.3268,75.2866,53.08,93.5,14.4224,1.0392,0.04,3.41,0.818,1.9045,0.25,7.744997248411672,1.3224,0.0689,0.3991,80.2078,144.0,2009.0,96.0,primavera,abril,E,22.1
2009-04-08,986.8988,985.25,988.85,0.944,68.2899,48.64,91.6,14.2384,2.3315,0.28,7.31,1.6071,3.63,0.75,10.38,2.4871,-1.7213,-1.285,,144.0,2009.0,98.0,otoño,abril,SO,16.97
2009-04-09,989.7985,988.77,991.32,0.8131,68.0445,54.04,86.2,9.306,1.497,0.03,3.51,0.8495,2.4319,0.25,5.38,1.1638,-0.0077,0.1777,92.4666,144.0,2009.0,99.0,primavera,abril,E,23.16
2009-04-10,984.9312,981.38,988.79,2.5773,66.899,33.16,97.0,22.794,1.4774,0.13,2.57247594,1.0576,2.7949,0.5,4.6602825,1.9819,-0.2198,0.7829,105.6796,144.0,2009.0,100.0,primavera,agosto,E,22.01
2009-04-11,982.5188,981.82,983.7,0.5194,65.584,39.63,94.0,14.8967,2.0612,0.0,5.32,1.4782,3.2619,0.0,8.13,2.1625,1.5561,0.9434,31.2261,144.0,2009.0,101.0,primavera,abril,NE,20.05
2009-04-12,983.8507,982.99,984.57,,61.6245,38.67,93.8,16.8423,7.56288,0.108,20.016,1.5239,3.2803,0.25,11.471043502039386,2.1731,1.7317,0.8097,25.0601,144.0,2009.0,102.0,primavera,noviembre,NE,19.77
2009-04-13,982.3281,980.64,,1.1272,66.4616,44.35,93.8,16.218,5.833080000000001,0.072,20.16,1.5538,2.5676,0.25,7.38,2.1107,1.0379,0.6905,33.6354,144.0,2009.0,103.0,primavera,enero,NE,20.56
2009-04-14,982.4517,981.77,983.84,0.5637,66.2371,40.89,93.6,17.513,5.454359999999999,0.0,23.568188614075492,1.457,2.5178,0.13,4.74106073,2.1433,0.8628,0.6292,36.1019,144.0,2009.0,104.0,primavera,febrero,NE,22.09
2009-04-15,983.9859,982.88,985.06,0.64,56.6661,30.509999999999998,93.9,23.5907,1.7886,0.03,4.7,1.3757,3.1769,0.38,8.13,2.3162,-0.0465,0.8818,93.0183,144.0,2009.0,105.0,primavera,abril,E,22.42
2009-04-16,980.5444,976.4,984.08,2.7717,52.6632,32.49,79.1,13.389,1.9794,0.0,5.03,1.5168,3.4624,0.0,8.75,2.3883,0.2066,1.0841,79.2115,144.0,2009.0,106.0,primavera,julio,E,12.42
2009-04-17,977.2138,975.49,979.29,0.8753,90.8908,60.07,96.2,9.7865,5.66028,1.404,19.476000000000003,70.63000000000001,2.8431,1.13,8.38,52.04,-0.0253,-0.5385,267.3115,144.0,2009.0,107.0,otoño,abril,O,9.79
2009-04-18,985.4798,979.43,992.19,3.9119,90.8562,82.5,95.8,4.0069,2.1873,0.54,3.25598404,1.2235,3.6415,,0.70214923,1.4717,1.561,0.3771,13.5814,144.0,2009.0,108.0,primavera,abril,N,14.65
2009-04-19,995.3985,992.24,997.31,1.518,78.4681,59.0,93.9,11.6651,9.94608,1.584,20.844,1.226,4.131,1.5,8.0,1.6942,2.3982,1.1673,25.954,144.0,2009.0,109.0,primavera,febrero,NE,16.42
2009-04-20,996.7824,995.5,997.9,0.7794,62.841800000000006,41.11,95.3,18.1297,8.5068,0.0,23.040000000000003,1.9767,3.8031,0.13,9.5,2.892,1.9617,0.9206,25.1393,144.0,2009.0,110.0,primavera,noviembre,NE,17.09
2009-04-21,995.936,994.49,997.46,0.9445,54.7089,32.12,86.8,17.3025,1.5304,0.01,4.24,1.287,2.7203,0.25,7.25,2.1208,0.885,0.783,41.5003,144.0,2009.0,111.0,primavera,abril,NE,15.7
2009-04-22,993.053,991.39,995.12,0.8993,70.1435,40.12,90.9,15.896,1.7317,0.11,7.51,1.4644,3.1485,0.63,11.13,2.2951,0.5017,-0.328,326.8273,144.0,2009.0,112.0,otoño,diciembre,NO,8.54
2009-04-23,995.1531,992.68,,1.6684,86.316,73.5,96.5,7.3977,5.52672,0.144,14.976,1.0033,2.7524,0.5,6.5,1.5042,0.8035,-0.0278,358.0213,144.0,2009.0,113.0,primavera,marzo,N,17.67
2009-04-24,995.0159,990.73,998.08,2.8313,72.1037,41.44,99.5,24.7806,2.137,0.13,5.26,1.4568,3.7536,0.38,8.38,2.4556,0.4542,1.1832,69.0009,144.0,2009.0,114.0,primavera,enero,E,21.57
2009-04-25,988.4359,987.02,990.74,0.9755,49.3054,29.93,79.4,14.8796,7.318799999999999,0.0,13.376874888,161.68,3.4203,0.0,5.983802730000001,125.46,-1.8172,-0.1156,183.641,144.0,2009.0,115.0,primavera,septiembre,S,20.75
2009-04-26,982.8031,978.01,,3.0482,60.5503,34.14,90.2,17.5711,1.9058,0.03,3.67230261,1.6743,3.0636,0.25,5.517774480000001,2.4743,-1.7648,0.4429,165.9135,144.0,2009.0,116.0,primavera,abril,S,21.37
2009-04-27,977.4757,975.09,979.09,,,78.2386032786383,41.86,9.2411,1.8936,0.17,2.94529854,0.9475,3.2421,0.63,4.349597,1.3792,-1.3234,-0.3612,195.2647,144.0,2009.0,117.0,primavera,abril,S,22.02
2009-04-28,975.5248,973.37,980.56,2.4921,75.9387,40.27,95.4,16.0787,6.97536,0.0,12.929487768,1.5055,3.3893,,5.207088980000001,2.3877,-1.1126,-0.7013,212.2247,144.0,2009.0,,primavera,agosto,SO,11.48
2009-04-29,981.7624,979.99,986.06,1.9056,92.1403,84.2,96.1,3.4847,1.2412,0.04,3.04,0.604,2.2506,0.25,4.88,0.9393,-0.4144,-0.8317,243.514,144.0,2009.0,119.0,primavera,junio,SO,17.13
2009-04-30,989.3405,985.88,992.85,1.7149,82.8803,63.86,96.8,10.9219,3.71232,0.5040000000000001,12.6,0.579,2.0215,0.5,5.0,0.9856,-0.1022,-0.3245,252.5241,144.0,2009.0,120.0,primavera,noviembre,O,17.42
2009-05-01,994.081,992.51,996.09,0.8953,81.5568,64.61,97.8,11.1557,1.5678,0.07,9.008851640463778,1.0969,2.7726,0.38,6.25,1.647,0.5827,0.1743,16.6549,144.0,2009.0,121.0,primavera,mayo,N,18.59
2009-05-02,998.1189,995.99,999.41,0.9205,77.5,51.09,99.6,18.902,1.8444,0.03,5.29,1.6412,3.0808,0.25,9.0,2.4761,,0.4668,23.7431,144.0,,122.0,primavera,octubre,NE,20.89
2009-05-03,995.3769,990.86,999.09,2.77,71.1356,33.93,99.2,24.8653,1.596,0.04,3.99,0.9197,2.8497,,6.5,,-0.7944,-0.4243,,144.0,2009.0,123.0,primavera,mayo,SO,11.78
2009-05-04,996.0249,994.62,997.12,0.7516,70.6056,45.23,86.3,13.0525,1.7151,0.21,5.483040184985298,0.7059,3.1828,,7.25,1.1748,-0.1934,-1.505,262.6789,144.0,2009.0,124.0,primavera,octubre,O,11.11
2009-05-05,993.1611,990.11,996.59,1.8296,78.5874,52.51,95.3,14.2186,2.7849,0.46,7.6,1.7817,4.5535,0.75,10.88,2.6758,-2.3176,-1.3209,209.6797,144.0,2009.0,125.0,primavera,mayo,SO,12.63
2009-05-06,988.164,986.06,991.12,1.5179,82.3558,66.6,97.1,9.3035,2.4872,0.19,6.24,1.2472,4.8307,0.63,12.0,2.5293,-1.3488,-1.8933,234.5331,144.0,2009.0,126.0,primavera,octubre,SO,19.23
2009-05-07,990.3022,989.19,991.65,0.8013,67.8589,45.25,91.2,15.882,2.5219,0.0,4.03269779,1.7877,3.9965,0.0,5.828459980000001,2.6285,-1.761,-1.4826,220.0947,144.0,2009.0,127.0,otoño,marzo,SO,20.39
2009-05-08,987.6631,985.03,992.3,1.5004,77.2547,50.9,96.6,13.8859,2.2894,0.15,6.14,1.4127,3.7073,0.63,9.13,2.0672,-1.6049,-1.2057,216.9172,144.0,2009.0,128.0,primavera,mayo,SO,19.61
2009-05-09,992.3231,986.64,996.04,3.04,66.0084,45.11,88.6,11.2602,1.6325,0.01,7.74,1.0699,2.864,0.13,12.63,1.6067,-0.3085,0.0948,162.9141,144.0,2009.0,129.0,primavera,mayo,S,17.51
2009-05-10,992.0451,987.62,994.23,2.065,70.8515,43.58,98.20942621930459,18.2033,1.7533,0.05,2.36742351,0.8576,3.0207,0.5,3.80900423,1.212,0.4027,-0.1608,,144.0,2009.0,130.0,primavera,mayo,N,12.7
2009-05-11,991.4647,990.21,993.81,1.1085,90.8042,77.5,96.6,4.2921,2.3229,0.05,7.47,1.8915,3.5178,0.5,11.38,2.6028,1.9453,0.7523,21.1433,144.0,2009.0,131.0,primavera,diciembre,N,14.57
2009-05-12,995.3925,993.75,996.63,0.8046,63.7711,43.41,95.4,18.346,3.0169,0.31,5.46,1.0653,5.0624,0.88,9.13,1.6361,2.0342,1.7838,41.2477,144.0,2009.0,132.0,primavera,mayo,NE,15.97
2009-05-13,992.384,989.59,995.05,1.8406,59.67,44.88,75.7,10.2773,2.5242,0.84,4.35,0.7486,4.1223,1.5,7.75,1.3335,1.327,1.3113,44.6575,144.0,,133.0,primavera,julio,NE,17.84
2009-05-14,985.7269,,989.63,1.8369,59.1172,38.2,82.56776819280367,12.939,2.1539,0.04,3.2249154900000003,1.2907,3.7725,0.25,5.43699625,2.2962,-0.0783,1.3632,93.288,144.0,2009.0,134.0,primavera,mayo,E,19.71
2009-05-15,981.9428,980.41,983.64,0.9579,70.8962,59.64,88.8,6.3301,6.8616,0.0,9.775408572,93.92,3.2213,0.0,4.19425425,66.375,-0.5603,0.8112,124.633,144.0,2009.0,135.0,primavera,enero,SE,16.62
2009-05-16,987.3573,981.55,991.29,2.5948,68.6276,43.8,94.9,17.6869,2.1432,0.03728226,8.204952857735321,1.3707,3.7008,0.5,5.207088980000001,2.1994,-1.1283,-1.5603,234.1294,144.0,2009.0,136.0,primavera,octubre,SO,25.92
2009-05-17,988.3742,985.07,991.25,2.0652,67.2622,34.78,94.8,21.9242,9.9648,0.9,31.248,1.8648,4.441,0.75,14.63,2.9219,-2.3174,-0.4382,190.7069,144.0,2009.0,137.0,primavera,enero,S,19.7
2009-05-18,992.0053,988.85,,1.4446,72.5078,48.07,95.2,,5.85684,0.684,10.245165048,0.8748,2.8731,0.63,7.0,1.417,-0.5476,-1.1753,245.0163,144.0,2009.0,138.0,primavera,junio,SO,20.95
2009-05-19,994.9317,993.65,996.15,0.7401,63.9076,39.38,94.7,19.8877,1.2435,0.09,3.34,0.6708,2.2551,0.5,6.13,1.1283,0.0682,0.0107,8.9111,144.0,2009.0,139.0,primavera,mayo,N,22.87
2009-05-20,993.5894,991.11,995.46,,68.171,48.8,90.6,14.1982,1.6058,0.22,2.4233469,0.939,2.901,0.46602825,9.24548770504386,1.477,0.588,0.4501,37.4298,144.0,2009.0,140.0,primavera,mayo,NE,24.2
2009-05-21,986.7688,983.88,991.52,2.3486,80.1058,46.9,,14.7784,1.632,0.02,6.08,1.1341,2.763,0.38,,1.6516,-0.4659,-0.5747,,144.0,2009.0,141.0,primavera,mayo,SO,17.71
2009-05-22,987.941,985.84,992.34,1.8583,79.65190000000001,52.71,96.2,13.1633,5.70312,0.072,7.1861289283582925,1.0216,2.6616,0.25,4.58571798,1.4307,0.3326,-0.5161,302.8008,144.0,2009.0,142.0,primavera,diciembre,NO,18.66
2009-05-23,993.6901,992.22,995.13,0.8227,64.777,45.5,94.3,15.8206,1.3821,0.05,1.96974607,0.757,2.6112,0.38,4.19425425,1.3543,0.2901,-0.547,297.9402,144.0,2009.0,143.0,primavera,mayo,NO,25.18
2009-05-24,991.3069,,993.04,0.7917,63.4108,46.06,85.8,13.3516,1.4736,0.09,,0.7351,,0.38,5.75,1.2227,-0.0316,-0.4316,265.8173,144.0,2009.0,144.0,primavera,mayo,O,24.08
2009-05-25,991.7242,987.61,993.79,1.9075,65.8176,46.7,92.0,14.8863,5.03748,0.036,,1.1732,2.4771,0.13,4.27503248,1.7828,0.6426,0.7544,49.5748,144.0,2009.0,145.0,primavera,octubre,NE,27.25
2009-05-26,984.8894,982.33,988.18,1.4464,65.0531,40.81,92.23634773022256,13.1517,8.38764,0.7200000000000001,25.344,1.2805,,0.5,11.5,1.9627,-1.79,-1.0116,209.4729,,2009.0,146.0,primavera,marzo,SO,16.67
2009-05-27,995.7213,988.34,998.07,2.7485,60.9039,40.88,85.5,14.2807,9.42336,2.772,15.048,0.7049,,1.13,8.0,1.5126,-0.9426,-2.2871,247.601,144.0,2009.0,147.0,primavera,agosto,O,16.41
2009-05-28,997.1099,995.62,1001.38,1.5699,67.2681,51.24,88.7,9.349,2.2785,0.19,5.28,0.928,4.1845,0.75,8.38,1.7876,-0.86,-1.9435,246.1311,,2009.0,148.0,otoño,junio,SO,16.36
2009-05-29,1001.2043,999.98,1001.89,0.5382,60.0026,43.01,81.0,10.9035,3.7011,0.62,8.02,1.6239,6.0908,1.38,11.13,2.5048,2.2548,-0.1582,355.9874,144.0,2009.0,149.0,otoño,mayo,N,14.0
2009-05-30,998.3364,995.38,,2.0249,83.5312,70.2,95.5,7.7888,2.3653,0.26,6.29,1.5442,3.9197,0.75,8.63,2.1451,1.885,0.3686,11.0654,144.0,2009.0,150.0,primavera,enero,N,18.64
2009-05-31,996.1647,994.15,997.96,1.1088,81.0052,61.03,,11.4132,2.2385,0.38,3.6039518,1.1985,3.6647,0.70214923,9.034366247752535,,1.6429,1.0246,31.9507,144.0,2009.0,151.0,primavera,marzo,NE,20.21
2009-06-01,992.7056,990.83,994.13,1.2177,75.8756,47.63,93.4,15.2944,7.85556,0.468,,1.4474,3.7394,0.75,8.63,2.2653,1.4428,0.736,27.0262,144.0,2009.0,152.0,invierno,septiembre,NE,23.2
2009-06-02,988.4847,986.08,991.06,1.6575,63.8124,38.7,97.5,19.5476,1.8653,0.0,2.59733078,1.0622,3.6069,0.0,9.728808140675811,1.8038,0.1919,-1.186,279.1896,144.0,2009.0,153.0,otoño,junio,O,13.73
2009-06-04,985.6914,983.87,986.83,0.9017,59.8433,44.68,71.9,8.1115,2.3961,0.36,5.1,0.978,4.3664,1.0,8.13,1.7858,-0.6295,-2.2566,254.4139,144.0,2009.0,155.0,verano,junio,O,12.41
2009-06-05,983.3835,982.35,983.9,0.3836,65.8049,50.54,87.8,11.5068,1.5731,0.07,4.19,0.7461,2.9433,0.38,7.0,1.394,0.1608,-1.1398,278.0298,144.0,2009.0,156.0,otoño,abril,O,11.1
2009-06-06,975.9475,971.84,982.33,3.3128,84.0818,56.87,96.1,10.9977,7.34688,0.468,19.98,1.2675,3.36,0.63,8.25,1.9382,1.4473,,28.0987,144.0,2009.0,157.0,invierno,marzo,NE,18.29
2009-06-07,976.6749,972.31,980.75,2.271,77.5866,51.34,96.5,14.5778,7.386480000000001,,17.064,112.76,3.5865,1.0,9.38,97.585,-1.3137,-1.1611,221.4718,144.0,2009.0,158.0,invierno,diciembre,SO,18.97
2009-06-08,982.8038,980.87,983.83,0.7783,64.56,40.72,93.4,18.0437,3.359,0.0,8.5,2.2697,5.1363,0.0,12.38,3.4324,-2.4707,-1.7444,215.2235,144.0,2009.0,159.0,verano,junio,SO,19.29
2009-06-09,983.8462,981.88,986.31,1.3432,75.0869,50.1,89.9,12.2049,1.8843,0.09,3.51695986,1.4996,3.0523,0.38,4.89640348,2.0185,-1.4151,-0.9451,213.7361,144.0,2009.0,160.0,verano,junio,SO,18.96
2009-06-10,987.4923,985.29,989.57,1.02,77.0448,54.35,94.4,12.0199,3.0029,0.0,8.4,2.2855,4.567,0.0,11.88,3.2375,-2.4191,-1.4437,210.8278,144.0,2009.0,161.0,invierno,agosto,SO,17.34
2009-06-11,984.2858,979.69,989.86,3.4493,78.5666,60.55,91.1,8.4038,3.3772,0.4,4.43658894,1.8183,5.851,,8.935314980000001,3.1348,-2.1029,-2.08,224.6867,144.0,2009.0,162.0,verano,julio,SO,15.87
2009-06-12,991.229,989.95,993.0,0.8948,71.5215,46.47,88.8,12.3494,8.8974,1.944,20.124,1.1241,4.704,1.25,11.38,2.343,-0.6346,-2.2434,254.2046,144.0,2009.0,163.0,invierno,noviembre,O,20.41
2009-06-13,993.6042,992.8,994.35,0.4078,55.8449,30.51,88.2,18.8033,6.93864,,9.574084368,1.1477,3.6551,0.25,5.207088980000001,2.0555,-0.2299,-1.5106,261.3481,144.0,,164.0,invierno,diciembre,O,23.83
2009-06-14,992.0323,989.38,994.62,2.0036,60.1209,37.36,84.4,14.5664,1.5055,0.04,3.3056937200000003,0.9258,2.7099,,6.88,1.585,-0.3908,-0.3494,221.7977,144.0,2009.0,165.0,verano,junio,SO,21.84
2009-06-15,,985.18,990.83,1.7804,84.1017,62.69,95.9,11.0616,1.8964,0.09,5.75,1.4143,3.2152,0.38,7.75,1.9619,,0.163,10.8026,,2009.0,166.0,verano,junio,N,17.37
2009-06-16,993.1033,985.88,997.82,2.9955,83.0305,58.02,96.6,11.9301,1.7872,0.34,4.61,0.8408,3.1642,0.75,8.38,1.417,-0.509,-1.457,250.7441,144.0,2009.0,167.0,verano,junio,O,20.92
2009-06-17,,991.66,999.59,2.6202,74.5772,49.05,99.4,19.2555,4.691879999999999,0.0,7.762166532000001,0.8327,2.3152,0.0,3.57288325,1.2455,-0.1694,0.511,,144.0,,168.0,invierno,julio,E,22.23
2009-06-18,989.8685,988.08,991.57,0.823,73.1288,53.24,98.26428658579266,13.034,1.8363,0.29,5.38,0.9853,2.9685,0.88,7.25,1.4707,-1.1176,-1.125,225.1901,144.0,2009.0,169.0,otoño,junio,SO,19.35
2009-06-19,989.53,987.52,993.31,1.5822,,42.39,94.6,14.7707,1.571,0.15,4.66,0.9092,2.9385,0.5,7.88,1.5276,-0.2132,-1.1848,259.7975,144.0,2009.0,170.0,invierno,julio,O,17.99
2009-06-20,993.2513,992.15,994.02,0.5118,62.7103,44.09,77.2,9.2177,7.430759999999999,1.62,9.328021452000002,0.8079,3.4855,1.0,,1.2431,-0.7664,-1.5377,,144.0,2009.0,171.0,verano,agosto,SO,15.98
2009-06-21,993.1019,991.93,994.02,0.661,76.3826,54.33,95.54249309191164,12.2935,4.38732,0.468,14.364,0.7286,2.2513,0.5,6.0,1.264,0.2554,-0.16,327.9365,144.0,2009.0,172.0,invierno,agosto,NO,17.32
2009-06-22,995.3275,993.04,996.85,1.3011,86.2543,60.03,95.37278447825078,7.5826,5.68764,0.8280000000000001,14.94,1.0345,2.9216,0.75,6.88,1.4798,0.8294,0.1752,11.9277,144.0,2009.0,173.0,invierno,noviembre,N,18.2
2009-06-23,995.442,993.44,1001.645188361989,1.0402,69.6044,48.16,91.3,12.9433,2.7833,0.42,5.48,1.2158,4.908,1.0,9.13,1.6342,2.553,0.3914,8.7166,144.0,2009.0,174.0,verano,junio,N,21.12
2009-06-24,,988.5,994.2,1.7584,69.8423,61.63,79.9,4.766,10.86912,3.204,22.392,1.0095,5.0295,2.25,9.0,1.3004,2.8702,0.7598,14.8273,144.0,2009.0,175.0,invierno,junio,N,16.76
2009-06-25,986.9349,985.68,991.7086272509556,0.8907,89.1722,79.4,96.9,4.5196,2.0215,0.58,4.24,0.8242,3.3699,1.25,6.63,1.1682,1.7907,0.6844,20.9178,144.0,2009.0,176.0,verano,junio,N,21.57
2009-06-26,985.9106,984.6,986.76,0.527,88.2937,68.5,99.0,10.2035,1.8125,0.09,4.74,1.1541,3.0101,0.63,7.25,1.5647,1.4206,0.9096,32.63,144.0,2009.0,177.0,invierno,junio,NE,18.12
2009-06-27,987.9953,986.19,989.81,1.0589,93.8208,83.6,98.7,3.6103,3.5547,1.21,,0.8851,5.0501,2.38,5.051746230000001,1.0704,3.1425,1.5498,26.2506,144.0,,178.0,verano,junio,NE,19.93
2009-06-28,989.709,989.08,995.017593049672,,82.209,66.78,98.0,11.6817,,0.0,3.95,1.0245,2.9588,0.0,5.63,1.4267,1.5179,0.8841,30.2189,144.0,2009.0,179.0,invierno,junio,NE,24.21
2009-06-29,991.5393,990.71,992.67,0.4964,74.1511,49.81,99.4,19.3118,4.460039999999999,0.0,13.068,85.11999999999999,2.2352,0.0,6.0,69.145,0.3604,0.4174,49.1953,144.0,2009.0,180.0,invierno,julio,NE,25.78
2009-06-30,992.9588,991.82,993.74,0.4826,70.4248,51.74,96.2,15.0543,1.2601,0.01,1.44788219865375,0.8399,2.2924,0.13,3.49831873,1.4043,0.5083,0.3387,33.6788,144.0,2009.0,181.0,invierno,junio,NE,25.74
2009-07-01,993.591,992.55,994.39,,81.0729,56.19,95.0,11.3321,1.1689,0.0,6.64,0.9921,2.0607,0.0,10.0,1.5864,0.0946,0.2462,68.9891,144.0,2009.0,182.0,invierno,julio,E,26.55
2009-07-02,991.4222,988.83,993.52,1.6584,79.5217,52.31,98.4,14.5845,1.7483,0.0,4.29367361,1.3904,2.9339,0.13,11.88,2.1334,1.1398,0.7672,33.9446,144.0,2009.0,183.0,invierno,julio,NE,27.66
2009-07-03,986.8378,984.2,989.39,1.8123,73.5862,46.39,99.3,19.0179,1.4181,0.0,2.37363722,0.8373,2.5678,0.0,6.25,1.4249,0.9905,0.7007,35.2765,144.0,2009.0,184.0,invierno,julio,NE,25.67
2009-07-04,984.8493,983.33,985.93,0.7799,72.7132,54.91,91.5,11.8286,1.2665,0.02,4.36,0.7155,2.5882,0.38,9.00388241369004,1.3185,-0.0006,-0.6568,269.9433,144.0,2009.0,185.0,invierno,julio,O,26.39
2009-07-05,983.9049,,985.46,1.3386,60.6651,34.71,89.0,19.7739,1.3133,0.03,2.37363722,0.8051,2.5452,0.38,4.27503248,1.5696,0.2028,-0.5125,291.5918,144.0,2009.0,186.0,verano,julio,O,23.02
2009-07-06,981.9117,980.79,982.83,0.554,76.2276,55.02,95.3,9.9464,4.69008,0.0,21.564,0.8996,2.4228,0.0,8.88,1.5447,-0.4908,-0.8036,238.5875,144.0,2009.0,187.0,invierno,agosto,SO,22.05
2009-07-07,980.6718,979.43,981.99,0.7779,81.8663,51.93,99.3,15.2382,2.3172,0.0,6.78,1.4355,3.6587,0.0,12.88,2.253,-1.7484,-1.087,211.8683,144.0,,188.0,verano,julio,SO,18.74
2009-07-09,985.6351,984.33,986.56,0.6253,66.8358,46.17,89.1,14.6052,2.1958,0.22,,,4.0126,0.63,10.13,2.1928,-0.8889,-1.8714,244.5936,144.0,2009.0,190.0,verano,julio,SO,16.36
2009-07-10,985.8171,984.78,987.87,0.6247,77.0982,52.66,91.3,12.3948,2.951,0.15,7.61,1.9867,5.0928,0.5,12.13,3.0891,-2.0632,-1.749,220.2873,144.0,2009.0,191.0,verano,julio,SO,16.72
2009-07-11,988.664,987.79,989.48,0.3864,81.7134,56.879999999999995,97.5,10.5817,1.7071,0.19,4.74,1.0953,,0.63,8.0,1.6902,-1.1501,-0.9374,219.1824,144.0,2009.0,192.0,verano,julio,SO,20.77
2009-07-12,986.422,984.23,988.75,1.5143,78.4982,57.76,98.4,15.7225,9.10476,1.944,17.676000000000002,108.27,3.754,1.0,7.25,76.045,-2.2795,-0.6963,196.985,144.0,2009.0,193.0,invierno,febrero,S,25.29
2009-07-13,986.2426,984.75,987.26,0.6042,66.822,46.99,86.6,13.1848,1.7381,0.11,5.68,,2.9096,0.5,8.13,1.6839,-0.5748,-0.5136,221.7821,144.0,2009.0,194.0,verano,julio,SO,24.27
2009-07-14,986.6398,985.0,988.31,0.9004,79.8058,62.48,96.7,10.3221,2.2881,0.08,5.69,1.607,3.517,0.5,8.5,2.2328,-1.808,-0.9385,207.4322,144.0,2009.0,195.0,verano,julio,SO,24.25
2009-07-15,,988.39,994.39,1.4232,75.1524,58.1,94.3,9.9505,3.1442,0.27,4.2253228,1.6512,4.6186,1.0,5.673117230000001,2.2473,-2.6845,-1.4134,207.7668,144.0,2009.0,196.0,invierno,julio,SO,26.67
2009-07-16,994.469,991.2,996.16,1.3905,63.369,37.88,96.1,21.9578,1.1339,0.0,1.864113,0.7178,2.0823,0.0,6.75,1.2186,0.1719,-0.2131,308.8909,144.0,2009.0,197.0,verano,noviembre,NO,26.73
2009-07-17,984.7676,980.34,991.15,2.9885,70.312,53.07,90.4,11.0752,8.140320000000001,0.144,16.061197608,171.63,3.5506,0.38,6.449830980000001,121.445,-1.6487,-1.1615,215.1656,144.0,2009.0,198.0,invierno,julio,SO,18.47
2009-07-18,983.1376,980.61,986.67,1.653,78.8252,61.33,93.4,10.845,2.2411,0.32,4.25,0.8668,4.0499,,7.0,1.3618,-1.2016,-1.7096,234.8992,144.0,2009.0,199.0,verano,mayo,SO,19.13
2009-07-19,988.0049,986.62,990.83,1.2189,77.0994,59.13,93.6,9.9738,3.1074,0.0,4.72863331,1.9797,4.7376,0.0,6.449830980000001,2.7612,-2.3873,-1.6265,214.2674,144.0,2009.0,200.0,invierno,julio,SO,19.75
2009-07-20,990.3385,989.58,991.57,0.48,73.4808,51.91,93.6,12.7687,2.9041,0.03,4.48008491,1.8644,4.6262,0.25,6.835081,2.8037,-2.0563,-1.7023,219.6195,144.0,2009.0,201.0,verano,julio,SO,26.79
2009-07-22,983.154,981.24,985.91,0.9556,68.3115,46.59,94.8,15.1783,2.7065,0.2,4.29367361,1.611,4.3077,0.88,6.5243955,2.3217,-1.8512,-1.0088,208.5883,144.0,2009.0,203.0,verano,julio,SO,25.44
2009-07-23,979.9867,977.69,984.53,1.557,73.0367,57.24,,7.7844,2.7906,0.03,8.2,1.3007,4.4043,0.25,12.88,1.9449,-2.3812,-0.9139,200.9977,,2009.0,204.0,verano,julio,S,22.04
2009-07-24,986.7872,983.99,989.27,1.2417,78.8085,49.62,96.6,12.3469,,45.18495588470432,1.140837156,1.8442,4.8167,1.0,7.53723023,2.7005,-2.0012,-1.8568,222.8568,144.0,2009.0,205.0,invierno,julio,SO,17.98
2009-07-25,992.4982,988.99,996.11,2.0688,77.4092,57.85,92.2,10.7377,2.3113,0.14,4.95,1.1122,4.0652,0.88,10.25,2.032,-0.9196,-1.9513,244.7651,144.0,2009.0,206.0,verano,julio,SO,22.4
2009-07-26,995.0971,992.69,996.88,1.4931,,38.25,93.7,18.8522,1.5674,0.05,3.75,0.9091,2.6844,0.38,6.75,1.3628,-0.6093,-1.1601,242.2895,144.0,2009.0,207.0,verano,julio,SO,27.88
2009-07-27,987.869,984.21,992.8,2.8203,56.8505,33.53,87.6,19.5357,9.61632,1.8,14.070324924,147.99,4.2231,1.0,6.05836725,112.895,-2.2495,-0.5889,194.6699,144.0,2009.0,208.0,invierno,octubre,S,23.65
2009-07-28,992.7508,987.53,995.18,2.1048,59.5494,36.34,85.6,15.4461,,0.0,3.56,0.7847,2.8126,0.0,7.38,1.5304,-0.0264,-1.0411,268.5497,144.0,2009.0,209.0,verano,julio,O,26.88
2009-07-29,992.5417,988.62,995.4,2.4622,58.7609,33.36,90.3,19.5488,1.7912,0.04,2.80238321,1.1135,2.9721,0.25,7.0,1.7172,-1.5087,0.0312,178.8159,144.0,2009.0,210.0,verano,julio,S,22.96
2009-07-30,991.0074,986.59,995.62,3.0973,57.52700000000001,36.1,86.2,15.6779,2.534,0.2,5.87,1.5114,4.3925,0.75,10.88,2.7668,-1.0398,-2.1005,243.6632,144.0,2009.0,211.0,verano,julio,SO,20.09
2009-07-31,996.3662,994.5,1002.9835777368542,1.1829,61.27740000000001,40.93,84.7,14.8359,1.0692,0.01,2.64,0.621,1.991,,5.25,1.0162,0.0546,0.4146,82.4943,144.0,,212.0,invierno,julio,E,26.57
2009-08-01,988.968,984.72,999.4233900455718,3.318,60.0182,39.85,86.9,16.1102,1.2266,0.0,7.412742541265997,1.0105,2.2469,0.0,6.38,1.7159,-0.8948,0.3673,157.6818,144.0,2009.0,213.0,invierno,agosto,S,27.79
2009-08-02,983.9292,982.56,985.89,0.9759,66.7623,39.69,93.2,16.5395,1.9075,0.19,6.11,,3.2135,0.63,8.5,2.0876,-1.3096,-0.862,213.354,144.0,2009.0,214.0,verano,agosto,SO,20.28
2009-08-03,988.8239,985.96,990.98,1.3766,71.7072,52.2,93.7,13.6738,1.8914,,3.81,0.7861,3.3793,0.75,5.88,1.1452,-0.4003,-1.6991,256.7431,144.0,2009.0,215.0,verano,agosto,O,22.16
2009-08-04,993.4831,991.09,995.62,1.0995,64.7938,44.76,85.1,12.6609,1.0369,0.0,2.4233469,0.8887,1.9964,0.0,3.57288325,1.4533,0.4933,0.3405,34.615,144.0,2009.0,216.0,verano,agosto,NE,24.56
2009-08-05,995.4085,994.15,,0.6577,61.592400000000005,37.45,89.9,17.7668,1.2758,0.0,3.87,0.9719,2.4373,0.0,7.13,1.7394,0.3496,0.678,62.7259,144.0,2009.0,217.0,verano,agosto,NE,26.34
2009-08-06,,992.91,995.74,1.0031,63.150099999999995,40.38,94.0,19.0987,4.78548,0.036,9.104327892000002,1.1148,2.4599,0.13,4.27503248,,0.4482,0.7901,60.436,144.0,2009.0,218.0,invierno,julio,NE,27.63
2009-08-07,992.1619,990.35,993.53,1.0966,59.6036,36.35,91.0,18.1828,1.4608,0.0,5.62,1.1818,2.6805,0.0,7.0,1.9208,0.6018,0.83,54.0571,144.0,2009.0,219.0,invierno,agosto,NE,27.99
2009-08-08,990.5549,988.98,991.9,0.9129,61.5519,38.11,86.5,16.3316,1.6211,0.1,6.14,1.0987,2.7757,0.63,9.13,,0.1506,0.1591,46.57,144.0,2009.0,220.0,invierno,agosto,NE,23.85
2009-08-09,990.5932,989.23,991.81,0.8301,70.7838,47.92,92.4,14.6122,1.0468,0.0,3.72,0.828,1.7856,,5.63,1.1587,0.4449,0.0031,0.3941,144.0,2009.0,221.0,verano,agosto,N,25.71
2009-08-10,988.3156,987.13,989.69,0.621,78.5254,49.74,96.8,14.3342,1.2562,0.0,5.32,1.0838,2.1311,0.0,7.63,1.6092,-0.9189,-0.1536,189.4888,144.0,2009.0,222.0,verano,agosto,S,21.4
2009-08-11,989.9826,988.13,991.59,0.933,80.3873,63.17,97.4,10.7819,1.6386,0.16,4.78,0.7083,2.7395,0.75,7.5,1.1469,-0.6499,-1.0737,238.813,144.0,2009.0,,verano,agosto,SO,21.9
2009-08-12,990.6571,987.89,992.32,1.3807,76.8735,56.769999999999996,96.3,12.9014,7.11756,0.0,19.332,124.31,3.4314,0.0,9.5,109.9,-0.9129,-1.5965,240.2385,144.0,2009.0,224.0,invierno,diciembre,SO,20.98
2009-08-14,991.6649,990.22,992.71,0.6397,70.5715,42.61,96.2,17.8693,0.8053,0.0,3.31,0.5905,1.6424,0.0,5.38,1.0547,-0.0752,0.003,177.7108,144.0,2009.0,226.0,verano,febrero,S,27.99
2009-08-15,990.9322,988.86,992.65,1.4017,61.2281,33.6,95.2,21.8682,7.0408800000000005,1.296,17.28,105.01,3.1834,1.0,7.75,80.875,-1.6241,-0.6097,200.576,144.0,2009.0,227.0,invierno,julio,S,30.33
2009-08-16,988.3967,986.65,989.93,1.1358,58.8989,33.03,91.7,20.1977,7.842600000000001,1.404,12.705794208,141.15,3.6264,0.88,6.605173730000001,116.24,-1.6487,-0.8957,208.5157,144.0,2009.0,228.0,invierno,enero,SO,28.48
2009-08-17,986.7379,983.92,988.8,1.369,68.0285,46.04,91.2,13.4505,1.9135,0.0,6.57,1.4295,3.3151,0.0,13.38,2.4106,-1.2336,-0.7689,,144.0,2009.0,229.0,verano,agosto,SO,23.69
2009-08-18,993.6459,988.99,996.04,1.7442,59.3287,37.7,85.2,15.6706,1.8211,0.06,2.21208076,0.8753,3.1628,0.38,4.11968973,1.4158,-0.0446,-1.4732,268.2657,144.0,2009.0,,verano,agosto,O,28.92
2009-08-20,992.9192,990.09,995.59,2.043,50.4837,30.22,75.0,13.3205,2.6928,0.6,2.95772596,0.9852,4.1308,1.38,5.592339,1.5537,-2.5083,0.0116,179.7356,144.0,2009.0,232.0,verano,agosto,S,25.32
2009-08-21,992.7082,989.89,995.03,1.331,77.1535,49.55,93.0,11.7861,7.6752,0.7200000000000001,17.28,1.1414,3.6137,0.75,8.5,1.7044,-0.9409,-0.4376,204.94,144.0,2009.0,233.0,invierno,enero,SO,20.39
2009-08-22,996.8068,,995.05,1.0518,70.5138,46.97,96.9,18.3598,1.2226,0.03,4.29,0.9503,2.3436,0.38,7.13,1.6634,0.3881,-0.0473,353.0486,144.0,2009.0,234.0,verano,abril,N,22.71
2009-08-23,996.6062,992.68,999.34,2.5053,64.4553,35.37,96.6,22.4127,1.7023,0.01,4.37,1.1229,3.1672,0.13,8.5,2.049,-0.856,0.8038,136.8005,144.0,2009.0,235.0,verano,agosto,SE,27.1
2009-08-24,987.0576,,992.56,3.196,,31.379999999999992,86.7,16.9204,2.2197,0.0,7.58,1.9749,3.6137,0.0,12.13,3.0271,-1.9078,0.4839,165.7683,144.0,2009.0,236.0,verano,agosto,S,26.99
2009-08-25,984.4488,983.22,986.28,0.7848,66.7158,50.09,84.5,10.1998,1.3906,0.0,3.68,0.6791,2.349,0.25,5.25,0.9617,-0.8492,-0.4556,208.2136,144.0,2009.0,237.0,verano,diciembre,SO,22.01
2009-08-27,990.055,988.45,991.81,1.197,68.8092,40.58,99.0,23.0843,,0.02,2.96393967,1.2587,2.8835,0.25,4.970968,1.8788,-1.4345,-0.6372,203.9508,144.0,2009.0,239.0,verano,agosto,SO,26.49
2009-08-28,985.9072,983.67,991.0389417666092,1.5138,63.1804,41.45,96.48253552593395,18.1756,2.7285,0.0,13.61066137988589,2.1596,4.5919,0.0,,3.3327,-2.0019,-1.5179,217.171,144.0,2009.0,240.0,verano,agosto,SO,18.67
2009-08-29,991.3169,988.25,995.0,2.0924,54.9765,42.47,71.6,7.036,8.67708,0.864,11.945236104,102.46,4.0328,0.75,5.74768175,101.005,-0.8123,-2.169,249.4683,144.0,2009.0,241.0,invierno,mayo,O,20.65
2009-08-30,994.0262,992.42,995.12,0.8472,61.3862,36.64,91.5,19.5371,2.0713,0.01,4.34338329,1.7587,3.6147,0.13,6.835081,2.7142,-1.3133,-0.9866,216.915,144.0,2009.0,242.0,verano,agosto,SO,25.61
2009-08-31,992.4067,989.24,995.16,2.2892,56.5792,30.75,91.6811785744523,21.5083,1.6906,0.01,4.69,1.2119,2.8376,0.38,7.75,1.8975,-1.5579,-0.0481,181.7676,144.0,2009.0,243.0,invierno,mayo,S,30.11
2009-09-01,986.2797,983.7,989.35,1.7047,57.4376,35.15,90.0,16.4656,2.7735,0.03,6.97,1.7102,4.4242,0.5,10.25,2.5125,-2.2761,-0.994,203.5912,144.0,2009.0,244.0,otoño,enero,SO,23.19
2009-09-02,987.3935,982.54,990.18,2.1206,65.6745,38.39,95.1,20.8311,1.5233,0.0,5.0,1.1751,2.6781,0.0,7.88,1.8208,-1.0594,-0.82,217.7425,144.0,2009.0,245.0,otoño,julio,SO,19.44
2009-09-03,978.1584,975.72,982.33,1.7357,73.6137,53.83,95.9,12.8995,10.10124,0.5760000000000001,36.54,1.9464,4.6969,0.63,15.25,3.1182,-2.2194,,213.4848,144.0,,246.0,otoño,marzo,SO,18.08
2009-09-04,980.3062,978.58,984.63,1.2923,69.4808,48.6,90.5,14.0409,12.0798,1.4400000000000002,15.412486284,147.70000000000002,5.2723,1.13,9.75,102.425,-2.5776,-1.863,215.858,144.0,2009.0,,otoño,marzo,SO,16.26
2009-09-05,990.0069,984.71,995.76,3.4327,75.9033,55.26,87.8,10.3939,11.13516,3.672,23.688,1.3384,,2.0,10.63,2.2879,-1.978,-2.2077,228.1408,144.0,2009.0,248.0,otoño,julio,SO,16.53
2009-09-06,997.4001,995.88,998.14,0.5885,75.4546,,93.7,11.4437,,0.0,3.65,0.7305,2.7049,0.0,7.0,1.2398,-0.9187,-0.9123,224.7997,144.0,2009.0,249.0,invierno,septiembre,SO,22.34
2009-09-07,996.8301,995.44,997.71,0.6893,71.2603,39.33,98.5,21.6392,1.7084,0.09941936,7.132797745235682,1.0198,2.7776,0.88,4.27503248,1.5464,-1.399,-0.6431,204.6878,144.0,2009.0,250.0,otoño,septiembre,SO,25.83
2009-09-08,997.4487,995.98,998.77,0.7702,66.0238,34.34,96.5,22.2011,,0.0,9.417498876,1.0033,2.3073,0.0,4.0389115,1.4708,-1.1999,0.0423,177.9789,144.0,2009.0,251.0,otoño,julio,S,25.14
2009-09-09,996.7598,995.77,997.91,0.5608,65.0674,34.52,94.7,20.9212,1.0999,0.0,3.2,0.7773,2.0862,0.0,5.5,1.2496,0.1108,0.3277,71.3196,144.0,2009.0,252.0,otoño,septiembre,E,18.39
2009-09-10,1000.539,997.92,1003.01,1.4901,78.4858,67.29,90.2,7.2007,6.9696,0.072,16.2,130.92999999999998,3.4007,0.25,6.75,99.395,1.6745,0.4242,14.2146,144.0,2009.0,253.0,otoño,octubre,N,18.44
2009-09-11,1001.9517,1000.07,1003.64,1.1673,65.8679,48.19,83.9,,8.303040000000001,0.54,19.224,1.3956,4.0372,0.75,7.75,1.9162,2.0124,0.7048,19.3028,144.0,2009.0,254.0,otoño,abril,N,18.21
2009-09-12,997.6773,995.13,1004.229587908446,1.6198,63.50710000000001,41.32,86.7,12.298,1.2335,0.0,4.28,0.9594,2.4069,0.0,6.88,1.5332,,0.2681,25.7486,144.0,2009.0,255.0,otoño,noviembre,NE,14.67
2009-09-13,991.0315,987.86,995.09,2.1629,82.5958,68.27,94.3,7.895,1.5981,0.01,3.73,1.0197,2.9511,0.13,6.75,1.7953,-0.5708,-1.3026,246.3359,144.0,2009.0,256.0,otoño,junio,SO,12.96
2009-09-14,,989.85,991.71,0.5726,92.1431,86.5,96.8,2.4649,2.7342,0.03,5.84,1.6274,4.3516,0.5,8.75,2.3838,2.0048,1.361,34.1706,144.0,2009.0,257.0,otoño,septiembre,NE,16.1
2009-09-15,990.5462,989.88,991.24,0.402,92.316,87.2,96.7,2.4424,8.34084,3.636,15.912,0.5968,3.7106,2.0,6.75,0.8811,2.1503,0.5266,13.7612,144.0,2009.0,258.0,otoño,agosto,N,17.1
2009-09-16,988.8199,987.52,989.92,0.7175,92.9819,83.2,98.6,4.804,,0.32,5.79,1.1191,4.103,0.88,8.0,1.4595,2.5206,0.7977,,144.0,2009.0,259.0,invierno,diciembre,N,17.61
2009-09-17,990.7641,988.34,993.53,1.6226,77.8673,58.26,87.3,9.0867,3.7444,0.68,6.49,1.3256,5.5338,1.63,9.38,1.6989,3.5357,1.0116,15.9662,144.0,2009.0,260.0,otoño,septiembre,N,19.84
2009-09-18,993.0022,,994.31,,73.343,59.78,93.5,10.2654,1.7449,0.0,4.42,1.0493,2.8938,0.0,7.13,1.5585,1.4245,0.6126,23.2691,144.0,2009.0,261.0,otoño,septiembre,NE,22.97
2009-09-19,990.3657,988.99,991.57,0.9159,76.9803,53.12,96.6,15.3586,0.8762,0.0,3.79,0.9196,1.6318,0.0,5.75,1.4309,,0.4334,60.8033,144.0,2009.0,262.0,otoño,septiembre,NE,23.77
2009-09-20,991.273,989.97,994.02,1.0773,77.1485,1.0066486006301048,,16.2821,0.7406,0.0,2.43,0.5758,1.5198,0.0,5.13,0.9942,-0.1203,-0.193,238.0648,144.0,2009.0,263.0,otoño,septiembre,SO,17.13
2009-09-21,997.076,994.07,998.69,1.4428,88.5847,79.2,95.9,4.5551,1.0204,0.0,3.12,0.896,1.7551,0.0,4.5,1.221,0.6176,0.2794,24.3403,144.0,2009.0,264.0,otoño,septiembre,NE,22.07
2009-09-22,998.029,996.6,998.93,0.7456,81.2217,,98.9,14.9704,1.0619,0.0,2.85,0.7523,1.9427,0.0,4.88,1.1827,-0.295,-0.1587,208.2742,144.0,2009.0,265.0,otoño,septiembre,SO,20.51
2009-09-23,997.4059,996.32,998.45,0.6928,75.597,47.87,98.5,16.6229,1.5167,0.34,3.59,0.7654,2.8396,0.88,7.13,1.4977,-0.5216,-0.8845,239.4723,144.0,2009.0,266.0,primavera,septiembre,SO,15.91
2009-09-25,999.2677,997.73,1000.74,0.8777,84.0913,54.059999999999995,100.0,,0.8508,0.0,1.48507669,0.5996,1.5791,0.0,2.41091948,0.9249,-0.0681,0.0203,163.418,144.0,2009.0,268.0,otoño,septiembre,S,17.61
2009-09-26,1000.3968,999.37,1001.59,0.6275,80.1242,52.78,99.2,17.8393,3.07512,0.0,11.16,0.7005,1.5751,0.0,4.5,1.1281,-0.0075,0.33,91.3035,144.0,2009.0,,otoño,marzo,E,20.48
2009-09-27,998.7554,997.02,1000.12,1.1454,80.9458,49.07,99.4,18.4105,2.82816,0.0,7.488,51.43,1.4485,,,35.94,-0.1816,,187.5242,144.0,2009.0,,otoño,febrero,S,17.49
2009-09-28,995.4449,991.86,997.48,1.9316,82.9128,64.53,99.3,12.8169,3.17232,0.0,10.044,0.635,1.9131,0.13,5.75,1.2276,-0.2367,-0.5695,247.4273,144.0,2009.0,271.0,otoño,julio,SO,16.93
2009-09-30,990.358,986.52,993.03,1.8897,87.9201,73.9,97.8,7.3566,6.58764,1.116,21.42,1.1564,2.9313,0.75,,1.672,0.0237,-0.0455,297.4983,144.0,2009.0,273.0,otoño,diciembre,NO,16.69
2009-10-01,985.4919,983.39,988.66,1.5483,82.5267,63.8,89.9,6.2969,6.74892,0.756,24.264000000000003,123.9,3.3827,0.88,9.75,104.415,-0.6277,-1.5289,247.6803,144.0,2009.0,274.0,otoño,mayo,O,11.55
2009-10-02,988.934,988.38,990.43,0.5522,76.409,58.89,87.7,8.032,7.93512,0.396,14.076,0.7463,3.6969,0.63,7.0,1.3786,-0.7771,-2.0299,249.0523,144.0,2009.0,275.0,otoño,enero,O,15.05
2009-10-03,985.5923,981.06,990.39,3.2634,72.9701,55.2,97.2,15.0382,13.80888,1.0080000000000002,33.444,254.62,6.0387,0.75,17.97009036705018,178.995,-3.2271,-1.79,209.0165,144.0,2009.0,276.0,otoño,noviembre,SO,13.41
2009-10-04,983.1517,979.88,988.69,2.589,73.7318,61.73,87.9,9.2368,3.1874,0.27,8.46,1.9935,5.3481,1.0,12.75,2.853,-2.3908,-1.8432,217.6298,144.0,2009.0,277.0,otoño,octubre,SO,13.79
2009-10-05,989.7384,987.31,992.16,1.352,79.298,58.31,97.5,12.7749,1.062,0.05,2.56,0.5676,1.8593,0.5,3.75,0.7307,-0.527,-0.0575,186.2219,144.0,2009.0,278.0,otoño,octubre,S,19.18
2009-10-06,985.9973,984.94,987.32,0.6392,87.8281,64.87,98.4,10.9309,2.4412,0.42,2.87073402,0.9154,3.6788,1.25,4.50493975,1.3976,-2.2161,-0.8509,201.0042,144.0,2009.0,279.0,otoño,julio,S,22.48
2009-10-07,985.7924,981.01,987.82,1.6771,,94.87522222786964,64.0,8.3114,3.319,0.96,6.79,1.4962,4.7566,1.63,10.38,2.1146,-2.9388,-1.4689,206.5572,144.0,2009.0,280.0,primavera,octubre,SO,21.45
2009-10-08,985.9247,979.8,,4.8163,74.1903,59.050000000000004,84.4,7.1263,,0.25,9.71,2.0763,5.033,0.6,12.88,3.1435,-1.1982,-1.1094,222.7965,142.0,2009.0,281.0,primavera,octubre,SO,11.73
2009-10-09,995.0245,992.38,997.47,1.3721,78.2032,56.49,98.6,14.7648,5.998679999999999,0.6120000000000001,10.0662102,1.1975,2.6481,0.28,,1.788,0.6387,0.9436,55.9059,144.0,2009.0,282.0,otoño,agosto,NE,12.93
2009-10-11,984.0165,977.81,986.84,2.8969,85.175,70.8,93.0,5.5068,2.1195,0.69,5.14,0.9194,3.8172,1.24,7.53,1.3633,-1.1085,-1.5474,234.3824,144.0,2009.0,284.0,primavera,octubre,SO,8.91
2009-10-12,985.5896,975.92,994.64,6.6165,,67.21,92.5,5.3002,,2.124,8.3885085,0.6437,4.0861,1.32,4.82805267,1.0512,-0.3057,-1.8824,260.7763,144.0,2009.0,285.0,otoño,agosto,O,8.41
2009-10-13,996.4268,994.65,998.94,1.353,80.997,54.03,92.9,10.5446,2.2399,0.61,3.5356009900000003,0.9301,4.0686,1.28,6.94071407,1.4905,0.0002,-1.239,270.0095,144.0,,286.0,primavera,octubre,O,5.33
2009-10-14,999.1156,997.57,1000.13,0.4955,74.2485,53.68999999999999,89.4,12.486,7.43616,3.276,9.05958918,63.32,3.9869,1.36,7.37,55.14,-0.0525,-1.2307,267.5562,144.0,2009.0,287.0,otoño,noviembre,O,2.4
2009-10-15,996.3041,995.24,997.59,0.5117,84.2521,76.6,93.1,5.7345,2.434,0.84,3.77,0.7238,3.9947,2.2,5.73,0.721,-0.5582,-2.3034,256.3785,144.0,2009.0,288.0,otoño,septiembre,O,8.8
2009-10-16,988.1475,982.84,995.05,3.8628,87.8528,73.0,98.7,5.2379,8.055,2.8440000000000003,10.714921524,0.8978,4.3996,1.64,6.41876243,1.7142,-0.6032,-1.782,251.2996,144.0,2009.0,289.0,otoño,abril,O,5.07
2009-10-17,990.5324,987.81,993.79,2.022,92.1486,88.9,94.0,1.3237,1.511,0.79,3.09,0.4671,2.9512,1.48,5.49,0.8062,-0.3718,-1.3359,254.4471,,2009.0,290.0,otoño,octubre,O,6.4
2009-10-18,993.9598,993.25,994.96,0.4919,90.0549,75.5,99.53935452675552,4.5635,1.6362,0.22,3.51074615,0.7784,2.7024,0.52,5.97137531,1.1836,-0.4237,-1.2043,250.6169,144.0,2009.0,291.0,otoño,noviembre,O,10.46
2009-10-19,993.1408,990.59,994.87,1.4368,86.5241,44.59,99.6,17.2414,1.3575,0.27,1.864113,0.595,2.1828,0.48,3.4051130800000005,0.9377,-1.1612,-0.1649,188.0823,144.0,2009.0,292.0,otoño,octubre,S,8.28
2009-10-20,987.6436,985.56,990.48,1.6939,84.4566,,,14.8994,1.3618,0.18,5.65,1.1513,2.2415,0.34,8.25,1.8173,-1.0279,0.2835,164.5814,144.0,2009.0,293.0,otoño,octubre,S,8.93
2009-10-21,983.8283,980.28,986.07,1.6779,82.7314,58.95,96.7,13.1285,1.1753,0.2,1.0810853749948,0.74,1.9314,0.42,2.93287112,1.0387,0.1088,0.4044,74.9402,144.0,2009.0,294.0,otoño,abril,E,6.24
2009-10-22,979.2157,978.1,981.02,0.8321,93.3944,79.3,98.5,6.0044,1.0824,0.23,,0.6024,1.6954,0.48,3.32,0.707,0.7083,0.212,16.659,144.0,2009.0,295.0,otoño,octubre,N,9.6
2009-10-23,985.0109,980.76,989.32,2.6613,94.6729,84.4,98.3,4.1226,2.86236,0.756,4.854150252,0.3855,1.3096,,1.91382268,0.5396,-0.2212,0.0016,179.5755,144.0,2009.0,296.0,otoño,octubre,S,12.83
2009-10-24,990.5942,988.61,992.08,0.8121,89.5985,66.6,99.2,10.1042,2.0242,0.27,3.83,1.1346,2.9987,0.56,6.09,1.522,-1.8749,0.0897,177.261,144.0,2009.0,297.0,otoño,octubre,S,13.05
2009-10-25,988.5609,986.91,990.58,1.0933,88.7632,81.2,97.7,4.8644,2.0574,0.63,3.63,0.7752,3.2108,1.1,5.41,1.0291,-1.8349,-0.029,180.9069,144.0,2009.0,298.0,primavera,octubre,S,12.27
2009-10-26,990.2068,989.57,991.38,0.4361,,66.0,99.4,11.1439,2.8262,0.41,7.88,1.897,4.5121,0.92,10.85,2.4783,-2.3898,-1.2852,208.27,144.0,2009.0,299.0,otoño,junio,SO,13.0
2009-10-27,994.4969,991.49,996.4,1.5146,83.2778,72.5,91.0,5.3815,6.77088,1.584,12.384,0.6107,3.4025,0.84,6.18,1.086,-0.3987,-1.7858,257.4146,144.0,2009.0,300.0,otoño,julio,O,13.37
2009-10-28,993.9378,992.1,995.93,1.3155,83.740899999999,61.77,95.5,11.1847,1.2811,0.15,3.56,0.8116,2.0124,0.36,5.24,1.0847,-1.0045,-0.4767,205.3863,144.0,2009.0,301.0,primavera,octubre,SO,12.03
2009-10-30,1001.8846,1000.12,1003.12,0.7798,89.0931,75.8,98.1,6.4189,9.110880000000002,2.0160000000000005,25.77934023125797,77.74,3.4503,1.1,5.29,46.175,,1.3352,35.339,144.0,2009.0,303.0,otoño,febrero,NE,5.87
2009-10-31,1000.8502,998.3,1002.56,1.2206,87.8318,65.89,98.1,10.6243,5.21784,0.792,6.800284224,0.6465,2.2538,0.4,4.73,0.9383,-1.1739,-0.1773,188.5871,144.0,2009.0,304.0,otoño,septiembre,S,9.62
2009-11-01,990.6944,980.48,998.25,5.2081,85.1997,66.65,96.3,8.8746,3.0225,1.0,5.39,0.9432,4.4013,2.28,9.892454303592796,1.2681,-2.9445,0.0835,178.3765,,2009.0,305.0,otoño,febrero,S,8.31
2009-11-02,975.9817,973.38,980.4,1.4997,,77.3,98.7,5.3576,2.1033,0.27,4.47,,3.1376,0.52,6.69,1.634,-1.9919,0.3825,169.1289,144.0,2009.0,306.0,otoño,enero,S,8.34
2009-11-03,972.0144,967.25,973.28,1.314,91.7028,78.6,98.8,4.802,1.8605,0.63,3.22,0.5802,3.1034,1.08,5.59,,-0.8843,-1.4289,238.2477,144.0,2009.0,307.0,otoño,noviembre,SO,10.27
2009-11-04,962.7135,958.3,967.29,3.082,89.5021,72.0,98.1,5.2416,2.6651,0.4,4.53,0.8817,4.1266,1.2,8.13,1.2417,-2.1844,-1.0299,205.2423,144.0,2009.0,,otoño,noviembre,SO,8.74
2009-11-05,,967.27,976.84,2.9129,82.2059,67.79,95.4,8.5003,12.24684,1.584,33.876000000000005,197.09,4.9067,0.84,14.01,,-3.1082,-1.0991,199.4744,144.0,2009.0,309.0,otoño,noviembre,S,10.27
2009-11-06,980.8432,976.94,982.9,1.7739,78.9026,61.17,93.8,10.191,2.424,0.0,5.46,1.2065,3.6263,0.0,8.69,1.6106,-2.1318,-0.9232,203.4159,,2009.0,310.0,primavera,noviembre,SO,8.02
2009-11-07,976.7379,974.14,981.28,2.0644,83.5752,67.49,94.0,8.6487,9.70488,2.4120000000000004,22.788,1.1426,4.0184,1.56,8.57,1.5778,-2.5564,-0.2891,186.4522,144.0,2009.0,311.0,otoño,septiembre,S,7.68
2009-11-08,979.4881,976.41,981.29,1.2302,86.8938,73.2,95.7,7.3723,9.3132,0.864,21.744,1.7238,3.7279,0.44,8.37,2.2698,1.2399,1.0133,39.2557,144.0,2009.0,312.0,otoño,noviembre,NE,4.23
2009-11-09,981.6549,980.01,983.25,0.9002,96.191,93.1,98.2,1.5391,2.8815,0.34,6.2,1.7311,4.1534,0.7,8.79,2.3997,,1.0634,25.2486,144.0,,313.0,otoño,noviembre,NE,5.64
2009-11-10,982.5181,,983.35,0.4761,91.3833,81.0,98.0,5.8219,5.680440000000001,1.332,14.976,0.8307,2.4149,0.68,7.09,1.1519,-1.317,-0.3754,195.9075,144.0,2009.0,,otoño,mayo,S,7.56
2009-11-12,983.4956,981.87,986.0,1.0762,82.5263,62.16,94.5,8.9744,9.04212,1.548,23.256,1.3385,3.9139,1.0,8.89,1.8069,-2.2507,-0.7529,198.4972,144.0,2009.0,316.0,otoño,noviembre,S,11.93
2009-11-13,986.5267,985.75,987.68,0.5002,85.3361,75.4,92.8,4.2531,2.5292,0.38,6.711629733082658,1.182,3.7906,0.68,8.25,1.5288,-2.3169,-0.4771,191.6349,144.0,2009.0,317.0,otoño,noviembre,S,12.7
2009-11-14,985.2921,983.47,987.35,1.1502,79.1979,61.62,91.9,9.9542,9.3456,1.476,24.444,1.072,3.8826,1.04,9.21,1.3353,-2.3979,-0.4653,190.9807,144.0,2009.0,318.0,otoño,abril,S,12.39
2009-11-15,987.3035,985.57,989.25,1.1069,74.5385,61.809999999999995,81.4,5.2205,3.3476,1.41,6.02,1.1868,4.8309,2.0,9.17,1.7266,-2.9887,-1.1994,201.866,144.0,2009.0,319.0,otoño,noviembre,S,11.18
2009-11-16,984.7061,982.82,986.05,1.1324,92.1,80.0,96.9,4.2119,1.9938,0.45,3.10064129,1.1009,2.9269,1.1,3.75929455,1.1381,-1.7173,-0.6211,199.8839,144.0,2009.0,320.0,otoño,noviembre,S,11.04
2009-11-17,985.1738,982.59,990.13,1.7498,93.9569,84.7,97.9,3.1708,1.4624,0.3,2.7961695,0.8433,2.4483,0.6,3.85871391,1.1642,-0.6913,,217.5956,144.0,2009.0,321.0,primavera,noviembre,SO,9.61
2009-11-18,991.667,989.31,998.2267893251084,1.3229,76.2605,64.67,93.5,10.1558,5.251,0.46,6.915859230000001,3.2879,7.8176,0.88,,4.4886,-4.449,-2.6334,210.6219,144.0,,322.0,otoño,noviembre,SO,13.64
2009-11-19,995.4516,993.15,996.7,0.9506,70.9091,51.13,85.6,8.2091,3.5316,0.56,7.36,1.6788,5.3721,1.16,10.97,,-3.1105,-1.3703,203.7754,144.0,2009.0,323.0,otoño,diciembre,SO,16.02
2009-11-21,997.6707,992.13,1000.64,2.1982,82.1643,67.51,92.2,5.7303,1.4028,0.34,2.7,0.5094,2.2925,0.64,3.56,0.6624,-1.24,-0.3203,194.4835,144.0,2009.0,325.0,otoño,noviembre,S,13.16
2009-11-22,987.2567,983.86,991.96,1.8923,68.9783,62.03,,3.9372,3.2226,0.32,8.66,1.9485,5.0521,0.8,12.09,2.8485,-2.8613,-1.2579,203.7324,144.0,2009.0,326.0,otoño,noviembre,SO,10.71
2009-11-23,979.6879,974.77,983.93,2.8686,71.8659,62.26,84.0,4.5588,7.6445,3.03,7.81684718,1.9756,11.4652,5.33,11.69420222,2.8232,-6.7977,-3.4558,206.9479,144.0,2009.0,327.0,otoño,noviembre,SO,12.09
2009-11-24,982.6927,975.6,986.64,3.2376,77.3188,61.980000000000004,92.8,8.2128,2.9018,0.52,6.26,1.378,5.0934,1.12,8.77,1.7713,-2.2651,-1.4848,213.246,144.0,2009.0,328.0,otoño,noviembre,SO,13.67
2009-11-25,983.4288,980.57,986.58,2.2346,65.0372,53.26,75.8,6.6452,4.3656,0.5,5.85952853,2.1823,6.4551,1.2,8.68055287,3.021,-3.9539,-1.6911,203.1561,144.0,2009.0,329.0,otoño,noviembre,SO,9.66
2009-11-26,983.5723,981.64,985.22,0.8501,69.4427,59.01,79.3,5.889,5.0008,0.36,3.8185479852494906,2.2811,7.5456,1.36,9.58154082,3.3134,-4.3635,-2.3662,208.4693,144.0,2009.0,330.0,otoño,noviembre,SO,9.6
2009-11-28,979.4788,976.68,981.59,1.7057,71.4381,61.7,78.0,4.8415,4.9754,0.86,6.24477855,2.1691,7.4354,2.0,9.20250451,3.1803,-4.6353,-1.5699,198.7107,144.0,2009.0,332.0,otoño,noviembre,S,11.52
2009-11-29,975.1635,,977.18,1.7587,57.2814,44.78,66.66,5.5334,2.9908,0.48,5.9030245,1.9542,4.4771,1.48,8.30773027,2.4814,-2.7508,-0.5686,191.6787,144.0,2009.0,333.0,primavera,agosto,S,7.01
2009-11-30,970.5353,968.04,973.63,1.4652,80.2799,60.63,97.57939479074528,9.983,1.2508,0.37,2.73,0.5634,2.3171,0.76,5.21,0.9012,-0.6332,-0.2493,201.494,144.0,2009.0,334.0,otoño,noviembre,S,5.1
2009-12-01,979.772,973.65,985.81,3.8848,90.7618,87.1,95.0,2.0462,1.871,0.56,2.65946788,,,1.36,4.72863331,1.173,0.2818,-0.8671,288.0022,144.0,2009.0,335.0,invierno,diciembre,O,5.19
2009-12-02,985.8867,983.78,987.16,0.9776,90.8132,78.5,98.0,5.5501,8.303400000000002,1.476,18.972,1.1447,3.3501,0.92,7.89,1.5442,-2.0808,-0.6178,196.5378,144.0,2009.0,336.0,verano,diciembre,S,7.19
2009-12-03,980.9055,978.69,,1.579,77.6643,67.92,86.6,5.6104,11.37852,3.3120000000000003,,0.9692,4.6286,2.18,9.43,1.3282,-3.0715,-0.0653,181.2183,144.0,2009.0,337.0,verano,diciembre,S,4.31
2009-12-04,982.0282,978.19,987.74,3.1621,87.0611,,96.2,4.7129,1.3464,0.25,2.87,0.5593,2.2592,0.56,5.93,1.0479,-0.8836,-0.6056,214.426,144.0,2009.0,338.0,invierno,septiembre,SO,4.29
2009-12-05,986.4263,984.46,988.14,1.2824,85.7094,66.4,98.1,8.5637,9.38412,1.044,34.29317363311401,1.4486,4.0145,0.6,10.45,2.0937,-2.4078,-0.3831,189.0395,144.0,2009.0,339.0,verano,junio,S,8.86
2009-12-06,983.0764,980.54,985.68,1.5663,88.9458,81.2,95.6,3.8382,2.9332,1.32,5.67,0.9447,4.2127,2.2,8.09,1.2448,-2.8379,-0.3366,186.765,144.0,2009.0,340.0,invierno,diciembre,S,9.51
2009-12-07,985.5945,982.27,988.13,1.7023,86.6792,68.39,96.9,7.1133,,1.368,18.216,74.67,2.863,0.88,6.83,51.735,-1.6285,-0.5308,,144.0,2009.0,341.0,verano,mayo,S,7.64
2009-12-08,983.849,979.45,991.4,3.7836,87.7951,80.1,96.8,5.9641,4.5349200000000005,0.648,16.236,87.14,2.3154,0.4,9.21,82.17999999999999,-0.6218,-0.8314,233.2095,144.0,2009.0,342.0,verano,enero,SO,7.12
2009-12-09,996.8427,991.45,999.82,2.6617,82.525,74.9,95.0,5.083,1.7164,0.29,3.57,0.774,2.8549,0.6,5.81,1.1835,-0.9127,-1.0831,229.8785,144.0,2009.0,343.0,primavera,diciembre,SO,7.03
2009-12-10,992.4844,989.3,999.06,3.2304,92.5028,85.5,96.3,2.615,6.68016,1.044,15.624,72.77,3.381,0.8,7.05,66.955,-1.212,-0.6545,208.3675,144.0,2009.0,344.0,verano,octubre,SO,4.89
2009-12-11,994.7301,989.6,998.67,3.2939,,89.4,96.5,2.5391,2.906,,6.33,1.5701,4.8733,0.98,9.41,1.9922,2.1831,0.3195,8.3268,144.0,2009.0,345.0,primavera,julio,N,0.77
2009-12-12,998.0289,996.54,998.95,0.6376,89.3062,79.7,97.4,5.2333,7.162920000000001,1.2240000000000002,17.208000000000002,1.053,2.9868,0.64,6.57,1.4278,1.5788,1.103,34.9388,144.0,2009.0,346.0,verano,octubre,NE,-1.39
2009-12-13,996.1562,995.42,996.87,0.3477,85.8812,73.2,97.6,7.0323,,0.99,5.8,0.9698,5.1336,1.68,8.33,1.2909,2.5624,2.4038,43.1712,144.0,2009.0,347.0,invierno,junio,NE,-2.6
2009-12-14,995.3856,994.34,996.81,0.6848,84.7056,75.8,91.4,4.1036,2.5374,0.58,4.35,0.6895,3.5311,0.96,5.37,0.8751,1.9305,1.6032,39.7081,144.0,2009.0,348.0,invierno,diciembre,NE,-1.79
2009-12-15,991.929,988.75,994.31,1.6346,87.3958,78.8,91.6,3.225,,4.428,17.316,0.7747,4.4661,2.08,6.57,0.9002,2.4053,1.8494,37.5553,144.0,2009.0,349.0,verano,abril,NE,-2.33
2009-12-16,985.0962,982.01,988.65,2.0973,89.4299,75.2,93.5,4.4087,1.676,0.21,4.57,0.923,2.5247,0.44,5.89,1.1847,1.2341,0.5421,23.7137,144.0,2009.0,350.0,verano,noviembre,NE,-5.56
2009-12-17,982.4937,981.62,983.29,0.5221,86.8056,76.8,95.3,6.6032,1.3551,0.27,3.22,0.6111,2.2177,0.48,4.89,0.961,0.0872,-0.4548,280.8559,144.0,2009.0,351.0,primavera,marzo,O,-5.92
2009-12-18,980.2772,979.33,982.61,0.7909,83.7625,76.1,88.7,2.9504,10.99404,2.484,12.437361936,1.2932,4.6537,1.6,5.32514947,1.5212,1.9868,1.4385,35.9049,144.0,2009.0,352.0,verano,octubre,NE,-15.23
2009-12-19,980.166,979.43,980.86,0.3346,81.5694,75.0,90.29242013813648,2.8048,1.9184,0.51,3.79,0.8495,2.8714,1.04,5.33,1.1038,0.9748,0.232,13.3868,144.0,2009.0,353.0,primavera,junio,N,-4.63
2009-12-20,976.0472,970.41,980.51,3.7627,77.5083,64.4,85.8,5.8289,11.77092,2.7,30.23188212266344,1.5911,4.8643,1.2,10.13,2.2798,,-0.3425,186.284,144.0,2009.0,354.0,verano,septiembre,S,-0.6
2009-12-21,974.5347,969.17,977.34,2.2814,77.9753,65.18,91.0,6.2463,2.9938,0.78,2.5096624776665,1.3265,4.5936,1.8,5.97137531,1.7719,-2.5434,-0.8998,199.483,144.0,2009.0,355.0,invierno,diciembre,S,7.64
2009-12-22,963.7588,960.33,969.13,2.3532,81.4451,75.7,90.3,3.9404,3.2622,0.38,9.531157177537986,1.7916,,0.7,12.89,2.5653,-2.878,-0.6956,193.5884,144.0,2009.0,356.0,invierno,diciembre,S,3.43
2009-12-23,970.7494,964.93,975.47,4.0923,95.0736,82.7,98.4,3.4158,3.5586,0.648,11.16,0.547,1.6449,0.32,4.04,0.7207,-0.4555,-0.1925,202.9071,144.0,2009.0,357.0,verano,agosto,SO,1.31
2009-12-24,969.2733,961.54,974.32,3.6621,93.8069,87.3,97.0,2.4313,2.7288,0.648,6.696000000000001,40.28,1.3022,0.34,3.12,28.83,-0.1195,-0.162,233.5912,144.0,2009.0,,verano,marzo,SO,7.96
2009-12-25,964.6469,957.43,975.67,5.8829,82.61529999999999,70.2,98.5,11.227,4.6605,0.43,12.370520462485011,2.4482,7.0836,1.08,14.31,3.5727,-3.7554,-2.6001,214.697,144.0,2009.0,359.0,verano,febrero,SO,5.06
2009-12-26,980.6344,975.98,981.99,1.2967,72.3612,63.36,87.7,6.8208,11.20032,1.476,13.9808475,147.42,5.1007,1.0,5.72282691,109.525,-2.5153,-1.6007,212.4724,144.0,2009.0,360.0,verano,mayo,SO,1.69
2009-12-27,978.4941,975.13,981.39,2.0301,78.3056,64.81,89.4,7.5833,3.3531,0.55,11.718632008343016,2.1008,4.7803,1.16,12.58,2.7151,-2.9954,-0.9183,197.0433,144.0,2009.0,361.0,invierno,diciembre,S,3.48
2009-12-28,977.4165,974.83,981.72,2.2319,78.0556,70.2,93.1,5.8974,2.6399,0.4,5.97,1.3625,4.3799,0.72,8.61,2.0147,-1.7578,-1.6218,222.6957,144.0,2009.0,362.0,invierno,diciembre,SO,0.93
2009-12-29,977.7769,970.31,982.13,4.0683,92.7708,74.9,97.7,7.1487,5.07312,1.044,8.142445584,0.6369,2.3089,0.56,3.31190743,1.0096,-1.2291,0.0121,,144.0,2009.0,363.0,verano,abril,S,5.12
2009-12-30,967.7978,966.53,,0.9066,96.9944,91.9,99.1,1.761,1.2364,0.26,2.14994366,0.6838,1.9922,0.5,2.69053643,0.8359,0.0597,-0.0084,352.0069,144.0,2009.0,364.0,invierno,diciembre,N,-0.63
2009-12-31,967.9582,966.41,969.81,0.8815,98.60560000000001,95.6,99.1,0.6541,2.7051,0.87,2.6843227200000004,0.5716,,,3.26219775,0.7195,2.3752,1.2388,27.5446,144.0,2009.0,365.0,invierno,diciembre,NE,-2.84
2010-01-01,969.6396,966.77,975.72,2.7139,94.8896,92.5,97.4,1.4516,2.4088,0.59,4.42,0.9379,3.7027,,6.13,1.0909,1.99,0.9678,25.9353,144.0,2010.0,1.0,invierno,enero,NE,-3.49
2010-01-04,989.1734,985.75,995.3689593698022,2.2288,90.9792,81.6,96.6,4.7701,1.4952,0.38,3.44,0.6086,2.1808,0.96,4.05,0.6892,0.0894,-0.1363,303.2632,144.0,2010.0,4.0,invierno,enero,NO,-3.55
2010-01-05,981.649,977.37,985.63,2.4622,85.0732,66.68,92.0,7.649,0.7824,0.27,1.59070976,0.3832,,0.44,2.03809688,0.4735,-0.5083,-0.1373,195.1128,144.0,2010.0,5.0,invierno,enero,S,-5.82
2010-01-07,983.0911,978.69,988.69,,84.9766,68.46,91.3,6.0082,1.0181,0.26,2.25,0.4112,1.6188,0.52,3.24,0.519,-0.8239,-0.0661,184.5866,144.0,2010.0,7.0,invierno,enero,S,-6.33
2010-01-08,989.7797,987.9,991.54,0.9973,90.8299,85.3,94.6,2.1344,13.508640000000002,0.6120000000000001,28.368,2.6782,5.2556,0.38,11.5,3.5998,3.1945,1.6021,,144.0,2010.0,8.0,verano,octubre,NE,-4.56
2010-01-09,984.8115,982.99,987.81,1.337,90.8271,87.4,96.23755360297278,1.957,5.6536,4.04,8.15,0.9367,8.1977,5.41,12.38,1.4611,4.8099,2.9288,31.3377,144.0,2010.0,9.0,invierno,enero,NE,-4.56
2010-01-10,,982.81,988.26,1.9032,92.4722,89.4,96.0,1.7221,3.2651,0.31,5.74,1.7447,4.6546,0.6,,2.0805,2.9129,1.2217,22.7537,144.0,2010.0,10.0,invierno,enero,NE,-5.27
2010-01-11,989.2418,988.02,991.43,0.9749,89.9806,85.7,92.8,2.0538,6.43824,0.756,13.896,0.992,2.5899,0.44,5.05,1.2403,1.4006,0.9212,33.3325,144.0,2010.0,11.0,verano,febrero,NE,-4.34
2010-01-12,990.1067,986.66,992.07,1.8025,88.175,76.9,93.0,4.4816,1.1327,0.17,1.85168558,0.706,1.6704,0.48,4.05,0.8577,0.7885,0.2896,20.1645,144.0,2010.0,12.0,invierno,enero,N,-3.73
2010-01-13,984.2683,983.23,986.63,0.7854,85.7736,72.2,92.4,5.1292,3.62232,,9.324,63.4,1.7026,0.48,4.09,46.41,-0.3636,-0.1014,195.579,144.0,2010.0,13.0,verano,enero,S,-0.37
2010-01-14,984.5336,983.16,988.5,1.4184,84.7271,77.0,89.3,3.6099,1.8104,0.7,2.24936302,0.547,2.7652,1.4,3.1503509700000003,0.8126,-1.3987,0.2208,171.03,144.0,2010.0,14.0,invierno,enero,S,-0.73
2010-01-15,995.0726,988.6,1000.33,3.795,84.4382,78.7,89.6,,5.127479999999999,0.9,12.456,0.8675,2.1415,0.44,5.93,1.2822,-1.0189,-0.1735,189.6619,144.0,2010.0,15.0,verano,junio,S,-1.73
2010-01-16,995.2738,987.28,1000.45,4.2257,84.3021,75.4,92.8,4.99,2.7075,0.27,5.39,1.3096,4.1789,0.62,8.73,,-2.6316,0.0207,179.5499,,2010.0,16.0,invierno,junio,S,2.89
2010-01-17,986.2121,983.6,,2.5195,92.7875,79.5,97.9,5.7038,2.2713,0.47,4.69,0.9887,3.6699,0.94,6.95,1.4395,-1.8968,,187.2301,144.0,2010.0,17.0,invierno,noviembre,S,3.62
2010-01-18,996.1724,992.36,997.97,1.5941,85.4667,79.8,94.6,3.9254,1.149,0.2,2.39,0.5041,2.1181,0.4,5.05,0.9011,-0.5299,-0.78,235.8123,144.0,2010.0,18.0,invierno,enero,SO,2.51
2010-01-19,994.6038,993.05,997.24,1.185,96.1368,90.2,98.5,2.27,0.8619,0.23,1.9,0.3923,1.5558,0.44,3.36,0.6196,-0.6167,-0.0764,187.0594,,2010.0,19.0,invierno,junio,S,2.41
2010-01-20,990.9104,989.36,992.96,0.9034,96.3944,1.0033874753096388,,3.0353,1.5956,0.18,4.92,1.2668,2.3649,0.36,6.73,1.7314,1.0851,0.6733,31.8193,144.0,2010.0,20.0,invierno,enero,NE,-2.87
2010-01-21,996.7001,992.38,999.8,2.2877,91.3896,86.9,95.7,2.3605,10.7604,2.772,,91.59,4.2166,1.28,7.23,59.815,2.4127,1.69,35.0095,144.0,2010.0,21.0,verano,julio,NE,-5.16
2010-01-22,1000.6399,999.68,1001.4,0.5074,86.0979,79.5,91.6,3.9018,1.9197,0.5,3.15,0.6231,2.941,1.12,4.85,0.8287,,1.0224,77.5509,144.0,2010.0,22.0,invierno,enero,E,-4.34
2010-01-23,999.1374,998.09,1001.04,0.8565,83.7618,81.0,86.0,1.134,2.1703,0.64,3.66,0.5675,3.4945,1.08,5.21,0.8228,-1.5657,0.8822,150.5993,144.0,2010.0,23.0,invierno,julio,SE,-4.79
2010-01-24,998.7506,998.21,999.5,0.3669,78.9514,74.2,84.1,3.1412,2.8552,1.24,4.35,0.6206,4.6097,2.08,6.57,0.8044,-2.5843,1.0636,157.6293,144.0,2010.0,24.0,invierno,enero,S,-3.06
2010-01-25,1001.5411,998.95,1005.8,2.109,79.3646,71.4,88.1,3.4552,9.45792,3.168,17.748,0.7852,3.9769,1.72,6.47,0.9585,-0.2795,1.1113,104.1151,144.0,2010.0,25.0,verano,enero,E,-8.28
2010-01-26,1009.6812,1005.89,1012.47,2.2424,80.8424,70.4,88.0,4.9791,7.662599999999999,,17.676000000000002,1.1704,3.2617,0.48,6.37,1.5076,1.8612,0.6787,20.0356,144.0,2010.0,26.0,verano,mayo,N,-4.23
2010-01-28,973.3247,970.31,978.41,1.9599,80.9571,68.32,92.2,5.2896,11.64816,4.968,21.564,0.8333,6.111,3.2,9.53,1.1834,-1.275,-2.7032,244.749,144.0,2010.0,28.0,verano,septiembre,SO,1.73
2010-01-29,961.3354,952.78,972.7832381220272,6.2735,80.9653,70.4,92.6,5.7259,3.7267,0.98,7.26,1.41,5.7392,1.92,10.17,1.7537,-3.0666,-1.8211,210.7039,144.0,2010.0,29.0,invierno,enero,SO,0.31
2010-01-30,963.3114,954.04,972.42,5.419,,64.37,92.1,5.8957,2.073,0.58,5.41,0.8892,3.8694,0.96,8.25,1.4808,-0.6121,-1.7071,250.2736,144.0,2010.0,30.0,verano,abril,O,0.09
2010-01-31,975.7335,972.42,979.4,2.1059,79.3625,70.0,87.4,4.6854,2.1028,0.36,,1.5005,3.4301,0.76,9.33,2.1009,-1.645,-0.7325,,144.0,2010.0,31.0,invierno,enero,SO,-0.13
2010-02-01,,979.18,983.07,1.0593,76.2233,67.13,86.3,5.0169,4.0107,1.12,7.98,1.3912,6.0565,,10.81,1.8278,-3.2891,-2.2271,214.1029,144.0,2010.0,32.0,invierno,octubre,SO,1.78
2010-02-02,982.0399,971.6,987.64,5.1955,75.771,67.03,90.4,5.2906,4.9727,0.54,11.77,3.2564,7.6538,1.24,17.1,4.4054,-4.0759,-2.1072,207.3391,144.0,2010.0,33.0,verano,febrero,SO,2.98
2010-02-03,979.8438,970.52,989.06,5.8686,78.0175,61.0,93.8,9.0216,11.6136,1.332,35.424,2.1353,5.4451,1.0,14.52,3.0114,-1.8167,-2.3641,232.4597,144.0,2010.0,34.0,verano,enero,SO,5.33
2010-02-04,988.4926,987.4,989.66,0.573,86.3896,75.2,93.9,4.9124,1.8253,0.42,3.32,0.627,2.8293,0.72,5.01,0.8685,-1.7064,-0.1347,184.5121,144.0,2010.0,35.0,invierno,febrero,S,2.37
2010-02-05,983.8034,981.9,987.35,1.4177,83.3867,67.14,96.8,9.3444,2.2476,0.19,4.12,0.7913,3.3176,0.58,5.65,1.1212,-2.1826,-0.0729,181.9119,144.0,2010.0,36.0,invierno,marzo,S,2.08
2010-02-06,986.1864,983.28,991.34,2.5387,85.1764,79.7,92.2,2.8038,1.1679,,4.02,0.9496,1.8324,0.28,5.25,1.2852,0.5906,0.3232,28.6851,144.0,2010.0,37.0,invierno,febrero,NE,-0.76
2010-02-07,993.916,991.43,995.51,1.0415,86.7118,80.7,92.1,3.2644,2.706,0.96,2.72781869,0.8162,4.0438,1.92,3.58531067,0.908,1.8119,1.5543,40.6229,,2010.0,38.0,verano,febrero,NE,-5.98
2010-02-09,979.6766,978.31,982.36,1.1652,74.3273,64.18,86.1,7.1237,1.784,0.41,2.16858479,0.8184,2.8893,0.78,3.36161711,1.186,-0.9044,0.5577,148.3388,144.0,2010.0,,invierno,diciembre,SE,-4.98
2010-02-10,980.1895,978.03,982.98,1.6961,81.584,75.0,90.8,5.1216,1.7653,,,0.9757,2.6863,0.66,3.90842359,1.3783,0.7038,0.272,21.1259,144.0,2010.0,41.0,invierno,febrero,N,-5.06
2010-02-11,982.3438,981.5,983.22,0.4547,88.9847,84.3,91.9,2.0362,14.32764,4.896000000000001,26.568,0.972,5.8975,2.52,12.66,1.5206,3.663,1.5242,22.592,144.0,2010.0,42.0,verano,febrero,NE,-2.44
2010-02-12,985.3405,982.86,988.39,,88.8451,86.2,92.3,1.6089,1.807,0.43,4.46,1.0449,3.3372,,6.85,1.5063,1.3192,0.4292,18.0223,144.0,2010.0,43.0,invierno,febrero,N,-1.82
2010-02-13,987.7914,987.08,988.64,0.4308,82.3986,66.27,90.4,6.8893,1.3685,0.41,1.70877025,0.4574,2.4044,1.0,2.7651009500000003,0.7694,-0.2496,-1.1632,257.8883,144.0,2010.0,44.0,verano,octubre,O,-1.14
2010-02-14,986.5775,985.33,987.63,,79.2568,66.2,96.06208204108668,8.203,4.52916,0.9,12.276000000000002,0.8107,1.7772,0.48,4.49,0.9489,0.4213,,42.4415,144.0,2010.0,45.0,verano,diciembre,NE,-2.14
2010-02-15,982.901,981.01,985.44,1.3839,74.7056,62.94,,5.9455,1.8144,0.34,4.49,1.0502,2.6831,0.8,6.73,1.6036,-1.4597,-0.1898,187.4097,144.0,2010.0,46.0,invierno,febrero,S,-2.53
2010-02-16,978.441,975.87,981.13,1.4043,74.9958,60.56,90.4,8.2175,5.95116,0.684,12.348,0.7842,2.6142,0.36,5.37,,-1.5085,0.2415,170.904,144.0,2010.0,47.0,verano,marzo,S,4.84
2010-02-17,971.7179,969.1,975.8,2.1041,73.0943,44.76,90.9,14.8881,1.3217,0.19,2.97,0.7594,2.0869,0.42,4.28,1.0348,,-0.0319,181.4692,144.0,2010.0,48.0,invierno,febrero,S,5.84
2010-02-18,970.8048,968.41,974.26,1.837,79.7965,70.6,94.0,6.3705,10.44,1.08,29.844,1.7399,4.2806,0.84,10.93,2.2594,-2.6232,-0.454,189.819,144.0,2010.0,49.0,verano,febrero,S,5.72
2010-02-19,968.1419,964.27,973.89,2.9797,91.6993,78.7,97.9,,1.0953,0.21,2.69,0.5812,1.869,0.4,5.63,0.9024,-0.4804,-0.2584,208.2737,144.0,2010.0,50.0,verano,enero,SO,3.87
2010-02-20,971.0881,968.09,973.88,1.2487,73.1578,55.0,93.1,9.6553,10.64412,1.548,14.31638784,170.1,4.5752,1.0,6.145359190000001,118.575,-2.1857,-1.747,218.6359,144.0,2010.0,51.0,verano,marzo,SO,2.18
2010-02-21,974.4016,973.65,975.11,0.3849,79.5883,69.61,92.1,5.4484,1.9172,0.3,3.83385907,1.2847,2.9036,0.64,9.93,1.7431,-1.5572,-0.7831,206.6969,144.0,2010.0,52.0,invierno,febrero,SO,6.27
2010-02-22,968.5145,964.51,973.54,2.5729,78.0699,62.23,89.9,6.3885,3.4873,0.32,7.07,1.561,,0.84,11.05,,-3.3567,-0.6033,190.1897,144.0,2010.0,53.0,invierno,febrero,S,6.96
2010-02-23,967.8642,964.06,972.57,2.852,85.7389,66.73,98.2,10.6782,3.116,0.71,3.45482276,1.1327,4.5048,1.06875812,11.02428029761422,1.5175,-0.361,0.0353,174.4082,144.0,2010.0,54.0,invierno,febrero,S,9.05
2010-02-24,974.2774,972.62,976.05,1.1253,91.9549,73.1,99.0,8.4992,1.4829,0.23,4.61,0.8464,2.1807,0.4,6.48,1.0317,-0.6363,-0.3264,207.1561,144.0,2010.0,55.0,invierno,febrero,SO,10.6
2010-02-25,973.2862,969.4,978.5527475469517,1.8434,76.1607,57.89,98.3,14.9109,2.9346,0.53,7.11,1.5448,4.4251,1.08,10.37,2.2701,-2.7601,-0.7368,194.9463,144.0,2010.0,56.0,invierno,febrero,S,10.05
2010-02-26,967.4584,965.26,974.32,2.491,74.5765,,85.0,6.0827,3.9045,0.73,8.27,1.654,6.0103,1.68,11.51,2.4007,-3.3521,-1.5946,205.4402,144.0,2010.0,57.0,invierno,febrero,SO,9.26
2010-02-27,976.7824,971.98,979.04,1.7391,65.4512,52.44,77.8,6.2265,4.1371,0.95,9.29,2.3055,6.2418,2.24,13.95,3.3339,-3.5994,-1.918,208.052,144.0,2010.0,58.0,invierno,febrero,SO,14.31
2010-02-28,964.5808,960.34,971.78,3.0179,56.2648,42.83,78.6,9.5891,5.9909,0.76,14.63,3.9216,9.4004,1.72,23.5,6.0548,-5.3229,-2.196,202.4186,144.0,2010.0,59.0,verano,abril,S,7.46
2010-03-01,978.2176,967.15,987.07,5.9638,68.8542,50.57,86.1,9.514,3.9263,0.82,5.58612529,1.9297,7.2903,1.0563307,18.487393403051183,3.4019,-2.3098,-2.9674,232.1026,144.0,2010.0,60.0,primavera,marzo,SO,5.58
2010-03-02,991.5697,987.14,995.4,2.3006,67.129,42.75,88.9,14.4879,6.33492,0.9,7.135824564000001,0.7401,3.2074,0.68,4.52979459,1.4599,-0.3809,-1.5302,256.022,144.0,,61.0,primavera,septiembre,O,5.13
2010-03-03,994.2088,991.16,995.94,1.6071,63.9324,42.83,81.8,11.759,1.5204,0.23,2.13751624,0.8662,2.9476,0.5,4.52979459,,-0.2026,-1.0879,259.4498,144.0,2010.0,62.0,primavera,marzo,O,1.73
2010-03-04,990.3122,989.0,992.93,1.1705,75.3835,,89.8,11.6009,1.6669,0.19,5.4,1.3219,2.853,0.36,7.69,2.0337,0.8045,0.1536,10.8101,144.0,2010.0,63.0,verano,julio,N,-0.6
2010-03-05,993.512,987.01,996.22,2.1407,61.8097,44.21,80.1,11.4586,2.0574,0.94,5.78,0.6833,3.8083,1.26,8.05,1.3066,-0.1653,-1.5359,263.8591,144.0,2010.0,64.0,primavera,febrero,O,-2.36
2010-03-06,990.3961,982.14,1001.24,6.6524,80.9155,52.98,96.2,14.6042,17.040960000000002,3.3480000000000003,36.504000000000005,2.5641,6.9197,2.18,14.38,3.5266,2.8457,1.5619,28.7617,144.0,2010.0,65.0,primavera,marzo,NE,-1.25
2010-03-07,1003.7639,1001.35,1005.71,1.1125,71.7958,52.57000000000001,,13.2521,6.5484,0.6120000000000001,13.716,0.9037,2.9137,0.32,5.61,1.2945,1.6199,0.6128,20.7206,144.0,2010.0,66.0,primavera,marzo,N,-0.99
2010-03-08,999.359,997.41,1002.47,1.6037,77.2817,59.62,92.7,,6.305400000000001,0.7200000000000001,28.36157590815922,1.2133,2.7433,0.44,8.53,1.7894,1.1789,0.701,30.7366,144.0,2010.0,67.0,primavera,marzo,NE,-1.22
2010-03-09,999.5712,997.55,1003.7480451549676,1.2414,69.6292,38.2,91.7,17.9088,2.3992,0.27,5.67,1.5687,3.6356,0.52,9.25,2.3744,1.8058,1.2377,34.426,144.0,2010.0,68.0,primavera,marzo,NE,1.58
2010-03-10,997.4026,992.83,1002.2044017187184,2.5408,60.4372,45.71,79.6,8.787,3.4045,0.2,7.06,1.9081,5.0925,0.44,10.29,2.6952,2.5327,1.9733,37.9231,,2010.0,69.0,verano,enero,NE,-0.42
2010-03-11,990.2351,988.55,992.7,1.1382,79.3673,59.43,91.4,8.5618,2.7263,0.42,5.03,1.181,4.1899,1.0,7.09,1.6016,2.3564,0.9534,22.0287,144.0,2010.0,70.0,primavera,marzo,N,4.9
2010-03-12,988.797,987.16,990.62,1.0416,79.0872,61.74,93.7,11.069,6.80616,1.656,8.567463348,77.16,3.5942,0.88,4.2439639300000005,,-0.6084,-1.3098,245.0846,144.0,2010.0,71.0,primavera,noviembre,SO,3.95
2010-03-13,991.5844,989.96,997.5550183220842,0.9158,75.8623,67.01,84.0,3.7674,2.5569,1.07,3.77,0.5526,5.4038,3.04,8.73,1.1887,-0.5764,-2.4336,256.6738,144.0,2010.0,72.0,verano,marzo,O,5.92
2010-03-14,989.9397,987.57,992.04,1.4002,74.873,62.47,93.3,7.6666,3.1983,0.72,5.34,0.9051,6.4279,2.76,10.95,1.6735,-0.976,-2.9462,251.6715,144.0,2010.0,73.0,verano,marzo,O,4.14
2010-03-16,994.9899,988.2,999.85,3.9767,75.5831,58.91,92.9,10.5691,5.84244,1.116,14.22,0.8505,3.3905,0.7,6.77,1.6628,0.5071,-0.9084,299.1731,144.0,2010.0,75.0,primavera,septiembre,NO,10.17
2010-03-17,998.084,996.36,999.81,1.024,64.393,46.4,83.8,10.9214,2.7172,0.57,6.68,1.5334,4.4144,1.0,11.29,2.4215,-1.9629,-1.6516,220.0786,144.0,2010.0,76.0,verano,marzo,SO,15.9
2010-03-18,996.1918,992.7,998.45,1.7555,59.183099999999996,28.859999999999992,92.0,21.3112,1.7722,0.37,3.106855,1.0944,2.9589,0.7,4.64785508,1.6221,-1.4695,-0.5886,201.8281,144.0,2010.0,77.0,primavera,abril,S,16.67
2010-03-19,991.1817,988.77,992.57,0.9397,60.98709999999999,43.85,79.1,11.9873,11.33568,1.368,12.73209690208162,2.2268,4.9173,0.64,8.22073833,3.1397,-2.6745,-1.1539,203.3376,144.0,2010.0,78.0,primavera,junio,SO,14.77
2010-03-20,985.2878,984.07,988.63,1.2176,74.8572,68.7,84.7,3.9701,4.7649,0.37,5.49913335,2.5315,7.0159,0.8,7.95976251,3.578,-3.9836,-2.3869,210.9292,144.0,2010.0,79.0,primavera,enero,SO,14.72
2010-03-21,985.9665,981.58,994.25,3.8712,,67.23,,7.1556,11.60712,2.592,16.88886378,1.7184,5.1874,1.36,6.816439870000001,2.2816,-2.189,-1.8831,220.7028,144.0,2010.0,80.0,primavera,noviembre,SO,12.74
2010-03-22,995.1928,993.01,996.86,1.19,79.7254,62.14,97.0,12.4409,1.0163,0.0,1.9262501,0.8162,1.6809,0.0,3.23734291,1.2963,-0.7256,-0.0538,184.239,144.0,2010.0,81.0,primavera,marzo,S,13.25
2010-03-23,993.0058,992.32,994.13,0.4439,77.3998,51.239999999999995,97.4,16.4591,3.901320000000001,0.0,14.544,92.43,2.1431,0.0,7.49,92.66,0.051,-0.4216,276.8912,144.0,2010.0,82.0,otoño,noviembre,O,18.02
2010-03-24,988.9153,985.8,992.68,2.4341,66.0522,33.66,97.1,23.985,1.8819,0.2,4.48,1.2036,3.0676,0.42,7.46,1.9531,-1.6937,0.2197,172.6088,144.0,2010.0,83.0,primavera,marzo,S,20.48
2010-03-25,983.1956,980.93,985.93,1.5214,57.1876,33.35,85.7,17.0984,7.555680000000001,2.8080000000000003,34.30707255466683,0.7691,3.3071,1.32,,1.0895,-1.9893,,179.7932,144.0,2010.0,84.0,primavera,septiembre,S,21.95
2010-03-26,979.1086,972.28,982.23,3.1249,63.1683,29.63,89.9,20.2177,2.5267,0.36,5.22573011,1.9212,4.3484,0.72,9.00366579,3.0187,-1.8824,,202.0526,144.0,2010.0,85.0,otoño,marzo,S,10.41
2010-03-27,979.567,978.22,984.454109090786,0.6327,74.2153,56.59,86.7,9.6036,2.6875,0.28,7.29,1.6292,4.3302,0.56,10.37,2.3692,-2.1117,-1.506,215.4963,144.0,2010.0,86.0,primavera,marzo,SO,10.85
2010-03-28,982.2406,981.09,983.33,0.5987,70.8165,50.72,85.5,9.9378,3.6094,0.5,7.29,1.6272,5.8987,1.3,11.57,2.4333,-2.7753,-1.8988,214.3793,144.0,2010.0,87.0,primavera,marzo,SO,12.94
2010-03-29,979.3141,977.95,981.74,1.0502,85.8258,65.91,95.6,8.8547,2.9796,0.43,5.039318809999999,2.1122,4.4894,0.84,7.015278589999999,3.1048,-2.1686,-1.2931,210.8068,144.0,2010.0,88.0,primavera,marzo,SO,19.24
2010-03-30,971.3308,966.79,978.31,3.5869,73.2583,36.47,97.2,20.7014,8.394120000000001,0.936,27.324,1.3431,3.7812,0.84,12.93,2.1882,-1.8807,-0.1729,185.2533,144.0,2010.0,89.0,primavera,junio,S,10.62
2010-03-31,975.2997,971.23,978.57,1.8164,68.9096,46.97,90.8,13.9486,3.841,0.67,7.32,2.0478,5.7029,1.08,13.05,2.953,,-2.0395,213.0036,144.0,2010.0,90.0,primavera,marzo,SO,8.22
2010-04-01,983.5412,978.42,989.98,3.6866,58.9962,37.72,82.7,14.7392,3.6092,0.37,7.71,2.1489,5.4734,0.84,11.25,3.2187,-2.7216,-2.1599,218.4363,144.0,2010.0,91.0,primavera,abril,SO,11.02
2010-04-02,989.4902,987.52,991.53,1.479,57.7538,26.44,90.8,22.4396,1.7297,0.29,4.37,0.9326,2.8981,0.6,6.04,1.4566,-1.4472,-0.1003,183.963,144.0,2010.0,92.0,primavera,abril,S,12.03
2010-04-03,985.4083,982.6,987.57,1.2725,64.6892,49.39,78.4,,2.1982,0.22,6.11,1.5095,3.4742,0.48,8.65,2.2154,-1.9484,-0.6165,197.5574,144.0,2010.0,93.0,otoño,abril,S,12.67
2010-04-04,984.5893,981.63,989.36,1.9651,64.9964,40.5,85.5,14.6673,11.61936,,19.640294568,2.2724,4.9731,0.6,8.08403671,3.4135,-2.6144,-1.5117,210.0376,144.0,2010.0,94.0,primavera,abril,SO,9.64
2010-04-05,996.8502,989.58,1000.67,3.3951,65.9635,49.919999999999995,80.5,9.902,1.7028,0.34,2.13751624,0.8472,3.3192,0.76,4.97718171,,-0.3169,-1.4307,257.5099,144.0,2010.0,95.0,primavera,noviembre,O,14.43
2010-04-06,998.5888,995.94,1000.83,1.9988,60.8751,35.4,88.5,20.6295,1.619,0.4,2.2990727,0.8121,2.8119,0.76,3.95191956,1.4244,-1.2418,0.4697,159.2801,144.0,2010.0,96.0,primavera,abril,S,18.36
2010-04-07,993.998,991.87,998.0323905310388,1.4903,47.985,21.65,79.8,17.9261,6.833520000000001,1.08,17.136,1.1785,3.1194,0.52,7.53,2.0327,-1.6787,0.2349,172.0354,144.0,2010.0,97.0,primavera,mayo,S,18.74
2010-04-08,995.6055,993.19,1000.48,2.1021,55.1112,30.36,79.1,14.5108,1.3658,0.38,3.29,0.643,2.6399,0.64,6.88,1.2837,-0.3286,-0.3214,224.3679,144.0,2010.0,98.0,primavera,abril,SO,12.15
2010-04-09,1002.1781,1000.44,1003.54,0.8172,61.7481,44.33,89.4,12.3156,1.4868,0.22,4.35,0.8439,,0.52,6.77,1.5209,0.5501,-0.497,317.9001,144.0,2010.0,99.0,primavera,septiembre,NO,10.26
2010-04-10,1000.2929,997.65,1004.0724478108448,1.652,68.2219,48.68,91.4,12.0336,1.6547,0.25,10.041361069525545,1.1135,3.3023,0.44,14.37,1.8378,0.4939,-0.5944,309.7238,144.0,2010.0,100.0,primavera,mayo,NO,5.24
2010-04-11,996.3082,994.22,997.55,0.6191,86.825,71.0,95.7,8.1347,11.70468,0.936,21.384,1.6665,4.9224,0.68,8.45,2.2537,2.6727,1.5726,30.4719,144.0,2010.0,101.0,primavera,mayo,NE,8.57
2010-04-12,991.89,990.35,994.09,0.9765,91.1243,78.1,96.4,5.7571,4.286,0.67,7.23,1.6654,6.0759,1.08,10.33,2.2478,3.6449,1.7076,25.1028,144.0,2010.0,102.0,primavera,agosto,NE,12.22
2010-04-13,989.3712,987.8,990.59,0.9469,74.7094,61.65,90.7,9.7168,4.3826,0.81,7.96,1.6412,6.3351,1.6,11.17,2.1444,3.915,1.8748,25.589,144.0,2010.0,103.0,primavera,abril,NE,9.11
2010-04-14,988.7264,987.93,989.86,,79.5583,64.62,92.7,8.6467,2.9062,0.56,5.41214141,1.3535,4.4504,1.2,8.51899641,1.8933,2.4978,1.1023,23.8131,144.0,2010.0,104.0,primavera,abril,NE,5.9
2010-04-15,990.2781,989.0,991.7,0.8757,87.1597,77.7,93.2,5.0477,1.7141,0.19,5.31,1.2178,2.8643,,8.01,1.7828,0.9484,0.1843,11.0,144.0,2010.0,105.0,otoño,enero,N,9.95
2010-04-16,993.3574,991.58,995.86,1.1295,76.7376,55.48,95.1,14.2005,1.3774,0.19,2.36742351,,2.505,0.32,3.51074615,1.5233,0.2089,-0.3546,300.5018,144.0,2010.0,106.0,primavera,abril,NO,16.45
2010-04-17,994.6306,991.75,996.81,1.87,61.936,27.02,94.88001629632562,21.9844,1.2006,0.22,2.59,0.6763,2.0758,0.46,4.32,1.0986,-0.5232,0.2296,156.3053,144.0,2010.0,107.0,primavera,mayo,SE,17.84
2010-04-18,987.1219,983.59,992.05,2.8894,58.6052,31.929999999999996,93.4,21.5933,,0.756,20.304,149.54000000000002,3.0308,0.44,8.21,109.38,0.7954,0.5653,35.4033,144.0,2010.0,108.0,primavera,noviembre,NE,14.01
2010-04-19,986.8878,984.21,989.25,1.4214,67.0647,52.83,88.3,10.9964,8.24688,0.864,12.52683936,1.7265,3.5616,0.44,4.82805267,2.4006,1.4513,1.2125,39.8772,144.0,2010.0,109.0,primavera,octubre,NE,16.95
2010-04-20,986.5524,983.88,989.21,1.6397,56.823800000000006,30.69,80.8,14.6275,5.796,0.8280000000000001,17.748,0.7891,3.0919,0.52,8.31,1.6293,0.0407,-0.4356,275.3428,144.0,2010.0,110.0,primavera,noviembre,O,7.8
2010-04-22,989.9285,988.02,991.59,1.1611,54.3607,31.13,75.8,14.9873,1.927,0.24,3.45,0.8811,3.3615,0.44,6.69,1.3712,0.0991,-1.157,274.8966,144.0,2010.0,112.0,primavera,febrero,O,14.79
2010-04-23,989.2224,987.96,991.1,0.8008,54.653600000000004,28.82,86.0,18.3056,1.5317,0.21,,1.231,2.5055,0.4,10.74317199370902,1.742,,0.7031,53.4957,144.0,2010.0,113.0,primavera,julio,NE,18.07
2010-04-24,993.6544,991.19,1000.628283752811,1.5255,53.5655,33.06,85.3,17.1051,1.7381,0.13,4.61,1.1973,2.8619,0.28,6.68,1.7865,0.8365,1.0057,50.2475,144.0,2010.0,114.0,primavera,abril,NE,21.88
2010-04-25,996.1862,994.06,998.27,1.4082,52.8978,28.41,84.3,16.843,5.12208,0.6120000000000001,14.184,1.0723,2.5678,0.36,7.0,1.8686,-0.505,0.681,126.5599,144.0,2010.0,115.0,primavera,junio,SE,16.88
2010-04-26,994.8513,992.49,997.35,1.3094,69.3304,49.31,90.6,10.6044,,0.26,3.51,0.7344,3.0984,0.74,7.73,1.5147,-0.4417,-1.079,247.7375,144.0,2010.0,116.0,primavera,abril,O,16.19
2010-04-27,999.1458,997.4,1000.78,1.0228,64.9635,,85.5,13.6014,6.96096,0.684,8.72404884,0.8871,3.7011,0.76,7.77,1.7177,-0.0943,-1.648,266.7245,144.0,2010.0,117.0,primavera,julio,O,20.83
2010-04-28,998.3433,994.02,1001.03,2.5643,,30.48,93.7,21.2146,1.4021,0.23,4.01,0.8032,2.464,0.56,7.921981992290343,1.3523,-0.4996,0.4425,138.4708,144.0,2010.0,118.0,primavera,abril,SE,24.63
2010-04-29,988.1486,982.58,994.28,3.7698,51.5399,,85.5,20.6048,2.4159,0.27,5.7,1.4359,3.7914,0.68,8.48,2.2094,-1.9756,-0.9977,206.7934,144.0,2010.0,119.0,primavera,mayo,SO,21.99
2010-04-30,981.8915,980.44,984.05,0.9646,56.8988,37.3,90.0,,11.2878,1.116,19.707402636,2.4861,5.4206,0.6,9.58775453,3.8407,-2.0019,-1.729,220.8171,144.0,2010.0,120.0,primavera,abril,SO,14.78
2010-05-01,983.5897,982.28,984.41,0.597,75.9077,59.19,90.8,9.095,1.6733,0.32,4.34,1.0362,2.7649,0.68,6.4,1.5246,-0.6541,-0.9653,,144.0,2010.0,121.0,primavera,agosto,SO,12.62
2010-05-02,983.4957,981.9,984.56,0.9909,86.0743,71.0,95.0,6.7405,1.9572,0.27,4.16,0.9834,2.8285,0.52,5.46,1.2542,1.6571,0.7044,23.0284,144.0,2010.0,122.0,primavera,febrero,NE,14.91
2010-05-03,983.3131,980.98,988.18,2.2675,82.8998,56.68,95.7,12.8944,1.8337,0.24,5.37,1.2917,3.1152,0.44,7.04,1.9983,0.408,-0.4854,,144.0,2010.0,123.0,primavera,mayo,NO,8.68
2010-05-04,990.491,988.09,992.43,1.1058,85.6294,59.21999999999999,96.4,9.66,2.4977,0.27,5.36,1.5276,3.8678,0.52,8.05,2.2068,2.0915,0.9833,25.1806,144.0,2010.0,124.0,primavera,mayo,NE,10.78
2010-05-05,989.5318,982.92,993.05,3.3035,59.7267,46.66,79.8,8.8333,4.0103,0.87,10.011113754427548,,6.51,2.08,11.01,2.1146,2.6868,2.7231,45.3851,144.0,2010.0,125.0,primavera,mayo,NE,6.13
2010-05-06,976.4279,974.13,982.7,2.2772,96.2688,80.5,98.0,3.1362,4.001,0.47,6.29,1.6222,5.7622,1.26,9.43,2.1712,3.5814,1.706,25.471,144.0,2010.0,126.0,primavera,mayo,NE,8.96
2010-05-07,979.0749,975.71,982.53,2.2225,86.1681,73.2,98.5,8.7888,2.2757,0.26,5.3,1.3022,3.3936,0.56,8.09,1.9255,-2.0077,-0.4296,192.0784,144.0,2010.0,127.0,primavera,mayo,S,14.27
2010-05-08,983.2728,982.33,984.26,0.5323,71.209,50.23,94.8,15.5367,6.44832,0.792,15.228000000000002,1.074,3.0001,0.44,6.56,1.6509,-1.2064,-0.6675,208.9548,144.0,2010.0,128.0,primavera,abril,SO,16.72
2010-05-09,982.1024,979.99,984.26,1.4817,78.7208,37.96,95.3,18.8449,4.4168400000000005,0.5760000000000001,17.1,76.1,2.0592,0.32,7.89,60.23500000000001,-0.4445,-0.1626,200.0965,144.0,2010.0,129.0,primavera,noviembre,S,9.23
2010-05-10,981.3194,979.22,983.46,1.314,91.0597,82.8,95.9,3.9307,2.4781,0.17,4.69,1.1972,3.6038,0.48,6.45,1.5003,1.9895,1.3399,33.9599,144.0,2010.0,130.0,primavera,mayo,NE,11.21
2010-05-12,980.1565,976.2,983.57,2.2448,76.9885,55.279999999999994,97.8,14.7929,2.6565,0.42,6.17,1.7074,4.3028,1.04,9.17,2.3774,-1.6975,-1.401,219.5341,144.0,2010.0,132.0,primavera,mayo,SO,9.2
2010-05-13,984.0877,983.25,984.82,0.3929,77.6884,69.83,84.9,3.7876,1.4672,0.38,3.6,0.7288,2.5283,0.88,5.09,1.0377,1.0971,0.3193,16.2289,144.0,2010.0,133.0,primavera,mayo,N,8.59
2010-05-14,983.8815,983.37,984.45,0.3342,85.6792,71.3,94.8,6.6657,1.1519,0.33,2.77,0.5815,2.1784,0.64,4.61,0.9389,0.5813,-0.0452,355.5565,144.0,2010.0,134.0,otoño,mayo,N,7.51
2010-05-15,983.2032,982.48,984.21,0.5635,86.8639,73.9,94.6,5.4924,1.4994,0.4,3.01,0.5142,2.9689,0.96,6.29,1.1145,-0.2647,-1.3974,,144.0,2010.0,135.0,primavera,mayo,O,13.8
2010-05-16,986.0356,982.77,990.09,2.2714,64.1501,46.18,81.2,12.3698,2.2149,0.48,3.68,0.6837,4.2215,1.04,8.05,1.5155,-0.2581,-2.0599,262.857,144.0,2010.0,136.0,primavera,mayo,O,15.46
2010-05-17,992.2201,990.1,994.48,0.9481,68.5212,46.75,93.0,15.1533,1.4008,0.19,2.1126614,0.8008,2.856,0.36,,1.5907,0.1101,-0.8171,277.6718,144.0,2010.0,137.0,primavera,noviembre,O,11.72
2010-05-18,996.1187,994.41,997.26,0.8258,66.8976,50.68,85.3,10.8936,1.7781,0.5,3.51,0.6488,3.8016,1.08,7.77,1.5326,0.0262,-1.5982,270.9407,144.0,2010.0,138.0,primavera,enero,O,9.29
2010-05-19,994.2712,993.17,995.79,0.7292,91.6868,74.6,97.7,5.6783,2.2481,0.44,4.26,0.9978,4.2112,0.96,7.01,1.5748,-0.639,-1.7592,250.0376,144.0,2010.0,139.0,primavera,mayo,O,11.81
2010-05-20,998.7756,995.71,1001.04,1.6964,95.3104,91.4,97.5,1.7216,1.6201,0.38,6.67320236582554,0.8983,2.794,1.0,5.24,1.0707,-0.5186,-1.1815,246.3013,144.0,2010.0,140.0,primavera,mayo,SO,20.85
2010-05-21,1000.0148,998.61,1001.05,0.822,75.196,,,13.4499,3.9294,0.6120000000000001,12.6,0.647,2.0254,0.4,5.72,1.055,0.1864,-0.0429,347.0397,,2010.0,141.0,primavera,febrero,N,20.37
2010-05-22,997.0282,994.88,999.0,1.3355,75.6062,34.87,98.0,20.1947,2.0687,0.34,3.5418147,1.3892,3.4074,0.39767744,11.09819021401451,1.9226,0.9552,0.2726,15.9266,144.0,2010.0,142.0,primavera,mayo,N,22.86
2010-05-23,993.4859,990.36,996.05,1.8095,71.7853,39.77,91.0,15.0002,5.3334,1.1880000000000002,14.112,0.6835,2.7526,0.68,7.22,1.2208,0.0604,-0.8901,273.8799,144.0,2010.0,143.0,primavera,agosto,O,22.96
2010-05-24,985.2567,981.03,993.0874028104608,2.833,72.8769,49.29,92.1,12.9643,1.8148,0.36,2.2990727,0.846,3.2373,0.86,8.93,1.6359,-0.4713,,249.7084,144.0,2010.0,144.0,primavera,mayo,O,19.01
2010-05-25,984.2751,983.03,985.09,0.5505,69.206,45.54,96.88517983128668,17.4788,5.84316,0.6120000000000001,15.624,0.9226,3.3144,0.36,7.73,1.9342,0.6181,-0.5857,316.5441,144.0,2010.0,145.0,primavera,enero,NO,14.63
2010-05-26,982.4022,978.16,984.9,2.1048,74.3139,52.8,94.8,11.3747,2.1353,0.3,1.64865519686707,1.0354,3.3368,0.6,3.93327843,1.4983,0.607,1.0086,58.9617,144.0,2010.0,146.0,otoño,mayo,NE,15.96
2010-05-27,981.6792,977.6,984.67,2.4929,82.8474,59.87,97.9,12.7308,1.0478,0.23,3.8314097514495353,0.4554,2.1508,0.48,5.12,0.9955,0.0841,-0.4141,281.4798,144.0,2010.0,147.0,primavera,mayo,O,16.48
2010-05-28,985.9925,983.51,991.36,2.3203,82.0886,65.95,92.5,8.2679,4.46472,0.7200000000000001,9.972,0.5506,2.1576,0.5,4.44,0.911,-0.4173,-0.6289,236.4323,144.0,2010.0,148.0,primavera,noviembre,SO,20.43
2010-05-29,991.1369,986.36,993.87,2.2734,67.6454,39.56,98.0,22.6877,1.4737,0.39,2.12508882,0.6637,2.4782,0.84,3.70337116,1.1423,-1.1009,0.0534,177.2219,144.0,2010.0,149.0,primavera,enero,S,18.66
2010-05-30,980.565,977.37,986.19,2.6262,80.35,56.52,95.4,10.1683,9.207,1.4400000000000002,27.36,1.5939,4.2024,1.0,9.95,2.2319,-1.924,-1.2563,213.1421,144.0,2010.0,150.0,primavera,diciembre,SO,12.61
2010-05-31,982.7478,978.6,986.69,2.1922,83.7007,67.58,,7.9192,2.5017,1.01,4.46,0.6293,4.6635,2.32,8.45,1.1284,-0.5479,-2.3933,257.1063,,2010.0,151.0,primavera,mayo,O,10.99
2010-06-01,985.7027,985.19,986.31,0.2455,92.3847,84.5,96.0,3.1071,2.0421,0.28,4.49,1.1477,3.5626,0.64,6.89,1.5758,-0.2549,-1.718,261.5592,144.0,2010.0,152.0,otoño,junio,O,13.63
2010-06-02,987.2385,985.64,989.2,1.0986,89.8919,66.43,96.7,9.0145,1.4965,0.61,2.37363722,0.5593,3.2408,1.48,4.349597,1.0681,0.087,-0.5506,278.977,144.0,2010.0,153.0,otoño,junio,O,20.57
2010-06-03,990.3269,988.64,992.28,0.9101,61.7652,45.86,74.7,8.747,3.1482,0.81,6.84,1.9724,5.5434,1.52,10.97,2.8259,2.1405,1.1391,28.02,144.0,2010.0,154.0,otoño,junio,NE,22.33
2010-06-04,993.1731,992.0,995.0,0.7214,64.5377,44.25,89.5,12.3151,1.4861,0.23,2.74024611,0.9018,2.7039,0.36,3.95191956,1.4535,0.7912,-0.1383,350.0836,144.0,2010.0,155.0,verano,marzo,N,25.8
2010-06-05,992.9093,990.34,995.11,1.8524,65.3404,40.37,95.7,18.3573,,0.6120000000000001,14.004,0.7504,2.4425,0.28,5.4,1.186,0.2176,0.3278,56.4203,144.0,,156.0,invierno,enero,NE,28.53
2010-06-06,985.977,981.99,991.873919889664,2.9336,63.3431,35.36,95.0,19.1901,1.7765,0.19,2.82102434,1.0139,3.0162,0.44,4.4738712000000005,1.6689,-0.5533,-0.1605,196.1758,144.0,2010.0,157.0,verano,junio,S,21.4
2010-06-07,983.9993,982.62,989.1220515959644,,65.7976,46.92,85.7,12.0785,7.841880000000001,1.152,25.596,1.1978,4.0388,0.52,10.89,2.1787,-0.7476,-1.6842,246.0655,144.0,2010.0,158.0,invierno,septiembre,SO,26.84
2010-06-08,982.2701,979.84,984.69,1.715,63.5633,37.01,,19.1055,1.7326,0.2,4.72,0.9997,2.9317,0.4,7.68,1.7093,-0.9427,,188.8097,144.0,2010.0,159.0,otoño,junio,S,29.69
2010-06-09,980.8706,979.64,982.02,0.7847,61.1468,,85.3,15.2282,2.0599,0.24,5.51,1.2302,3.3485,0.44,8.64,1.7638,-0.6048,0.5495,137.7404,144.0,2010.0,160.0,verano,febrero,SE,29.18
2010-06-10,980.076,978.79,981.02,0.5982,66.5321,42.84,87.52200505646874,12.762,6.273,0.684,19.008000000000003,,2.9078,0.46,7.16,74.17,0.1127,0.6907,80.7346,144.0,2010.0,161.0,invierno,agosto,E,24.99
2010-06-11,980.5151,978.1,982.4,1.224,65.2177,46.67,95.1,14.0055,3.126,0.18,6.91,1.6349,5.1428,0.48,12.22,2.5602,-2.006,-2.1111,226.4621,144.0,2010.0,162.0,otoño,mayo,SO,21.08
2010-06-12,983.8865,982.14,989.4082188846048,1.6586,74.5768,60.17,86.3,6.1271,1.5181,0.26,6.67,1.1151,2.6122,0.64,9.21,1.6987,-0.214,-0.6719,252.3332,144.0,2010.0,163.0,verano,junio,O,18.41
2010-06-13,988.6304,986.86,990.34,1.0994,67.2226,48.66,91.0,13.2572,8.04168,0.8280000000000001,16.884,1.0543,3.864,0.68,9.57,1.5836,1.1816,0.0904,4.3739,,2010.0,164.0,invierno,mayo,N,16.77
2010-06-14,989.0653,987.08,992.19,1.4292,69.0931,57.22,,6.6922,1.497,0.2,4.4,0.8982,2.3697,0.48,6.68,1.4045,0.3662,0.4365,,,2010.0,165.0,verano,junio,NE,19.07
2010-06-15,993.4415,991.81,999.2806727338474,1.0752,71.6975,54.27,91.66276846595864,10.4577,2.5738,0.19,6.0,1.5675,4.0371,0.4,8.41,2.2523,2.0907,1.198,29.8137,144.0,2010.0,166.0,verano,junio,NE,19.39
2010-06-16,994.3778,992.58,996.18,1.2248,57.3974,42.07,76.1,10.0528,3.9957,0.88,4.61678653,1.5647,6.1619,1.8,10.85,2.5869,2.5429,2.7794,47.544,144.0,2010.0,167.0,verano,abril,NE,21.52
2010-06-17,990.5867,986.92,993.54,2.1707,,41.16,72.2,10.3101,3.6249,0.37,4.11968973,1.643,5.5388,0.64,6.05836725,2.5515,,2.3003,44.8228,144.0,2010.0,168.0,invierno,enero,NE,21.92
2010-06-18,982.9563,980.72,986.84,1.7288,62.0452,43.46,77.9,,2.361,0.2,5.84,1.376,4.4346,0.4,9.89,2.1691,1.6313,0.1258,4.4079,144.0,2010.0,169.0,otoño,julio,N,15.98
2010-06-19,980.3094,978.93,981.78,0.7759,61.4241,39.59,78.00223675183815,11.2101,1.9999,0.46,4.11,0.6625,3.6344,1.08,9.56533442661028,1.2367,-0.3478,-1.6699,258.2362,144.0,2010.0,170.0,verano,junio,O,17.1
2010-06-20,984.9274,981.19,,2.3486,63.0392,45.41,79.5,10.8541,1.7382,0.5,3.58,0.6392,3.2446,1.06,6.12,1.1631,0.2757,-0.8247,288.4842,144.0,2010.0,171.0,verano,junio,O,15.11
2010-06-21,991.991,989.18,994.88,1.5659,69.8227,56.27,85.0,10.0447,1.4384,0.24,3.9,0.8554,2.6885,0.46,6.16,1.3792,0.7567,0.0876,6.6031,144.0,2010.0,172.0,invierno,junio,N,19.23
2010-06-24,991.3999,989.23,993.65,1.4476,57.0001,39.72,83.8,14.8373,,0.2,3.54,0.7059,2.4869,0.52,6.92,1.5341,0.4158,-0.0683,350.6742,144.0,2010.0,175.0,verano,junio,N,25.58
2010-06-25,988.5058,987.44,989.73,0.6772,67.0338,43.68,87.8,13.0594,1.8183,0.19,5.67,1.3685,3.1146,0.44,,2.147,0.5916,0.2265,20.9499,144.0,2010.0,176.0,invierno,mayo,N,23.26
2010-06-26,990.8678,989.57,992.79,0.7017,57.5938,41.32,74.1,9.1531,2.0253,0.2,3.36783082,1.234,3.4474,0.2236935599999999,11.292532355744983,1.8907,1.4049,0.9115,32.9743,144.0,2010.0,177.0,verano,junio,NE,24.66
2010-06-27,993.3922,992.52,,0.4439,59.6183,41.12,90.4,16.0907,1.8533,,4.51,1.3974,3.1171,0.4,8.44,2.2734,0.7064,1.297,61.4249,,2010.0,178.0,invierno,mayo,NE,26.67
2010-06-28,992.5548,991.34,993.71,0.8038,55.0306,37.2,87.0,16.4508,1.7302,0.16,4.55,1.3983,2.8125,0.32,7.36,2.1003,0.7872,0.9125,49.2179,144.0,,179.0,verano,agosto,NE,29.2
2010-06-29,991.1472,989.47,992.19,0.9046,54.9894,36.72,83.5,15.4786,1.5217,0.23,4.65,1.0124,,0.52,7.08,1.645,0.2402,-0.0163,356.1195,144.0,2010.0,180.0,invierno,junio,N,27.59
2010-06-30,991.9681,990.82,993.04,0.6178,60.3794,39.18999999999999,77.6,11.1483,1.6628,0.14,3.56,0.9251,2.9428,0.32,6.4,1.5452,1.008,0.3948,21.39,144.0,2010.0,181.0,invierno,junio,N,29.03
2010-07-01,990.4292,989.1,992.06,0.8498,60.3077,37.51,89.4,17.2378,1.4374,0.15,3.23,0.811,2.4914,0.36,5.32,1.2954,0.659,0.2537,21.0579,144.0,2010.0,182.0,verano,agosto,N,30.61
2010-07-02,990.1361,988.92,990.84,0.6349,54.6587,33.67,85.4,17.2655,1.8548,0.16,3.78414939,1.5966,3.0945,0.44,8.44,2.3459,0.36,1.1351,72.4017,144.0,2010.0,183.0,invierno,julio,E,31.3
2010-07-03,990.1452,988.59,991.1,0.7868,49.2611,33.86,76.1,13.6651,,0.432,11.922866748,1.6044,3.2292,0.32,5.1573793000000006,2.4499,0.4213,1.12,69.3844,144.0,2010.0,184.0,invierno,agosto,E,27.14
2010-07-04,991.0611,989.96,992.35,,70.8363,58.41,93.9,9.1938,1.6888,0.31,2.83345176,1.179,2.9619,0.56,4.32474216,1.838,0.8013,0.4707,30.4296,144.0,2010.0,185.0,verano,julio,NE,27.62
2010-07-05,990.8578,989.19,991.94,0.836,78.4585,45.9,97.9,15.9156,1.259,0.17,3.52,0.7117,2.2638,0.4,5.7,1.2422,-0.0362,0.0761,115.4099,144.0,2010.0,186.0,verano,julio,SE,19.94
2010-07-06,994.3294,991.56,996.62,1.6512,71.8854,,94.3,15.4007,,0.24,,0.7343,2.9048,0.56,6.77,1.2594,-0.149,-1.2737,263.3273,144.0,2010.0,187.0,verano,julio,O,23.98
2010-07-07,996.1588,994.87,996.9,0.6751,61.1667,37.61,93.0,,1.2883,0.26,3.59,0.6093,2.3872,0.56,7.0,1.1604,-0.1362,-0.0218,189.1011,144.0,2010.0,188.0,verano,julio,S,29.49
2010-07-08,994.2855,992.64,996.06,1.0571,56.3033,33.61,89.37927043098468,18.1929,1.5954,0.15,4.33,0.8246,2.6258,0.44,5.96,1.2782,-0.0803,0.5583,98.1796,144.0,2010.0,189.0,invierno,abril,E,33.43
2010-07-09,992.8331,991.0,994.33,1.0775,51.9891,27.97,88.9,,,0.648,15.336,1.1653,3.1638,0.4,7.28,1.9161,-1.5859,0.1287,175.3616,144.0,2010.0,190.0,invierno,mayo,S,33.35
2010-07-10,991.8615,990.26,993.21,1.0672,53.2151,33.73,75.41797013099581,13.6894,1.6652,0.22,2.24314931,0.934,,0.48,3.75308084,1.4123,0.1038,0.7046,81.6182,144.0,2010.0,191.0,verano,julio,E,34.92
2010-07-11,,987.79,990.71,0.8206,52.9551,29.35,76.5,16.6113,6.631200000000001,0.5760000000000001,,1.1514,3.2117,0.36,7.44,1.9433,-1.0076,,192.4824,144.0,2010.0,192.0,invierno,mayo,S,33.45
2010-07-12,986.5395,982.69,989.83,2.2268,62.5644,35.45,93.3,16.8478,7.153200000000001,0.972,14.741405604,139.39999999999998,3.4672,0.56,8.40714963,116.79,-0.3219,-0.5434,239.3543,144.0,2010.0,193.0,invierno,septiembre,SO,28.21
2010-07-13,985.5278,984.39,986.87,0.6369,70.842,47.71,96.6,16.7805,,0.6120000000000001,12.348,0.7084,2.6357,0.4,5.52,1.084,-0.069,-0.0951,234.0426,144.0,2010.0,194.0,invierno,julio,SO,33.44
2010-07-14,983.4233,979.07,986.04,2.4599,59.7727,33.40999999999999,95.1,22.1647,1.8899,0.18,5.91,1.1628,3.2856,0.44,11.76,2.1687,,0.1038,175.7723,144.0,2010.0,195.0,verano,julio,S,26.42
2010-07-15,987.4847,983.38,991.2,2.1358,66.1715,41.42,94.1,18.65,9.84564,1.152,22.536,173.9,4.4383,0.72,10.28,132.12,-1.8183,-1.5064,219.6395,144.0,2010.0,196.0,invierno,junio,SO,33.7
2010-07-16,989.4465,987.27,991.32,1.4374,57.067,32.25,90.7,18.5938,1.6802,0.29,4.0,1.0399,2.9238,0.68,6.8,1.7555,-1.3024,-0.2878,192.4596,144.0,2010.0,197.0,verano,mayo,S,26.57
2010-07-17,991.8358,988.55,,1.9722,69.6636,46.26,89.9,13.7308,5.8615200000000005,0.972,13.932,82.72,3.0156,0.56,9.371644758356853,73.085,-0.1274,-0.8043,261.0015,144.0,2010.0,198.0,invierno,septiembre,O,25.55
2010-07-18,998.9731,996.11,1000.53,1.1284,59.8617,30.59,87.5,20.6621,1.7334,0.15,4.27,0.9309,3.1142,,0.4,1.5482,0.5565,,323.5417,144.0,2010.0,199.0,invierno,febrero,NO,24.86
2010-07-19,997.3678,994.7,999.67,1.8532,55.1385,34.52,86.9,18.1205,1.5608,0.17,4.97,1.0792,2.6978,0.36,9.24,1.8303,0.1771,0.8298,77.9514,144.0,2010.0,200.0,invierno,julio,E,26.96
2010-07-20,990.1238,985.78,994.88,3.2072,56.8588,37.44,85.5,15.9491,2.0191,0.23,4.8,1.272,,0.56,8.0,2.0591,0.3279,1.2171,74.9214,,2010.0,201.0,invierno,julio,E,33.86
2010-07-21,982.9801,981.0,985.74,1.3276,53.262600000000006,28.5,89.9,20.8437,,0.23,4.84,1.19,3.3926,0.56,9.04,2.0451,-1.584,-0.5291,198.4712,144.0,2010.0,202.0,verano,julio,S,29.78
2010-07-22,986.199,982.96,989.23,1.7256,69.2656,43.43999999999999,95.6,16.7794,5.06412,1.476,8.992481112,0.6958,2.579,0.84,3.9767744,,-0.1936,-0.2757,234.9197,144.0,2010.0,203.0,invierno,abril,SO,20.24
2010-07-23,988.706,987.64,989.64,0.4902,91.5986,77.8,95.6,5.0431,2.1539,0.38,5.31,1.3576,3.3474,0.64,7.56,1.857,0.3312,-0.5281,302.0961,144.0,2010.0,204.0,invierno,julio,NO,19.9
2010-07-24,989.4901,988.11,990.71,0.8236,70.718,43.15,95.7,19.5606,8.50572,3.78,13.824,0.628,4.3183,1.84,8.0,1.0785,-0.3807,-2.2396,260.3533,144.0,2010.0,205.0,invierno,marzo,O,21.84
2010-07-25,988.4481,986.66,990.6,1.3229,54.7125,29.9,75.7,14.8547,8.159400000000002,0.972,14.94,76.42,3.9796,0.7,6.84,65.835,-0.4664,-2.0489,257.1757,144.0,2010.0,206.0,invierno,mayo,O,22.51
2010-07-26,986.0322,984.02,987.76,0.9561,72.71,44.68,93.6,13.723,1.3818,0.38,4.81,1.0051,2.4117,0.72,12.13910300513704,1.6882,-0.8312,-0.2421,196.2418,144.0,2010.0,207.0,verano,julio,S,23.79
2010-07-27,988.6547,986.41,992.2682331165372,1.3107,74.158,47.46,95.0,15.2559,4.16844,0.648,8.701679484,0.7397,2.1001,0.52,4.57329056,1.2866,-0.2102,-0.6131,251.0743,144.0,2010.0,208.0,invierno,octubre,O,20.95
2010-07-28,987.5393,985.04,990.71,1.8691,82.8324,61.09,94.8,9.2066,7.53156,0.756,19.8,118.0,3.3961,0.56,8.52,92.855,-1.4085,-1.1105,218.2541,144.0,2010.0,209.0,invierno,noviembre,SO,20.12
2010-07-29,,982.14,985.18,0.8614,84.7097,58.5,96.5,9.5089,5.82732,1.0080000000000002,15.192,92.84,2.7006,0.84,5.84,61.98,-0.4047,-0.4884,230.3525,144.0,2010.0,210.0,invierno,noviembre,SO,22.05
2010-07-30,987.866,984.82,991.19,1.7906,71.9944,43.36,93.9,16.4678,1.3847,0.23,3.51,,2.4015,0.72,5.52,,-0.5753,-0.9087,237.6617,144.0,2010.0,211.0,verano,julio,SO,24.44
2010-07-31,990.1399,988.49,991.81,1.0775,64.0096,38.89,95.2,20.9782,2.0074,0.29,1.77992984954501,1.1502,3.3231,0.48,5.356218019999999,1.8701,-1.7609,-0.4186,193.3735,144.0,2010.0,212.0,verano,julio,S,27.58
2010-08-01,988.0402,986.21,989.47,1.1193,60.7799,40.0,91.90766538532445,16.5945,2.2363,0.4,6.03,1.3059,3.5776,0.84,9.04,1.9824,-2.0452,-0.4904,193.4841,144.0,2010.0,213.0,invierno,agosto,S,23.71
2010-08-02,987.3986,986.15,988.57,0.6715,80.1034,57.15,96.1,13.6327,4.2278400000000005,1.0080000000000002,9.864,0.5531,2.1675,0.6,4.5,0.9207,-0.3492,-0.4043,229.1858,144.0,2010.0,214.0,invierno,enero,SO,19.64
2010-08-03,986.9185,985.67,988.57,0.8129,87.1221,61.47,96.9,9.0357,5.077800000000001,0.972,8.746418196,0.8402,2.2515,0.52,3.45482276,1.0296,-0.2975,-0.9462,252.5472,144.0,2010.0,215.0,invierno,junio,O,22.14
2010-08-04,984.6884,981.51,988.13,2.4028,72.0683,43.9,98.3,20.4348,8.03232,1.296,17.532,125.69,3.4674,0.6,7.56,90.97,-1.9725,-0.5363,195.2098,144.0,2010.0,216.0,invierno,enero,S,22.51
2010-08-05,981.4472,980.01,984.94,1.4945,76.9339,51.5,93.1,13.3076,5.08608,0.8280000000000001,10.379381184,0.9279,2.4669,0.64,4.23153651,1.3609,-0.3989,-0.3165,218.4351,144.0,2010.0,217.0,invierno,marzo,SO,14.9
2010-08-06,987.9515,984.82,990.79,2.0211,92.7354,89.9,94.9,1.3667,2.0086,0.27,,0.8271,,0.72,6.81,1.1623,-0.9405,-1.6401,240.1677,144.0,2010.0,218.0,verano,agosto,SO,22.42
2010-08-07,990.0758,989.22,990.93,0.4629,70.5783,51.36,89.4,11.6808,1.8354,0.16,4.38,1.057,3.1106,0.4,5.72,1.345,-0.5054,-1.3853,249.9553,144.0,2010.0,219.0,verano,agosto,O,22.71
2010-08-08,988.7258,987.02,989.97,0.6651,72.8447,48.5,93.4072200256414,12.456,1.8937,0.18,6.01,1.4043,3.0608,0.36,8.6,1.9871,-1.5258,-0.5738,200.6078,144.0,2010.0,220.0,verano,agosto,S,21.4
2010-08-09,990.1133,989.24,,0.5614,78.506,58.82000000000001,92.9,11.2451,0.9647,0.12,3.03,0.6042,1.7738,0.32,6.08,1.1298,-0.3586,-0.3859,227.1017,144.0,2010.0,221.0,verano,agosto,SO,25.64
2010-08-10,989.384,987.51,990.83,1.1148,67.0697,36.93,97.2,22.7587,1.3172,,3.88,0.7311,2.1769,0.28,5.32,1.0592,-1.0701,-0.1643,188.7309,144.0,2010.0,222.0,verano,agosto,S,23.55
2010-08-12,986.601,985.56,988.5,,94.8917,83.1,97.8,3.4658,0.9747,0.2,,0.6537,1.6272,0.44,5.24,0.9139,-0.613,-0.2912,205.4101,144.0,2010.0,224.0,verano,agosto,SO,19.81
2010-08-13,990.2765,988.41,991.32,0.8328,89.3938,71.9,98.3,8.5972,0.9541,0.23,2.75267353,0.7778,1.6182,0.56,4.42416152,1.1038,0.2123,0.06,15.7715,144.0,2010.0,225.0,verano,agosto,N,19.57
2010-08-14,990.4828,989.22,991.29,0.4346,84.3864,65.12,95.7,9.4681,1.7086,0.32,2.62839933,0.8538,2.8174,0.62,5.92,1.1893,0.7872,0.6511,39.5952,144.0,2010.0,226.0,verano,agosto,NE,19.5
2010-08-16,984.2949,983.67,985.74,0.4977,80.2311,58.26,96.1,12.1723,2.4597,0.19,6.88,1.6028,3.7673,,11.07,2.4536,-2.2068,-0.6101,195.4534,144.0,2010.0,228.0,invierno,agosto,S,16.38
2010-08-17,981.0495,979.56,983.58,1.2185,90.9215,82.4,98.0,3.8547,10.10916,3.672,12.392623224,104.97,4.7726,2.04,4.97718171,75.265,-2.3284,-1.237,207.9806,144.0,2010.0,229.0,invierno,febrero,SO,19.54
2010-08-18,981.6383,980.93,983.33,0.5858,79.0359,64.35,90.5,8.0188,3.2999,,7.58,1.7667,5.1949,0.96,11.17,2.5072,,-1.3438,205.1858,144.0,2010.0,230.0,invierno,octubre,SO,21.5
2010-08-19,988.9699,983.62,994.09,2.9195,70.564,41.79,,19.4742,6.2240400000000005,1.116,16.704,84.28999999999999,3.0081,0.56,8.28,74.1,-0.774,-1.3468,240.1141,144.0,2010.0,231.0,invierno,enero,SO,26.92
2010-08-20,994.8881,993.65,996.23,0.7383,,39.58,96.3,21.0448,4.912920000000001,1.332,7.202932632000001,0.6399,2.3396,1.02,3.3056937200000003,0.9951,-1.0108,-0.1055,185.96,144.0,2010.0,232.0,invierno,agosto,S,28.79
2010-08-21,995.824,994.13,997.58,1.1316,68.9471,40.72,95.7,19.0072,6.26292,1.692,13.284,80.69,2.8569,0.8,6.4,64.63,-1.3185,-0.6247,205.3501,144.0,2010.0,233.0,invierno,enero,SO,29.39
2010-08-22,989.9766,985.4,994.47,2.8049,75.6238,49.19,96.3,18.1443,7.75368,1.692,21.456,1.3038,3.6382,0.96,10.12,2.0843,-1.503,-1.116,216.5951,144.0,2010.0,234.0,invierno,septiembre,SO,23.18
2010-08-23,980.3681,976.23,986.7028730544172,2.9334,85.1278,67.43,98.8,11.1475,10.89396,3.6,25.164,1.4131,4.4824,,10.72,,-2.7387,-1.0107,200.2565,144.0,,235.0,verano,agosto,S,22.27
2010-08-24,981.5886,978.23,986.97,2.5035,71.3435,45.1,94.7,17.4446,2.3306,0.71,4.05,0.7666,3.8519,1.22,6.86,1.3068,-0.9222,-1.8368,243.3401,144.0,2010.0,236.0,verano,agosto,SO,19.91
2010-08-25,989.1472,987.02,,0.9632,62.7705,45.12,82.8,11.1145,2.986,0.53,6.71,1.5713,4.9503,1.0,,2.6518,-1.9985,-1.9831,224.7782,144.0,2010.0,237.0,verano,agosto,SO,23.82
2010-08-26,983.9448,979.5,993.1151587447024,2.7147,79.3569,62.25000000000001,95.2,9.4406,2.2843,0.37,6.53,1.3336,3.7952,0.88,12.99018934916828,2.3968,-1.7086,-1.1844,,144.0,2010.0,238.0,verano,agosto,SO,22.03
2010-08-27,976.107,974.12,979.89,1.5143,82.2145,63.44,96.2,9.1996,3.2652,0.66,4.3930929700000005,1.2305,5.5239,1.14,6.760516480000001,1.8869,-2.2657,-1.8801,219.6864,144.0,2010.0,239.0,verano,agosto,SO,17.73
2010-08-28,986.2532,979.93,989.73,2.5841,73.3722,48.09,91.8,14.4209,8.383680000000002,1.404,14.076,0.8035,4.4962,0.76,7.69,1.5981,-0.2797,-2.2439,262.8945,144.0,2010.0,240.0,invierno,agosto,O,15.49
2010-08-29,985.5097,979.18,992.370795991822,2.8399,79.0707,61.36,88.7,8.6499,2.8329,0.57,6.81,1.2701,4.5823,,10.01,2.2672,-2.2612,-1.4549,212.7576,144.0,2010.0,241.0,verano,agosto,SO,11.51
2010-08-30,981.3162,977.47,987.25,3.0336,86.7049,68.91,95.5,6.0954,1.7838,0.4,4.01,0.8278,3.2449,0.92,7.61,1.2568,-0.5118,-1.3042,248.5745,144.0,2010.0,242.0,invierno,enero,O,16.68
2010-08-31,991.6451,987.37,993.34,1.8877,,42.65,95.8,17.8631,1.9385,0.31,4.75,0.8373,,0.84,8.29,1.6909,0.1909,-0.85,282.656,144.0,2010.0,243.0,verano,marzo,O,16.06
2010-09-01,992.1408,991.32,993.17,0.3805,84.4896,73.2,93.5,4.7864,1.8063,0.32,3.59,0.8864,2.9532,0.68,5.24,1.1314,-0.5128,-1.4898,251.0061,144.0,2010.0,244.0,otoño,septiembre,O,15.96
2010-09-03,993.3503,992.43,994.29,0.5194,74.9856,48.8,94.9,14.5107,4.642200000000001,0.5040000000000001,15.552,0.9862,2.2097,0.28,6.32,1.5561,0.6796,0.4432,33.1097,144.0,2010.0,246.0,otoño,abril,NE,16.05
2010-09-04,993.5948,,995.86,1.1187,78.2273,53.11,93.2,13.0597,3.5406000000000004,0.6120000000000001,12.96,0.6563,1.7247,0.36,5.4,0.9832,0.232,-0.0148,356.3524,144.0,2010.0,247.0,otoño,septiembre,N,16.29
2010-09-05,996.3331,995.47,997.31,0.5563,77.3847,47.91,97.9,17.0557,1.7808,0.24,5.33,1.2283,,0.48,8.57,1.9721,0.7417,0.8528,48.9854,144.0,2010.0,248.0,otoño,septiembre,NE,16.23
2010-09-07,984.8831,982.28,989.8,2.4019,66.7108,39.07,94.7,15.1332,2.0348,0.17,2.93908483,1.3536,3.5726,0.32,4.970968,2.2785,-0.8631,1.3656,122.294,,2010.0,250.0,invierno,septiembre,SE,17.54
2010-09-08,981.3136,980.04,982.98,0.9154,79.5388,66.59,,9.5243,6.695640000000001,0.684,10.714921524,1.0968,3.0305,0.52,5.41835512,1.8157,-1.2291,0.3618,163.5994,144.0,2010.0,251.0,otoño,abril,S,16.44
2010-09-09,986.4223,982.79,991.41,2.6419,86.404,67.67,100.0,9.2304,8.061119999999999,1.368,22.032,1.4783,3.6099,0.68,8.53,2.1067,-1.7755,-1.0046,209.5023,144.0,2010.0,252.0,otoño,febrero,SO,19.56
2010-09-10,994.0705,991.44,995.83,1.1919,81.1692,56.76,96.8,13.4341,5.18076,0.792,15.336,77.36,2.5086,0.52,6.28,65.10000000000001,-0.7919,-0.867,227.5917,144.0,2010.0,253.0,otoño,agosto,SO,21.47
2010-09-11,994.5044,993.03,995.74,0.8325,80.547,50.89,98.5,,1.2781,0.26,1.6777017,0.5594,2.0489,0.48,2.2369356,0.7156,,-0.3176,198.2171,144.0,2010.0,254.0,otoño,septiembre,S,23.33
2010-09-12,992.5588,990.92,994.05,1.093,78.0833,45.28999999999999,98.1,17.9211,1.2325,0.17,2.10644769,0.6294,2.0576,0.36,3.45482276,1.0289,-0.8576,-0.2551,196.5688,144.0,2010.0,255.0,otoño,septiembre,S,16.99
2010-09-13,996.2971,992.43,998.67,2.0268,80.4251,57.42,93.9,11.6871,1.6887,0.54,2.16237108,0.7311,3.0272,1.16,3.42996792,0.8779,-0.3799,-1.377,254.5757,144.0,2010.0,256.0,otoño,septiembre,O,15.89
2010-09-14,992.0765,986.0,998.07,3.5329,84.666,74.6,95.5,7.7329,14.9364,2.556,30.564,219.53,6.3031,1.72,11.63,154.63,-3.7073,-1.6091,203.4632,144.0,2010.0,257.0,otoño,abril,SO,16.99
2010-09-15,983.0418,981.47,985.83,1.373,72.0617,53.13,91.7,9.8287,3.777,0.72,7.92,1.7502,6.033,1.96,12.65,2.3706,-2.8825,-2.2054,217.4193,144.0,2010.0,258.0,otoño,septiembre,SO,15.42
2010-09-16,982.6515,979.88,983.85,1.2197,71.3599,53.4,89.2,9.6229,3.1867,0.91,9.831059949436325,1.2836,5.2958,1.76,10.87,1.9818,-2.3763,-1.9422,219.26,144.0,2010.0,259.0,otoño,septiembre,SO,14.6
2010-09-17,985.1312,982.43,988.67,2.0482,76.544,59.23,92.8,10.5409,2.2426,0.71,4.38,0.8008,3.8405,1.36,8.77,1.6908,-1.0561,,240.1255,144.0,2010.0,260.0,otoño,septiembre,SO,13.4
2010-09-18,990.2578,988.75,991.3,0.7393,73.4829,50.84,95.61840942309676,,,0.9,14.76,94.99,3.0136,,7.26,73.83,-0.5691,-1.2753,245.952,144.0,2010.0,261.0,otoño,febrero,SO,14.91
2010-09-19,991.3731,990.75,992.14,0.413,73.9317,48.25,98.1493068660356,16.7158,1.4616,0.44,3.81,0.6269,2.5607,0.84,7.04,1.2589,-0.8275,-0.7323,221.505,144.0,2010.0,262.0,otoño,septiembre,SO,17.82
2010-09-20,990.7903,989.24,991.7,0.6869,72.0334,43.66,91.7,17.2062,2.3881,0.53,6.01,1.3371,3.7103,0.8,8.73,1.7626,-1.9866,-0.6706,198.6525,144.0,2010.0,263.0,otoño,septiembre,S,20.68
2010-09-21,994.0324,991.33,996.88,1.5007,76.7124,49.4,97.3,16.2325,1.1257,0.26,1.95731865,0.5774,2.041,0.54,4.7,0.9072,-0.3973,-0.2147,208.3829,144.0,2010.0,264.0,otoño,septiembre,SO,22.27
2010-09-22,995.2856,992.65,997.46,1.8479,79.3824,42.31,99.4,20.7073,3.6756,0.648,8.532,0.5294,1.739,0.34,3.92,0.8113,-0.853,-0.1636,190.8553,144.0,2010.0,265.0,otoño,julio,S,22.82
2010-09-23,987.6908,,992.73,3.5956,76.9502,44.82,99.3,19.6205,6.83892,1.1880000000000002,9.887255352,1.0212,2.9354,0.74,4.3993066800000005,1.4518,-1.7228,-0.217,187.1806,,2010.0,266.0,otoño,septiembre,S,22.26
2010-09-25,976.8505,974.89,979.79,1.7114,90.9667,83.5,95.5,3.4695,1.4792,0.2,3.28083888,0.8686,2.7485,0.6,4.6292139500000005,1.4245,0.0876,-0.4865,280.2027,144.0,2010.0,268.0,otoño,septiembre,O,12.13
2010-09-27,981.7758,980.79,982.5,,89.5347,78.5,93.4,4.6503,2.0412,,2.9204437000000003,1.0002,4.1062,0.96,4.92747203,1.6381,-0.9173,-1.5932,240.0696,144.0,2010.0,270.0,otoño,septiembre,SO,11.08
2010-09-28,986.8638,982.47,991.58,3.0081,94.4701,88.6,97.4,2.3869,1.9781,0.36,5.02,1.4929,3.3473,0.88,8.41,1.9395,-0.1196,-1.4037,265.1285,144.0,2010.0,271.0,otoño,septiembre,O,10.39
2010-09-29,993.0241,991.44,994.15,0.917,87.4708,70.9,96.5,7.9786,1.3474,0.2,4.26,0.8564,2.2081,0.38,6.01,1.1932,0.8731,0.4541,27.4797,144.0,2010.0,272.0,otoño,abril,NE,12.13
2010-09-30,991.8368,,993.79,1.2103,79.9755,55.89,97.7,13.8782,,0.7200000000000001,6.397635816,56.95,1.7043,0.44,2.7340324000000003,45.58,-0.1202,0.3347,109.754,144.0,2010.0,273.0,otoño,febrero,E,13.37
2010-10-01,988.795,988.19,989.86,0.3729,81.6694,71.1,91.7,6.0074,1.6908,0.2,2.45441545,0.9441,2.6318,0.52,3.25598404,1.3776,-1.3905,0.19,172.2193,144.0,2010.0,274.0,otoño,abril,S,13.1
2010-10-02,988.9492,988.29,989.42,0.3063,86.2076,79.6,92.3,3.3122,2.326,0.61,2.6097582,0.7416,3.5831,1.26,3.8525002,1.159,-2.2858,0.0327,179.1808,144.0,2010.0,275.0,otoño,octubre,S,19.45
2010-10-03,,983.1,988.77,1.8012,80.3142,62.7,93.0,10.2267,3.2428,1.29,3.4175405,0.9792,4.9532,,,1.7432,-3.0932,0.0749,178.6121,144.0,2010.0,276.0,primavera,octubre,S,15.64
2010-10-04,981.21,979.66,983.11,1.1939,80.416,65.18,93.3,9.7091,10.94832,3.132,,1.0223,4.6767,1.72,8.15,1.6498,-2.8949,0.2618,174.8328,144.0,2010.0,277.0,otoño,enero,S,18.03
2010-10-05,982.2506,979.53,985.82,1.9276,83.9385,67.74,95.6,8.525,6.79536,1.152,11.772,0.5479,2.9279,0.88,5.02,0.77,-1.7847,-0.0874,,144.0,2010.0,278.0,otoño,julio,S,18.01
2010-10-06,988.4894,985.94,993.4463831395516,1.7188,84.7924,,94.9,8.21,2.5361,1.08,3.03229048,0.8773,3.8244,1.74,4.349597,1.2724,-2.4493,0.0112,179.7375,144.0,2010.0,279.0,otoño,octubre,S,15.53
2010-10-07,995.1038,991.94,996.6,1.2844,86.9181,77.8,97.9,6.7913,1.4329,0.15,5.016525687515287,0.6744,2.2693,0.4,4.84,0.9524,-1.1556,0.0663,176.7147,144.0,2010.0,280.0,primavera,octubre,S,16.58
2010-10-08,995.8513,994.92,996.5,0.4311,76.2219,53.28,97.6,14.5887,1.6506,0.11806049,7.902144420506991,0.9315,2.7444,0.36,3.62880664,1.4505,-0.7462,0.8643,130.8088,144.0,2010.0,281.0,otoño,febrero,SE,17.75
2010-10-09,994.6106,992.55,996.35,1.3843,70.3444,36.92,95.5,19.3618,1.8531,0.23,4.5,1.1898,2.9367,0.48,7.24,1.7134,0.6554,1.0316,57.5716,144.0,2010.0,282.0,primavera,octubre,NE,13.33
2010-10-10,990.4918,988.92,992.46,0.9015,79.779,50.12,99.0,16.707,1.6144,0.08077823,6.884168116007748,1.1478,2.5476,0.3,4.38687926,1.667,,0.6513,28.0672,144.0,2010.0,283.0,otoño,octubre,NE,12.99
2010-10-11,990.4194,988.97,991.42,0.6998,80.917,44.28,99.1,18.2641,1.6161,0.19,5.09,1.3249,2.5582,0.44,7.44,1.798,1.0464,0.547,27.5977,144.0,2010.0,284.0,otoño,octubre,NE,4.7
2010-10-12,991.4019,990.35,992.32,0.5299,93.07849999999999,86.0,99.2,4.4455,5.59332,2.4480000000000004,10.584,51.1,2.5014,1.32,4.24,35.004999999999995,0.8378,1.0331,50.9618,144.0,2010.0,285.0,otoño,abril,NE,8.96
2010-10-13,990.7693,989.73,,0.5969,82.5262,66.61,96.6,7.5741,1.5615,0.21,3.47,0.7681,2.6512,0.54,5.25,1.2076,,1.0318,62.4456,144.0,2010.0,286.0,otoño,octubre,NE,11.4
2010-10-14,988.6021,987.52,989.69,0.5291,82.8431,60.28,96.6,11.4825,1.5174,0.28,4.02,0.8617,2.4935,0.56,5.33,1.1586,-0.2349,-0.9185,255.6528,144.0,2010.0,287.0,otoño,octubre,O,10.43
2010-10-15,985.6439,982.6,987.86,1.604,87.0069,72.1,95.0,6.0199,1.5681,0.21,3.62,,2.5725,0.56,5.37,1.1428,-0.5063,-1.2762,248.3613,144.0,2010.0,288.0,otoño,marzo,O,7.97
2010-10-16,983.5728,981.02,989.18,2.662,96.8569,90.5,100.0,1.7792,2.2381,0.48,3.58531067,1.6082,3.3256,0.84,9.41,2.2623,1.137,0.8451,36.6238,144.0,2010.0,289.0,otoño,enero,NE,8.14
2010-10-17,992.8676,989.18,999.5267881747033,1.7685,88.3356,68.43,99.7,10.7522,10.52712,1.692,18.144,1.0313,4.4331,1.26,7.97,1.4528,2.5841,1.1972,24.8579,144.0,2010.0,290.0,otoño,julio,NE,8.78
2010-10-18,993.6277,989.57,996.19,1.9399,85.9233,54.6,99.6,15.0835,1.1169,0.18,3.08,0.6173,1.8538,0.36,,0.9165,-0.7334,-0.1306,190.097,144.0,2010.0,291.0,otoño,octubre,S,6.32
2010-10-19,981.4247,,989.46,3.8184,89.1708,76.0,100.0,8.3473,3.523,0.45,9.3,2.4913,5.2797,0.96,13.41,3.3964,-3.1516,-1.117,,144.0,2010.0,292.0,otoño,marzo,S,7.78
2010-10-20,980.2834,975.98,988.04,3.7501,86.0688,74.7,96.6,5.6933,1.7435,0.26,3.56,0.7667,3.3985,0.58,7.69,1.4343,-0.5819,-1.3485,246.6602,144.0,2010.0,293.0,otoño,octubre,SO,7.53
2010-10-21,993.505,988.16,995.45,2.0836,70.0807,54.02,81.4,8.2039,3.4611,1.14,4.97718171,1.2562,,2.16,6.99042375,2.0913,-2.0295,-2.5683,231.6838,144.0,2010.0,294.0,otoño,septiembre,SO,8.36
2010-10-22,993.3974,991.62,994.8,0.7341,72.6634,61.35,83.2,7.0036,3.4574,0.84,4.34338329,1.5944,5.2882,1.56,,2.3085,-2.9324,-1.5842,208.3799,144.0,,295.0,otoño,octubre,SO,10.17
2010-10-24,980.7615,976.61,986.81,3.156,69.1925,53.25,83.8,7.2606,3.8824,0.35,9.48,2.0738,6.4208,1.0,13.01,3.2296,-2.8346,-2.4068,220.3339,144.0,2010.0,297.0,primavera,octubre,SO,7.89
2010-10-25,9928.772,986.97,,3.4396,79.7149,62.7,94.3,9.2834,5.98716,0.972,11.52,83.19,3.024,0.72,5.49,62.98,-0.4272,-1.2591,251.2583,144.0,2010.0,298.0,otoño,octubre,O,7.34
2010-10-27,998.2159,995.16,1001.51,1.9331,76.5382,50.48,99.2,18.2647,2.448,0.52,6.07,1.6071,3.7136,0.96,9.61,2.2786,-2.2754,-0.7357,197.9188,144.0,2010.0,300.0,primavera,octubre,S,13.95
2010-10-28,993.6883,992.78,995.26,0.7015,64.6208,48.0,89.6,10.0709,2.4703,0.51,3.52938728,1.3269,4.0353,0.84,5.72282691,1.9894,-2.0323,-1.0541,207.4142,144.0,2010.0,301.0,otoño,enero,SO,15.79
2010-10-29,988.1256,981.68,994.39,3.9324,77.1196,51.17,97.6,15.0948,2.005,0.2,5.25,1.2118,3.2249,0.48,8.17,1.6427,-1.9214,-0.1683,185.0054,144.0,2010.0,302.0,primavera,octubre,S,14.2
2010-10-30,980.5431,979.79,981.57,0.4741,72.5775,54.85,89.0,9.6489,2.1026,0.37,2.51655255,0.8549,3.1613,0.8,3.68473003,1.0371,-1.8903,-0.1525,184.6116,144.0,2010.0,303.0,otoño,octubre,S,14.99
2010-10-31,978.331,976.85,980.89,0.9457,74.5502,51.13,90.6,11.3363,1.1865,0.19,2.66,,2.0099,0.56,6.313802696393498,0.8854,-0.8442,-0.0886,185.9889,144.0,2010.0,304.0,otoño,mayo,S,11.49
2010-11-01,982.0323,979.03,986.49,2.2994,83.8792,68.9,95.3,8.1728,1.0115,0.23,3.02,0.6277,1.6722,0.48,,0.8796,0.4698,0.2858,31.3128,144.0,2010.0,305.0,otoño,noviembre,NE,9.62
2010-11-02,987.9486,986.5,989.0,0.755,87.9201,74.2,95.3,5.5817,1.7127,0.2,2.6718953,0.898,2.7865,0.64,4.13211715,1.3845,-1.3914,-0.4116,196.4772,144.0,2010.0,306.0,otoño,junio,S,13.01
2010-11-03,987.735,986.3,990.43,1.1299,78.1583,71.0,87.4,4.7765,4.5151,0.64,8.44,2.1778,7.0208,1.28,13.41,3.0255,-3.8863,-1.9172,206.2575,144.0,2010.0,307.0,otoño,febrero,SO,17.15
2010-11-04,991.4167,989.62,993.2,1.2137,73.5622,61.39,83.2,5.6365,6.1157,2.44,9.55,1.7479,9.1924,4.32,13.49,2.2319,-5.1292,-3.2658,,144.0,2010.0,308.0,otoño,enero,SO,14.76
2010-11-05,992.9643,989.75,994.17,0.9296,71.303,65.12,79.6,3.9939,4.814,0.64,10.04,2.0117,7.6569,1.44,13.93,2.4909,-3.8612,-2.7509,215.4681,144.0,2010.0,309.0,otoño,febrero,SO,12.71
2010-11-06,985.5269,,989.26,1.1674,83.9187,71.4,93.0,7.0661,13.9986,0.8280000000000001,28.270562143713036,2.9709,5.9196,0.52,14.65,3.9996,-2.7953,-2.3215,219.7098,144.0,2010.0,310.0,otoño,agosto,SO,5.84
2010-11-07,977.4457,972.05,984.06,3.1075,95.8278,92.2,98.2,1.4366,12.02292,1.26,22.428,,4.8325,0.68,8.61,2.1206,2.7996,1.5019,28.2117,144.0,2010.0,311.0,otoño,marzo,NE,3.43
2010-11-08,,955.59,972.01,5.3977,91.9514,85.3,96.7,3.2737,1.6273,0.52,3.08,0.6473,2.5123,1.0,4.73,0.8193,0.5366,0.8299,57.1106,144.0,2010.0,312.0,otoño,julio,NE,7.78
2010-11-09,956.2285,954.5,958.31,1.1645,,70.3,97.9,7.8173,1.398,0.23,5.21,0.9439,2.2549,0.52,7.81,1.4335,-1.1242,0.0243,178.7638,144.0,2010.0,313.0,otoño,noviembre,S,9.5
2010-11-10,964.1144,958.35,974.1824060550284,3.9888,87.4563,70.2,99.4,9.7174,2.2983,0.33,6.12,1.4817,3.4394,0.64,11.643888808627278,1.9669,-1.9072,-0.829,203.4923,144.0,2010.0,314.0,otoño,noviembre,SO,7.37
2010-11-11,976.8083,963.7,982.61,5.4097,75.4885,57.08,91.4,11.2198,4.8823,0.41,9.55,2.5682,,1.24,17.4,3.8983,-4.1704,-1.946,205.0151,144.0,2010.0,315.0,otoño,noviembre,SO,11.82
2010-11-12,967.8412,963.54,970.84,2.4907,70.4527,52.97,84.0,7.7581,4.5507,1.41,10.91,1.7066,7.9852,2.6,16.14,2.599,-3.8391,-2.306,210.9918,144.0,2010.0,316.0,otoño,febrero,SO,15.4
2010-11-13,,968.11,974.4,2.0942,75.9371,68.62,82.0,3.6492,24.14124,6.336,37.98,2.0126,10.1188,3.08,16.05,2.7462,-5.8093,-3.2727,209.3951,144.0,2010.0,317.0,otoño,enero,SO,17.95
2010-11-14,975.66,973.86,979.33,1.3536,65.8376,50.3,77.5,8.4661,3.0803,0.55,4.81562525,1.5379,4.5681,1.1,6.915859230000001,2.2174,-2.9237,-0.674,192.982,144.0,2010.0,318.0,otoño,noviembre,S,12.81
2010-11-15,985.4972,979.36,990.75,3.2059,84.4274,69.65,95.1,8.7518,8.8794,0.7200000000000001,20.772,149.29,3.7853,0.6,8.97,100.305,1.3811,0.3968,16.0284,144.0,2010.0,319.0,otoño,octubre,N,4.04
2010-11-16,991.9092,990.67,992.91,0.6702,,92.4,96.7,1.0841,4.5844,,6.7,1.0906,6.6553,3.0,9.69,1.5095,4.1199,1.9926,25.8105,144.0,2010.0,320.0,otoño,noviembre,NE,2.51
2010-11-17,986.611,983.32,991.48,2.5469,97.6243,96.5,98.7,0.5805,9.84744,4.464,6.199252421755896,0.6422,3.9588,1.68,4.30610103,1.0435,2.2072,1.5686,35.401,144.0,2010.0,321.0,otoño,noviembre,NE,4.12
2010-11-18,983.3853,982.19,986.42,1.2274,97.2743,92.60000000000001,99.0,1.8731,1.0833,0.3,2.36,0.5058,1.5981,0.6,3.64,0.6876,0.2229,0.1519,34.2694,144.0,2010.0,322.0,otoño,noviembre,NE,5.97
2010-11-19,988.938,986.29,,1.4358,87.7688,76.6,94.7,5.3027,1.5461,0.4,3.4,0.6247,2.2998,0.64,4.61,0.7208,-1.303,-0.4466,198.9205,144.0,2010.0,323.0,primavera,noviembre,S,8.2
2010-11-21,983.9362,980.01,987.67,2.1361,98.4736,93.4,100.0,2.0891,8.95212,0.9,13.936108788000002,197.22,3.5567,0.56,5.30029463,125.675,1.761,0.8864,26.7178,144.0,2010.0,325.0,otoño,enero,NE,2.35
2010-11-22,973.355,970.46,980.16,2.8658,97.3896,95.8,99.5,1.0651,3.4226,0.57,4.70999218,2.205,5.0728,1.44,6.145359190000001,2.6578,,0.3627,12.5909,144.0,2010.0,326.0,otoño,noviembre,N,2.45
2010-11-23,972.5329,970.83,973.77,,88.7312,81.4,96.4,4.7181,2.7986,1.17,4.21,0.6403,5.0562,2.52,7.49,0.9367,-1.0733,-2.5117,246.8618,144.0,2010.0,327.0,otoño,noviembre,SO,1.8
2010-11-24,976.4127,972.99,979.05,1.8796,90.7701,83.2,95.7,3.1872,6.29136,1.4400000000000002,12.564000000000002,0.6945,3.1917,0.84,6.65,1.374,-0.3588,-1.6342,257.6172,144.0,2010.0,328.0,otoño,marzo,O,2.33
2010-11-25,976.8943,,979.08,1.7216,91.1472,75.1,98.5,7.0024,5.57712,0.864,16.056,101.37,2.3833,0.6,6.57,70.485,-0.4814,,197.383,144.0,2010.0,329.0,otoño,septiembre,S,-0.73
2010-11-26,976.1897,973.77,978.72,1.6253,92.1396,74.1,98.4,5.0925,4.39452,1.476,12.456,0.56,2.0593,0.96,4.45,0.6611,0.1161,-0.2221,297.5881,144.0,2010.0,330.0,otoño,abril,NO,-3.45
2010-11-27,,978.65,981.14,0.5984,95.2854,86.2,97.5,2.6537,0.8594,,1.87654042,0.5025,1.3778,0.24,2.1188751100000003,0.5943,-0.1873,,224.3539,144.0,,331.0,otoño,noviembre,SO,-2.64
2010-11-28,980.2619,978.43,981.11,0.6615,95.7125,89.5,97.7,1.9293,1.8133,0.22,4.67,1.1833,2.6781,,6.81,1.6541,1.5193,0.6436,22.9577,144.0,2010.0,332.0,primavera,noviembre,NE,-2.96
2010-11-29,979.5872,976.48,985.32,2.6321,95.4819,92.7,98.2,1.3308,12.5514,,12.8623797,1.1835,5.0114,1.72,5.22573011,1.6224,3.1175,1.5052,25.7718,144.0,2010.0,333.0,primavera,diciembre,NE,-4.16
2010-11-30,987.3318,985.32,988.56,0.785,89.5667,82.9,95.2,3.6778,3.5574,0.4,7.96,1.6878,5.3322,0.8,10.73,2.485,2.3674,2.5892,47.5618,144.0,2010.0,334.0,otoño,noviembre,NE,-9.0
2010-12-01,980.9859,977.44,986.16,2.9156,85.2812,76.8,89.4,3.1763,5.3573,2.99,9.281830198723874,0.9669,7.8833,4.65,11.07,1.4103,4.2354,3.1703,36.8157,144.0,2010.0,335.0,invierno,febrero,NE,-9.71
2010-12-02,980.4269,977.61,982.85,1.75,81.0646,69.44,86.6,5.193,1.7895,0.25,3.05714532,0.972,2.7539,0.56,7.25,1.2733,-0.5353,-0.8198,236.8582,144.0,2010.0,336.0,invierno,julio,SO,-6.83
2010-12-03,984.0449,982.34,988.2,1.6172,86.1014,72.8,92.5,5.5145,0.724,,2.03,0.3223,1.2697,0.44,3.45,0.4893,-0.5099,-0.0253,182.8418,144.0,2010.0,337.0,invierno,diciembre,S,-4.49
2010-12-04,990.7152,988.19,992.78,1.3694,84.6201,72.5,91.8,5.3494,6.39864,1.332,21.672,1.0282,2.9081,0.72,8.45,1.3152,-1.6685,-0.1729,185.9152,144.0,2010.0,338.0,verano,febrero,S,0.14
2010-12-05,980.1258,975.73,988.14,4.0226,74.9258,64.64,97.6,8.9465,4.1147,0.74,7.32,1.5129,6.1231,1.6,11.3,2.1985,,-0.8564,192.4069,144.0,2010.0,339.0,invierno,diciembre,S,-0.36
2010-12-06,975.6225,974.66,976.47,0.4883,89.209,82.7,97.0,3.8117,1.2147,0.16,2.61,0.6554,1.8389,0.36,3.85,0.8369,0.8257,0.42,26.9593,144.0,2010.0,340.0,invierno,diciembre,NE,-2.97
2010-12-07,977.2317,975.14,979.05,1.3933,95.4917,90.1,98.1,2.571,2.1928,0.71,4.03,0.6417,3.0297,1.48,5.25,0.747,1.882,1.0713,29.6502,144.0,2010.0,341.0,invierno,diciembre,NE,-2.17
2010-12-08,977.3527,975.3,979.09,1.2552,96.6833,93.9,98.6,1.5115,1.4629,0.34,1.55985175534964,0.661,2.379,0.74,3.4113267900000004,0.9264,1.0037,0.551,28.7667,144.0,2010.0,342.0,invierno,diciembre,NE,-0.26
2010-12-09,987.7869,979.19,992.88,3.5313,87.7007,80.0,93.6,3.3304,2.952,0.84,2.71539127,0.6987,5.4351,1.8,5.48670593,1.1935,-0.9313,-2.7407,251.2324,144.0,2010.0,343.0,verano,julio,O,-0.29
2010-12-10,997.1715,992.66,1000.42,2.7735,83.5576,73.1,92.5,5.3958,7.9434,2.772,,0.8135,3.9107,1.28,7.41,,-1.026,-1.6677,238.3986,144.0,2010.0,344.0,verano,abril,SO,4.28
2010-12-11,986.1488,982.91,993.48,2.4662,89.0035,80.2,98.6308630826609,4.0042,3.3288,0.76,4.05133892,1.2255,6.17,2.32,6.79158503,1.7884,,-2.7176,240.3774,144.0,2010.0,345.0,invierno,diciembre,SO,2.53
2010-12-12,984.5138,980.62,991.34,3.3342,90.9812,79.4,96.7,3.933,2.9644,0.52,6.49,1.4052,5.2724,1.0,11.34,1.9637,0.8778,-0.984,311.7356,144.0,2010.0,346.0,invierno,diciembre,NO,-4.82
2010-12-13,993.6573,991.32,995.35,0.8995,84.5229,75.4,91.1,3.8292,5.29956,1.98,9.72,46.79,2.8451,1.28,5.09,39.245000000000005,-0.798,-0.9725,230.6274,144.0,2010.0,347.0,verano,octubre,SO,-3.22
2010-12-14,995.6447,993.55,997.38,1.3531,86.9785,81.9,90.3,1.8026,1.9835,0.44,2.26800415,,3.5449,0.9,3.85871391,1.2715,-0.4915,-1.6411,253.3277,144.0,,,verano,diciembre,O,-5.72
2010-12-15,994.781,993.9,996.9,0.7599,86.7167,80.6,90.1,2.4343,2.5363,0.58,4.73,1.0377,,1.04,7.53,1.604,-0.7693,-2.0638,249.5575,144.0,2010.0,349.0,invierno,diciembre,O,-4.37
2010-12-16,982.4203,968.57,993.91,8.2435,81.7954,69.43,94.2,7.2857,12.70476,0.9,19.79688006,2.3447,5.3065,0.64,7.91626654,3.2718,-3.1995,-0.9376,196.333,144.0,2010.0,350.0,verano,abril,S,-3.37
2010-12-17,967.6795,965.09,971.61,2.1242,86.0201,75.1,95.2,5.5834,5.41692,1.26,18.227557291520768,0.7859,2.4983,0.76,5.81,1.2125,-0.9098,-0.744,219.275,144.0,2010.0,351.0,verano,marzo,SO,-4.46
2010-12-18,974.2243,971.63,977.09,1.6701,85.1993,70.6,94.5,5.9776,1.2907,0.23,5.77,0.986,2.0836,0.58,8.49,1.3082,-0.9966,-0.4396,203.8013,144.0,2010.0,352.0,invierno,diciembre,SO,0.78
2010-12-19,971.0718,964.61,976.43,3.0314,87.2292,72.0,98.1,7.2505,7.830360000000001,1.044,,0.8826,,0.68,4.28124619,1.2162,-2.0294,-0.4522,192.5611,144.0,2010.0,353.0,verano,julio,S,3.42
2010-12-20,974.5901,962.95,982.23,6.406,79.6958,72.5,,4.7789,8.36496,1.548,31.726482994094177,1.7782,4.0776,0.72,14.38,3.0909,-0.6252,-0.976,237.3592,144.0,2010.0,354.0,primavera,abril,SO,-1.27
2010-12-21,979.9251,978.38,982.24,1.0567,92.5847,86.9,95.2,,0.8296,0.2,,0.4744,1.354,0.44,3.12,0.6605,0.0471,-0.008,350.3869,144.0,2010.0,355.0,verano,diciembre,N,0.25
2010-12-22,977.9016,976.03,980.42,1.2199,97.3597,94.8,99.1,1.0014,1.3909,0.18,2.0815928500000003,0.7678,1.9747,0.38,2.54140739,0.9179,1.2979,0.1401,6.1623,144.0,2010.0,356.0,invierno,septiembre,N,0.67
2010-12-23,973.4433,972.33,975.95,0.8934,99.1292,96.5,100.0,0.7288,1.8674,0.2,1.64479417767066,1.1545,2.8357,0.27340324,10.445070341125255,1.563,1.5652,0.6627,22.9461,144.0,2010.0,357.0,invierno,diciembre,NE,-1.69
2010-12-24,975.381,972.85,980.92,2.3801,97.2049,91.7,100.0,2.9776,3.4558,0.78,3.51074615,0.9842,5.8252,2.44,5.3127220500000005,1.1803,3.2121,1.2126,20.6813,144.0,2010.0,,invierno,diciembre,N,-4.77
2010-12-25,989.4774,981.04,996.43,4.7532,87.7354,80.7,93.6,3.7497,1.3826,0.46,2.84,0.5014,2.9452,1.16,5.49,,-0.1084,-0.6408,260.4009,144.0,2010.0,359.0,verano,diciembre,O,-6.3
2010-12-26,996.8381,995.55,997.56,0.4671,87.9097,83.5,91.1,1.9809,0.8999,0.22,,0.4912,1.6153,0.3728226,6.763844948348346,0.7488,-0.7564,0.0875,173.404,144.0,2010.0,,invierno,diciembre,S,-1.93
2010-12-27,994.6658,992.8,995.68,0.5492,89.1174,81.0,94.4,3.0267,1.6776,0.43,4.66,0.9112,2.9957,0.92,7.37,1.4916,-1.5896,,176.2454,144.0,2010.0,361.0,invierno,diciembre,S,-2.13
2010-12-28,995.7146,992.22,999.07,2.2108,88.1826,73.5,93.0,4.5806,2.1542,0.35,2.61597191,1.0342,3.1795,0.48466938,8.207355962063149,1.3076,0.6086,0.8749,55.1753,144.0,2010.0,362.0,invierno,diciembre,NE,-9.85
2010-12-29,998.9302,998.32,999.58,0.3372,88.2354,73.4,93.8,4.7179,0.9149,,1.32973394,0.4386,1.4586,0.56,2.07537914,0.5552,-0.2482,0.1797,144.0862,,2010.0,363.0,invierno,enero,SE,-6.68
2010-12-31,995.7412,994.64,996.97,0.3908,93.8625,90.1,98.5,2.4942,1.1409,0.23,2.35,0.4212,2.1368,0.8,4.65,0.8809,-0.6919,-0.4651,213.9106,144.0,2010.0,365.0,invierno,diciembre,SO,2.15
2011-01-01,990.4306,988.27,994.61,1.6986,87.9715,,93.5,3.2908,,0.52,3.32,0.6229,3.4385,1.28,5.37,1.0125,-0.9174,-1.186,232.2759,144.0,2011.0,1.0,invierno,enero,SO,0.51
2011-01-02,991.5081,989.9,993.43,1.1846,81.4819,72.4,91.3,3.8938,2.2806,0.79,3.52,0.5748,4.0974,1.56,6.41,0.9187,-0.3727,-2.2354,260.5335,144.0,2011.0,2.0,invierno,enero,O,0.95
2011-01-04,992.2911,990.73,994.29,1.0432,88.2875,73.0,96.3,6.628,1.144,0.15534275,4.190899595195608,0.4676,1.9701,0.44,2.46684287,0.6901,-1.0355,0.0619,176.58,144.0,2011.0,4.0,invierno,enero,S,-4.3
2011-01-05,987.1731,981.62,990.79,2.5904,83.2278,70.6,94.4,6.1349,2.166,0.19,3.98920182,1.6164,3.3872,0.36,8.65,2.2793,-2.0212,-0.0842,182.3863,144.0,2011.0,5.0,invierno,enero,S,6.59
2011-01-06,976.0241,973.68,981.5,2.027,80.2988,68.6,90.6,6.2842,4.2242,1.74,7.42,1.1308,6.1402,2.72,12.2,1.707,-4.0582,-0.561,187.8706,144.0,2011.0,6.0,invierno,enero,S,7.94
2011-01-07,981.4039,975.29,984.4,2.7139,92.5639,82.9,99.1,5.3902,2.4706,0.24,4.12590344,1.4882,3.7869,0.54,6.145359190000001,2.1679,-1.7554,-0.6794,201.1578,144.0,2011.0,7.0,invierno,julio,S,11.26
2011-01-08,982.363,981.64,983.38,0.452,86.0722,71.9,97.2,8.6226,2.9288,,6.93,1.7135,,0.74,9.53,,-2.4924,,201.7563,144.0,2011.0,8.0,invierno,enero,S,10.83
2011-01-09,984.5235,980.62,991.7,3.4617,84.1925,66.23,94.4,6.33,1.6893,0.2,5.192915038602825,0.9007,2.8335,0.42,9.01,1.461,-1.1165,-0.5036,204.2789,144.0,2011.0,9.0,invierno,enero,SO,1.94
2011-01-10,994.8556,991.87,997.1,1.4511,96.76599999999999,84.2,99.7,3.9983,1.0601,0.3,2.66,0.3646,1.6621,0.8,4.569389895469813,0.4392,-0.8277,-0.4059,206.1241,144.0,2011.0,10.0,invierno,enero,SO,3.29
2011-01-11,985.0291,981.23,992.08,3.3167,93.9389,83.0,100.0,5.9352,1.6767,0.25,5.18,1.2569,2.5992,0.52,8.01,1.8391,-1.5319,-0.2977,190.9959,144.0,2011.0,11.0,invierno,enero,S,4.42
2011-01-12,987.2517,983.48,990.66,2.3246,82.0994,68.33,94.6,6.4622,,0.72,5.76,0.9411,4.1678,1.52,9.93,1.382,-1.7658,-1.0798,211.4472,144.0,2011.0,12.0,verano,enero,SO,9.98
2011-01-13,983.7126,982.83,985.17,0.6394,96.6618,88.6,100.0,3.2166,1.5987,0.5,5.77,0.9934,2.7578,1.04,9.09,,-1.2624,-0.3729,196.455,144.0,2011.0,13.0,verano,junio,S,12.53
2011-01-14,985.9481,984.72,986.94,0.6124,83.7065,68.84,98.6,9.2493,3.4659,0.39,5.38107286,1.7745,5.5176,1.16,13.29,2.5713,-2.8061,-1.8755,213.7569,144.0,2011.0,14.0,invierno,enero,SO,8.98
2011-01-15,993.6452,985.51,997.82,4.023,76.7872,69.05,91.1,5.8848,2.8228,0.4,2.26255724909626,1.1159,4.9536,1.48,5.28786721,1.4356,-2.0259,-1.7058,220.0968,144.0,2011.0,15.0,invierno,enero,SO,10.46
2011-01-16,998.4617,996.22,999.46,0.8911,79.1575,60.59,96.5,8.9171,7.308,1.62,10.021471488,0.8738,3.099,1.08,4.03269779,1.2379,-1.8561,-0.5436,196.3234,144.0,2011.0,16.0,verano,noviembre,S,9.5
2011-01-18,995.7529,994.59,996.72,0.6919,,72.1,91.5,5.6426,2.5849,0.27,5.93,1.3694,3.989,0.6,13.045524583651408,1.9554,-2.0705,-1.3181,212.4813,144.0,2011.0,18.0,invierno,julio,SO,4.11
2011-01-19,998.2307,995.11,999.51,0.9204,89.9917,74.9,95.1,4.933,6.0336,1.2240000000000002,7.71742782,56.66,2.994,0.92,5.05,42.65,-0.2279,-1.4505,261.0698,144.0,2011.0,,verano,junio,O,0.66
2011-01-20,999.8016,997.68,1003.89,1.9822,88.5528,81.5,94.5,3.8944,2.0007,0.32,5.07,1.1093,3.3672,0.88,7.97,1.6414,1.1703,0.1685,8.1957,144.0,2011.0,20.0,invierno,enero,N,-1.43
2011-01-21,1005.0392,1003.87,1005.86,0.485,80.6715,70.4,90.2,5.5653,1.3641,0.38,1.85168558,0.6866,2.6128,0.92,2.9142299900000004,0.9839,0.933,0.2095,12.6564,144.0,2011.0,21.0,invierno,enero,N,0.5
2011-01-22,1003.0781,,1005.22,1.4144,81.1759,,92.2,9.8727,4.22712,0.648,6.666068088,0.5988,1.8508,0.4,2.86452031,0.8076,-0.347,-0.3944,228.6587,144.0,2011.0,22.0,verano,octubre,SO,1.31
2011-01-24,,991.04,995.38,1.2156,94.0764,91.9,96.1,1.1262,5.56632,1.152,7.493734260000001,0.7036,2.9853,0.72,3.05093161,,-0.4426,-1.3295,251.5882,144.0,2011.0,24.0,verano,marzo,O,1.85
2011-01-25,982.2957,977.98,990.89,4.3825,87.7403,81.8,95.62809474084588,3.4122,3.1427,0.75,6.98,1.5226,5.1967,1.24,10.77,2.038,-1.9669,-2.2047,228.2624,144.0,2011.0,25.0,invierno,enero,SO,1.23
2011-01-26,981.8205,978.28,987.09,2.4643,86.0635,68.64,97.1,7.8563,1.8138,0.31,4.74,0.9766,3.106,0.6,10.994274101587749,1.4873,0.2837,-0.8937,287.6096,144.0,2011.0,26.0,invierno,enero,O,-1.36
2011-01-29,994.1674,992.12,996.63,1.4354,85.2942,60.43999999999999,96.1,10.7065,0.9628,,1.88275413,0.6866,1.5347,0.36,2.6097582,0.8725,0.3454,0.1966,,144.0,2011.0,29.0,invierno,enero,NE,-4.94
2011-01-30,994.2577,992.71,996.24,0.9732,92.9306,86.3,96.1,2.8241,1.6019,0.43,3.15,0.6139,2.5606,0.86,8.921270561343277,0.786,,0.9262,54.2123,144.0,2011.0,30.0,verano,abril,NE,-2.76
2011-01-31,996.988,995.6,998.83,0.9981,87.9118,72.7,94.0,5.9284,5.425560000000001,1.512,11.376,0.5442,2.3012,0.84,4.05,0.6781,-0.3565,-0.7322,244.0352,144.0,2011.0,31.0,verano,julio,SO,0.52
2011-02-01,997.8205,995.82,1002.4199351497124,0.934,82.9193,65.46,95.6,10.3368,1.7599,0.33,3.78,0.5915,2.5414,0.92,4.65,0.6405,-1.1685,-0.954,219.2285,144.0,2011.0,32.0,invierno,febrero,SO,2.19
2011-02-02,1000.8192,999.13,1002.45,0.8052,85.2639,73.7,95.4,5.6503,1.5115,0.46,2.34256867,0.6975,2.4931,0.96,6.17,0.9451,-1.2711,-0.4157,198.1094,144.0,2011.0,33.0,invierno,febrero,S,1.97
2011-02-03,998.2319,996.75,999.64,0.9029,83.491,77.3,90.4,3.1029,2.2162,0.40389115,5.778679818161948,0.877,3.6835,1.4,4.05755263,1.1932,-1.796,-0.3932,192.3485,144.0,2011.0,34.0,verano,febrero,S,7.3
2011-02-04,993.8751,991.0,999.36,,78.1451,70.8,84.1,3.672,21.37356,5.760000000000001,25.635281976000005,1.9852,9.0834,4.21,10.45146022,2.5067,-5.0351,-3.0661,211.3394,144.0,2011.0,35.0,verano,diciembre,SO,9.12
2011-02-05,992.3956,990.11,994.2,1.3083,68.1784,64.71,72.2,2.1236,5.3606,2.0,9.93,1.7116,8.9553,4.2,14.53,2.0958,-4.2597,-3.2247,217.1271,144.0,2011.0,36.0,invierno,febrero,SO,11.55
2011-02-06,995.0831,993.63,996.39,,69.9479,56.5,84.1,6.8217,3.3081,0.34,8.85,1.9302,5.7666,0.64,12.35,3.0578,-2.4462,-2.1305,221.0545,144.0,2011.0,37.0,invierno,febrero,SO,11.53
2011-02-08,993.343,988.38,997.8,3.2871,63.2915,44.86,86.4,10.2135,1.9624,0.25,,1.0345,3.681,0.6,4.7037784700000005,1.7703,-0.6364,-1.4609,246.4599,144.0,2011.0,39.0,verano,febrero,SO,7.36
2011-02-10,991.6493,986.05,996.56,3.225,79.5335,50.14,94.3,12.9887,2.0667,0.38,6.19,1.2544,3.403,0.76,8.75,1.8227,-1.8428,-0.3012,189.2814,144.0,2011.0,41.0,invierno,febrero,S,11.92
2011-02-11,983.6769,982.35,987.48,1.2254,82.3937,61.11,93.4,8.1993,3.0615,0.65,7.95,1.9074,5.3356,1.56,11.15,2.4849,-1.6013,-1.7798,228.0227,144.0,2011.0,42.0,invierno,febrero,SO,3.31
2011-02-12,991.7244,987.73,994.03,1.6634,79.4792,66.13,95.8,8.743,9.67068,2.4480000000000004,22.428,1.0578,4.3217,1.52,10.13,1.5319,0.022,1.5097,89.1654,144.0,2011.0,43.0,verano,abril,E,3.5
2011-02-13,985.8727,984.68,988.99,1.1606,93.1882,89.0,97.2,2.5663,1.9442,1.01,3.1,0.4223,2.9499,1.52,4.44,0.5239,-1.8959,0.1059,176.8022,144.0,2011.0,44.0,invierno,septiembre,S,3.84
2011-02-14,983.7019,981.12,984.8,1.1111,85.566,78.4,92.8,4.6638,2.2591,0.95,4.1,0.8109,,8.337556848321436,1.6,1.2852,-1.9345,0.8388,156.5584,144.0,2011.0,45.0,verano,febrero,SE,2.85
2011-02-15,977.3431,974.74,981.04,1.793,79.2174,71.5,85.2,3.8886,13.85712,8.136,33.317956547389535,0.8164,5.709,3.64,8.21,1.1777,-3.7931,0.4573,173.1251,144.0,2011.0,46.0,verano,junio,S,8.71
2011-02-16,975.924,975.02,976.72,0.4097,73.6938,57.9,88.9,7.9934,9.17712,4.6080000000000005,14.868,0.5982,3.891,2.08,5.93,0.8178,-1.2498,0.8542,145.6492,144.0,2011.0,,verano,febrero,SE,-1.26
2011-02-17,,975.68,983.77,2.565,90.2153,86.8,95.9,2.1482,,2.772,18.288,81.58,4.3606,1.48,6.81,57.895,2.6968,1.3717,26.9594,144.0,2011.0,48.0,verano,febrero,NE,-2.4
2011-02-18,987.7919,983.85,991.03,2.2586,95.1986,88.7,99.0,3.2173,2.3553,1.2,8.73025822578822,0.5681,3.3922,1.78,5.53,0.6914,1.9463,1.2596,32.9101,144.0,2011.0,49.0,invierno,febrero,NE,-2.76
2011-02-19,992.1419,990.91,993.43,0.8247,89.6139,83.0,96.9,3.8337,2.5624,1.38,4.06,0.489,3.8353,2.08,5.77,0.6975,1.8899,1.623,,144.0,2011.0,50.0,invierno,febrero,NE,-3.63
2011-02-20,993.4865,992.68,994.63,0.5499,78.2729,71.2,86.3,4.4402,13.0608,4.392,11.989974816000002,0.9628,5.8675,2.76,5.72282691,1.3629,1.6426,3.1383,62.3722,144.0,2011.0,51.0,verano,agosto,NE,-6.08
2011-02-21,993.9019,992.2,995.36,0.9644,74.0564,,82.2,5.5339,,6.596239393089034,0.64,1.0028,3.8882,1.28,,1.3851,1.1234,1.95,60.0544,144.0,2011.0,52.0,invierno,febrero,NE,-5.48
2011-02-22,993.8266,991.84,999.957915196288,1.8485,76.2953,57.51,85.7,8.3472,1.8897,0.19,4.32,1.0125,2.9763,0.4,6.05,1.4652,1.238,1.1457,42.7838,144.0,2011.0,53.0,invierno,febrero,NE,-1.73
2011-02-23,999.7044,997.98,1001.15,0.8255,70.0001,42.25,88.7,15.8274,1.3496,0.28,2.73,0.5886,2.0484,0.56,,0.8319,-1.1523,-0.3862,198.5308,,2011.0,54.0,invierno,febrero,S,5.86
2011-02-24,999.5467,998.37,1001.75,0.8722,57.9549,22.56,86.1,,5.984280000000001,0.684,12.708,0.8109,2.6224,0.48,5.57,1.2745,-1.4772,-0.1167,184.519,144.0,2011.0,55.0,verano,septiembre,S,6.18
2011-02-25,1002.5142,1001.18,1004.02,0.7499,52.1347,25.2,79.9,17.1202,1.1809,0.17,2.91,0.7532,1.9512,0.36,5.19,1.1936,-0.7052,0.1819,165.5344,144.0,2011.0,56.0,invierno,febrero,S,7.91
2011-02-26,993.1083,985.52,1001.14,5.2369,50.05,29.47,65.79,12.1239,2.2426,0.6,4.13,0.7825,3.5628,1.08,6.41,1.21,-2.1372,0.0637,178.2929,144.0,2011.0,57.0,invierno,febrero,S,5.75
2011-02-27,986.0348,983.69,991.31,2.2164,80.7769,64.74,93.7,8.7605,2.104,0.5,4.99,0.7177,3.154,0.88,7.05,0.9562,-1.8437,-0.5945,197.8725,144.0,2011.0,58.0,verano,febrero,S,7.5
2011-02-28,997.2639,991.39,1001.79,2.8027,84.2151,60.93,98.1,13.7095,1.594,0.26,4.93,1.1472,2.4944,0.6,6.67,1.6244,0.8032,0.3988,26.4035,144.0,2011.0,59.0,invierno,febrero,NE,3.51
2011-03-01,1005.5394,1001.89,1008.41,1.8902,81.0872,66.5,94.8,10.1333,2.0787,0.2,5.24,1.2371,3.1797,,6.85,1.6908,1.648,0.8655,27.7086,144.0,2011.0,60.0,primavera,marzo,NE,5.48
2011-03-02,1006.6355,1004.69,,1.4421,65.6229,37.95,93.0,20.245,3.4486,0.47,7.12,1.6421,5.209,1.04,10.97,2.3426,2.9296,1.5308,27.5891,144.0,2011.0,61.0,primavera,marzo,NE,2.92
2011-03-03,1004.0449,1002.9,1004.98,0.5387,,51.36999999999999,77.7,7.7654,2.9757,0.27,5.73,1.4817,4.3933,0.48,8.17,1.8668,2.4842,1.4194,29.7427,144.0,2011.0,62.0,primavera,marzo,NE,6.84
2011-03-04,1003.3141,1000.57,1005.58,1.6779,72.315,52.11,88.7,11.2685,1.0085,0.19,4.34,0.9,1.636,0.38,5.56,1.1786,0.1774,0.2482,54.4516,144.0,2011.0,,primavera,septiembre,NE,7.29
2011-03-05,997.4723,994.94,1000.45,1.4663,78.663,47.74,95.9,15.544,4.68288,0.792,16.344,102.64,2.3564,0.32,6.85,83.11500000000001,,-0.4775,253.5927,144.0,2011.0,64.0,primavera,septiembre,O,3.88
2011-03-06,1000.5006,997.05,1006.04,2.5721,61.2881,33.95,89.5,18.8411,1.8478,0.3,5.87,1.4561,3.2283,0.5,9.29,2.1528,1.1582,0.4875,22.8253,144.0,2011.0,65.0,primavera,marzo,NE,5.43
2011-03-07,1007.6772,1005.85,1009.53,1.0756,49.533899999999996,24.18,81.9,16.8665,1.3703,0.19,3.66,1.0385,2.4277,0.4,10.693397559997225,1.7512,-0.9277,0.3898,157.2101,144.0,2011.0,66.0,primavera,marzo,SE,10.61
2011-03-08,999.5133,993.74,1005.81,3.8508,37.5803,12.95,62.9,13.6267,11.30616,1.044,13.622937804,1.2145,,0.68,6.021084989999999,1.885,-3.0232,0.086,178.3701,144.0,2011.0,67.0,primavera,junio,S,12.52
2011-03-09,989.6197,986.17,993.64,2.2856,61.7271,44.04,83.6,12.0665,11.69388,1.332,23.689148004,2.6352,5.3717,0.64,9.42619807,3.7474,-2.5191,-1.6305,212.9134,144.0,2011.0,68.0,primavera,diciembre,SO,10.14
2011-03-10,987.5063,985.67,989.55,1.3552,65.8686,45.5,91.0,15.8619,3.6581,0.44,8.06,2.3142,5.9649,0.88,12.41,3.5528,-2.7506,-2.0956,217.3032,144.0,2011.0,69.0,primavera,marzo,SO,9.48
2011-03-11,988.2847,985.18,990.75,1.8646,66.1222,52.63,80.4,6.7585,3.5183,0.47,7.67,1.8942,5.4862,0.92,10.73,2.5457,-2.7291,-2.0058,216.3155,144.0,2011.0,70.0,primavera,marzo,SO,13.99
2011-03-12,985.2173,980.0,990.71,3.904,68.4001,39.56,95.4,20.0332,5.55336,0.5760000000000001,18.288,1.1084,2.6376,0.36,7.69,1.7517,,-0.0468,181.8993,144.0,2011.0,71.0,primavera,diciembre,S,15.68
2011-03-13,980.4419,979.29,981.99,0.6541,64.4799,,88.5,14.3854,1.1514,0.24,1.83304445,0.5558,1.9989,0.6,2.90801628,0.8573,-0.947,0.1108,173.3244,144.0,2011.0,72.0,primavera,marzo,S,13.54
2011-03-14,987.8224,981.87,992.08,3.1669,79.93,63.26,94.1,8.3652,0.9574,0.14291533,6.595836420083585,0.4335,1.7322,0.48,2.1747985,0.7617,-0.2711,-0.1239,204.5673,144.0,2011.0,73.0,primavera,marzo,SO,13.4
2011-03-15,991.6448,989.99,992.92,0.8594,82.6586,63.4,97.1,11.2554,2.8515,0.14,4.20668167,1.7823,4.445,0.36,6.493326949999999,2.7907,1.8874,1.8415,44.2946,144.0,2011.0,74.0,primavera,noviembre,NE,7.0
2011-03-16,985.4617,979.42,990.82,3.3731,94.7965,85.1,98.3,3.541,3.9826,0.58,3.9146373,1.3333,,1.76,5.97137531,1.7077,3.1782,2.2387,35.1614,144.0,2011.0,75.0,verano,marzo,NE,7.42
2011-03-17,979.341,977.3,,2.116,95.7882,93.4,97.8,0.9618,2.0304,0.38,4.36,0.9523,3.6583,0.92,6.57,1.2217,1.6842,0.6876,22.2097,144.0,2011.0,76.0,primavera,marzo,N,4.37
2011-03-18,991.6307,984.33,997.35,4.2138,91.0333,82.7,96.1,3.6582,,0.5040000000000001,6.598960020000001,51.98,3.3118,0.36,3.79657681,60.47,0.3262,-1.1023,286.4837,144.0,2011.0,77.0,primavera,agosto,O,6.63
2011-03-19,1002.6447,997.36,1006.45,2.9449,73.5849,46.02,95.1,14.777,2.1519,0.25,5.29,1.4787,3.5449,0.48,7.45,,1.6609,0.6547,21.5135,144.0,2011.0,78.0,primavera,marzo,N,7.37
2011-03-20,1006.6738,1005.66,1007.66,0.4976,73.9226,46.33,97.5621793419196,16.8242,3.3490800000000003,0.864,11.592,0.5983,1.6807,0.44,6.0,1.1317,-0.0682,-0.0415,211.3099,144.0,2011.0,79.0,primavera,octubre,SO,11.48
2011-03-21,1007.9889,1007.16,1009.46,0.6523,69.4109,41.34,94.7,19.2528,1.1742,0.18,2.82,0.5614,,0.52,4.92,0.985,-0.4431,0.2635,149.2604,144.0,2011.0,80.0,primavera,septiembre,SE,14.29
2011-03-22,1008.7127,1007.3,1009.99,0.6975,63.2545,27.0,95.0,23.4664,1.0585,0.29,3.24,0.5836,1.9406,0.56,5.68,1.1075,-0.0508,-0.1053,244.2473,144.0,2011.0,81.0,primavera,marzo,SO,13.49
2011-03-23,1010.2855,1008.99,1012.03,0.8385,66.0948,42.09,91.6,16.2206,1.2485,0.17,,0.9822,2.2254,0.4,9.708081606762232,1.6767,0.6027,,27.4902,144.0,2011.0,82.0,primavera,junio,NE,14.51
2011-03-24,1006.2124,1001.01,1009.53,2.7275,66.9378,46.72,91.4,14.2286,1.1886,0.19,1.47104831383221,0.7442,2.1638,0.4,3.52938728,1.3456,0.0695,-0.0027,357.7938,144.0,2011.0,83.0,primavera,marzo,N,14.21
2011-03-25,992.2462,986.71,1000.93,4.7108,71.9753,51.54,95.2,16.4702,1.1578,0.23,3.99,0.7986,2.1887,0.48,6.85,1.459,0.1715,-0.1115,326.9577,144.0,2011.0,84.0,primavera,marzo,NO,7.76
2011-03-26,988.3966,986.07,991.09,1.6481,77.8122,64.33,90.8,8.5579,1.6085,0.22,1.930509598205,0.9175,2.9517,0.52,4.57950427,1.542,0.225,-0.9343,283.5431,144.0,2011.0,85.0,primavera,septiembre,O,10.07
2011-03-27,988.1849,985.18,991.08,2.3288,75.4283,46.11,100.0,20.2595,4.2876,1.116,4.072603048373269,58.16,2.0369,0.54,2.72160498,47.725,-0.0448,0.1201,110.4626,144.0,2011.0,86.0,primavera,abril,E,12.19
2011-03-28,,984.45,990.55,1.7007,,31.4,94.2,23.4865,1.2924,0.27,4.31,0.7694,2.456,0.56,6.69,1.3989,0.1425,-0.0791,330.9691,144.0,2011.0,87.0,primavera,marzo,NO,16.36
2011-03-29,988.7793,986.39,990.67,1.4944,61.4762,29.1,94.4,22.529,5.19012,0.9,12.096,0.7619,2.4067,0.52,6.16,1.1751,-0.9067,-0.395,203.5425,144.0,2011.0,88.0,primavera,diciembre,SO,17.54
2011-03-30,988.1439,987.07,989.37,0.6609,60.0791,29.64,88.5,19.3988,2.0,0.27,6.07,1.3082,3.29,0.54,9.41,2.0577,-1.2704,-1.0255,218.9116,144.0,2011.0,,primavera,marzo,SO,13.2
2011-03-31,989.697,988.2,990.81,0.6028,76.3245,62.03999999999999,87.7,7.2368,3.5976,0.21,4.92747203,2.0493,5.4181,0.44,7.139552790000001,2.9236,,-1.4453,204.352,144.0,2011.0,90.0,primavera,marzo,SO,16.45
2011-04-01,993.9994,990.79,996.11,1.7414,68.2189,49.36,83.5,9.41,6.7698,1.8,19.98,1.0467,3.6238,,12.01,2.0821,-0.8425,-1.4803,240.3534,144.0,2011.0,91.0,primavera,marzo,SO,21.42
2011-04-02,991.8394,987.68,995.64,2.9016,69.5557,42.23,97.0,19.4298,6.85152,1.08,16.272,1.1452,3.1339,0.68,7.56,1.7477,-1.7237,-0.1774,185.8757,144.0,2011.0,92.0,primavera,julio,S,23.69
2011-04-03,984.8881,982.43,987.64,1.4639,66.437,36.07,89.9,17.4942,1.5585,0.38,4.28,0.6613,2.8476,0.84,8.21,1.1721,-0.5951,-0.1014,189.6679,144.0,2011.0,,primavera,abril,S,13.07
2011-04-04,991.2217,984.55,997.3,4.3059,84.7375,63.63999999999999,94.6,10.0974,1.7053,0.35,5.53,0.838,3.2349,0.68,9.45,1.4968,-0.5312,-1.261,247.1562,144.0,2011.0,94.0,primavera,abril,SO,14.73
2011-04-05,998.0169,996.9,999.38,0.6884,66.613,34.55,99.4,25.7783,8.4168,0.9,20.88,1.5801,,0.52,9.29,2.5703,-1.7204,-1.301,217.0977,144.0,2011.0,95.0,primavera,abril,SO,18.17
2011-04-06,998.8549,997.81,999.59,0.4641,69.0947,58.48,82.2,5.9921,1.8307,0.28,4.07,0.8839,3.2934,0.68,7.44,1.6539,-0.7818,-1.2333,237.6284,144.0,2011.0,96.0,primavera,abril,SO,21.73
2011-04-07,994.7403,991.86,998.93,2.0703,68.7256,33.55,95.7,19.1702,8.169120000000001,2.088,21.6,1.213,4.8151,1.6,10.57,2.4637,-0.3167,-1.5152,258.196,144.0,2011.0,97.0,otoño,abril,O,16.29
2011-04-08,994.0019,989.74,996.85,2.7231,58.4607,42.34,72.2,9.3723,,0.89,4.43,0.7412,5.4265,1.88,10.17,1.7345,0.0366,-2.5404,270.8261,144.0,,98.0,otoño,abril,O,13.63
2011-04-09,994.7668,991.76,996.6,1.1714,60.522,40.29999999999999,77.4,11.3802,1.9161,0.29,4.52,0.6485,3.9578,0.52,7.65,1.3629,0.78,-0.9511,309.3538,144.0,2011.0,99.0,primavera,mayo,NO,15.87
2011-04-10,997.332,996.39,998.2,0.5565,63.9677,41.06,92.2,16.8484,4.8438,0.6120000000000001,15.264,0.9252,2.2786,0.32,6.24,1.483,,0.3885,48.1643,144.0,2011.0,100.0,primavera,septiembre,NE,20.04
2011-04-11,993.0417,986.78,997.9,3.7673,60.2158,32.08,91.8,21.0169,5.6718,0.864,10.222795692000002,100.4,2.7511,0.48,5.02067768,85.24000000000001,-1.1777,-0.5333,204.36,144.0,2011.0,101.0,primavera,junio,SO,13.06
2011-04-12,989.1978,985.27,993.36,2.785,62.0544,40.78,83.3,10.4451,8.6796,1.764,16.38,0.9255,5.2619,0.98,11.49,2.1406,0.0315,-2.2153,270.8143,144.0,2011.0,102.0,primavera,octubre,O,10.29
2011-04-14,,990.22,992.68,0.6667,62.2373,46.94,79.7,10.2026,2.3497,0.17,3.69094374,1.3542,3.9974,,,2.1728,1.1438,0.1662,8.2662,144.0,2011.0,104.0,primavera,marzo,N,10.94
2011-04-15,994.0995,992.56,995.45,0.9114,71.6757,47.82,90.3,14.1209,4.709160000000001,0.54,12.24,0.9599,2.2428,0.26,5.49,1.5038,,0.599,37.9493,144.0,2011.0,105.0,primavera,junio,NE,12.33
2011-04-16,995.816,994.98,996.66,0.456,61.6635,42.77,83.4,12.377,1.0357,0.2,3.11,0.5975,1.7857,0.52,5.4,,-0.161,-0.216,233.3018,144.0,2011.0,106.0,primavera,abril,SO,15.15
2011-04-17,,996.64,999.01,0.7152,,33.49,83.9,16.768,4.22748,0.756,13.032,0.7598,1.9322,0.36,4.76,1.1265,-0.0173,0.4376,92.2598,144.0,2011.0,107.0,primavera,septiembre,E,17.22
2011-04-18,995.6476,992.19,998.45,2.4614,56.8056,34.34,90.2,19.5709,1.5628,0.27,4.05,1.0577,2.7486,0.5,6.28,1.7479,-0.0924,0.7567,96.965,144.0,2011.0,108.0,primavera,mayo,E,19.55
2011-04-19,991.405,989.45,993.09,1.257,54.16989999999999,31.53,,19.7431,1.6254,0.24,4.23,0.9977,2.8907,0.44,7.6,1.7201,-0.4313,0.5597,127.617,144.0,2011.0,109.0,primavera,abril,SE,21.66
2011-04-20,990.3185,988.67,993.4279050125348,0.942,55.1665,31.34,85.6,18.3963,5.919840000000001,0.936,13.19792004,133.61,2.731,0.48,5.14495188,95.33,0.0539,0.5691,84.5903,144.0,2011.0,110.0,primavera,noviembre,E,21.64
2011-04-21,989.6649,988.04,991.21,1.0923,58.4142,34.46,91.8,19.7266,1.496,0.18,4.27,1.1196,2.5118,0.4,6.84,1.7294,0.5916,0.8428,54.9314,144.0,2011.0,111.0,primavera,abril,NE,22.28
2011-04-22,986.2741,984.1,988.37,1.4721,57.5357,36.06,88.6,17.3245,2.1037,0.17,8.739327398670774,1.5702,3.3143,0.36,,2.3382,1.2617,1.1215,41.6323,144.0,2011.0,,primavera,abril,NE,22.24
2011-04-23,985.7824,984.67,987.51,0.7879,55.7129,35.42,86.4,17.177,3.0209,0.19,4.411734099999999,2.2571,4.7172,0.36,7.33839151,3.3826,1.9187,2.0476,46.861,144.0,2011.0,113.0,primavera,abril,NE,19.01
2011-04-24,990.365,987.55,993.16,1.5824,48.5133,33.16,70.0,10.8453,2.6915,0.21,6.52,1.7698,4.1875,0.56,10.33,2.7667,1.8522,1.6875,42.3353,144.0,2011.0,114.0,primavera,febrero,NE,16.26
2011-04-25,993.2453,991.96,994.73,0.7587,62.4371,43.09,84.5,13.7191,2.2421,0.18,7.2,2.1711,,0.4,9.97,3.1891,1.4654,1.349,42.63,144.0,2011.0,115.0,primavera,abril,NE,14.26
2011-04-26,991.6301,990.09,993.01,0.974,84.5092,61.7,97.4,10.6222,1.6094,0.23,6.69,1.3216,2.5749,0.44,9.73,1.9508,,0.6227,32.3703,144.0,2011.0,116.0,primavera,enero,NE,13.14
2011-04-27,990.032,988.88,991.05,,86.6694,,98.9,9.7411,1.8238,0.3,4.69,1.0984,2.8261,0.6,6.52,1.5204,1.1716,0.9101,37.8385,144.0,2011.0,117.0,primavera,abril,NE,19.49
2011-04-30,984.2907,982.27,985.75,1.1873,58.3375,39.28,77.8,13.0459,16.608600000000003,1.62,29.376,200.31,7.0297,1.32,,145.55,3.6778,2.5108,34.3216,144.0,2011.0,120.0,primavera,febrero,NE,14.15
2011-05-01,985.2506,984.31,986.29,0.6085,52.6017,32.61,,14.9989,3.7912,0.58,11.434670806210654,1.5658,5.9815,1.4,11.77,2.2604,3.233,1.791,,144.0,2011.0,121.0,otoño,mayo,NE,7.89
2011-05-02,984.5901,983.62,986.05,0.6802,75.4093,60.35,83.6,5.639,11.3526,3.3120000000000003,20.844,1.2796,4.8844,1.64,9.29,1.8539,2.4285,1.8288,36.9821,144.0,2011.0,122.0,primavera,julio,NE,9.33
2011-05-03,987.0994,,991.2,,66.7905,35.13,93.8,21.9901,3.6936,0.28,8.01,1.9966,5.7749,0.54,11.07,2.9034,2.8455,1.7587,31.7188,144.0,2011.0,123.0,primavera,abril,NE,10.93
2011-05-04,992.6797,990.92,996.14,1.5525,72.9685,42.29,89.3,14.8419,1.7131,0.35,5.04,1.0445,3.0892,0.84,8.17,1.9077,0.0796,-0.4007,281.2326,144.0,2011.0,124.0,primavera,mayo,O,14.41
2011-05-05,997.4762,996.13,998.62,0.7139,62.626,33.89,96.2,23.0492,1.4231,0.27,4.3,0.8237,2.5278,0.52,6.04,1.3851,0.0557,0.5075,83.7357,144.0,2011.0,125.0,primavera,mayo,E,20.84
2011-05-06,996.1888,993.89,998.08,1.4652,51.0154,28.07,87.6,20.2303,1.6344,0.22,4.22,1.0519,2.9528,0.42,8.52,1.8828,-1.4294,0.2713,169.2517,144.0,,126.0,primavera,mayo,S,23.42
2011-05-07,995.4814,993.71,996.7,0.8597,44.8129,22.6,82.4,18.8779,1.9419,0.36,4.81,1.2154,3.4584,0.76,8.33,2.0475,0.0457,1.0534,87.5166,144.0,2011.0,127.0,primavera,mayo,E,20.55
2011-05-08,996.6198,995.86,998.63,0.6736,52.8569,34.69,75.6,9.3346,8.811,0.9,19.764000000000003,1.631,3.9311,0.68,8.2,2.3859,1.0231,1.4919,55.5591,144.0,,128.0,primavera,diciembre,NE,23.61
2011-05-09,999.116,997.57,1000.86,0.9869,47.2678,24.52,81.8,17.3827,2.0948,0.26,4.42,1.1875,3.715,,9.08,2.0884,-1.1137,1.0339,137.129,144.0,2011.0,129.0,primavera,mayo,SE,24.93
2011-05-10,998.1721,995.99,999.8,1.3145,47.15149999999999,24.29,80.9,17.2201,4.7286,0.468,12.204,0.7777,2.2708,0.36,6.26,1.2584,-0.4564,0.1132,166.0675,144.0,2011.0,130.0,primavera,febrero,S,24.14
2011-05-11,993.7627,991.44,996.6,1.5464,66.7161,42.33,95.3,15.8939,1.2808,0.26,3.94,0.7745,2.4621,0.52,7.24,1.5678,0.0556,-0.3185,279.8955,144.0,2011.0,131.0,primavera,mayo,O,21.02
2011-05-12,988.9918,985.96,992.18,1.8184,83.2523,50.78,99.5,15.6268,1.5963,0.39,6.35,0.8831,2.6049,0.84,11.52,1.4283,,-0.5039,212.8942,144.0,2011.0,,primavera,diciembre,SO,17.86
2011-05-13,993.7158,991.18,996.8847868341282,1.3345,61.3713,38.28,84.9,16.0517,1.8576,0.25,2.0815928500000003,0.7919,3.1892,0.64,3.82764536,1.327,-0.1175,-1.4341,265.3155,144.0,2011.0,133.0,primavera,mayo,O,20.12
2011-05-14,987.7426,,991.7,2.2711,64.5419,40.14,86.9,15.4862,,0.22,5.45,1.2815,3.2888,0.44,9.32,2.0081,-1.0555,-0.6444,211.4043,144.0,2011.0,134.0,primavera,mayo,SO,14.68
2011-05-15,991.9038,989.24,994.74,1.4389,64.493,43.69,86.1,11.7704,2.5068,0.71,2.7588872400000004,0.8413,4.238,1.36,4.4738712000000005,1.2853,-0.3145,-2.0839,261.4163,144.0,2011.0,135.0,primavera,mayo,O,14.65
2011-05-16,994.6806,993.74,995.53,0.6061,74.0592,56.230000000000004,88.9,11.016,9.560160000000002,1.152,17.3362509,179.18,4.5825,0.76,7.18926247,146.88000000000002,-1.931,-1.5466,218.6911,144.0,2011.0,136.0,primavera,mayo,SO,18.21
2011-05-17,993.086,992.12,997.9658717489054,0.5211,70.1244,53.89,87.3,11.5999,2.2718,0.29,7.084546905923182,1.5165,3.9476,0.6,8.95,2.3148,-1.3806,-1.3541,224.4441,144.0,2011.0,137.0,primavera,mayo,SO,24.07
2011-05-18,990.6265,988.01,993.49,1.7964,59.975,28.28,96.6,25.164,2.1588,0.19,6.05,1.7687,3.6031,0.56,9.96,2.9038,-1.6096,-0.9662,210.9764,144.0,2011.0,138.0,primavera,mayo,SO,24.31
2011-05-19,989.3988,987.79,991.62,0.9714,65.553,37.51,95.5,,,0.38,3.59773809,,2.9176,0.72,5.16980672,1.5481,0.2182,0.0376,9.7762,144.0,2011.0,139.0,primavera,julio,N,20.86
2011-05-20,991.4756,990.48,992.92,0.5715,85.7146,61.4,99.2,11.6728,1.3974,0.19,2.5476211,0.7763,2.3574,0.38,4.2253228,1.1498,-0.478,-0.0429,185.129,144.0,2011.0,140.0,primavera,mayo,S,22.36
2011-05-21,993.932,992.54,995.85,1.073,76.404,49.21,99.4,18.0503,1.7402,0.21,4.58,1.0556,2.8807,0.52,7.44,1.7093,-0.976,0.7295,143.2241,144.0,2011.0,141.0,primavera,mayo,SE,24.59
2011-05-22,990.3135,987.52,995.11,1.6784,68.6867,40.77,92.8,16.5135,2.0051,0.25,5.91,1.235,3.3407,0.52,8.08,1.8937,-1.04,-0.8301,218.5981,144.0,2011.0,142.0,primavera,mayo,SO,21.99
2011-05-23,997.0332,994.88,999.6,1.6864,52.1702,33.56,74.0,13.792,2.027,0.43,3.99,0.9329,3.371,0.98,7.36,1.4768,-1.2878,-1.0214,218.4196,144.0,2011.0,143.0,primavera,mayo,SO,24.2
2011-05-24,994.7631,992.32,1000.17,2.2326,54.9338,39.1,85.5,15.2197,7.73172,2.0160000000000005,14.607189468,1.2335,3.9661,1.26,6.16400032,2.2387,-0.7257,-1.3216,241.2288,144.0,2011.0,144.0,otoño,julio,SO,18.81
2011-05-25,,994.38,1002.96,2.7257,46.6766,28.09,,15.1175,1.7883,0.24,3.88,0.9457,3.0075,0.56,6.24,1.5189,0.4093,0.8035,63.002,144.0,2011.0,145.0,primavera,mayo,NE,26.8
2011-05-26,986.441,982.27,994.24,3.7499,55.0669,31.81,80.2,14.7164,3.4089,0.18,2.83398809016494,,5.4752,0.54,7.00906488,3.081,-2.8524,-1.0523,200.249,144.0,2011.0,146.0,primavera,abril,S,17.18
2011-05-27,986.727,985.19,990.22,1.5512,58.79829999999999,41.82,74.8,10.5108,10.65636,1.836,20.808,130.56,4.8316,1.08,10.81,106.74,-1.5427,-2.3106,236.2698,144.0,2011.0,147.0,primavera,mayo,SO,18.6
2011-05-28,989.6935,987.33,992.14,1.6829,59.5123,37.42,90.2,18.6044,1.8092,0.25,2.49169771,0.9041,3.011,0.64,4.17561312,1.4897,-1.136,-1.0508,222.7699,144.0,2011.0,148.0,primavera,mayo,SO,23.45
2011-05-29,988.3319,987.19,990.34,0.7766,51.7666,36.32,69.96,12.5635,3.1374,0.38,7.52,1.932,5.0104,1.08,11.95,2.9903,-2.4354,-1.3995,209.8825,144.0,2011.0,149.0,primavera,agosto,SO,29.55
2011-05-31,984.9558,983.09,990.93,2.2419,66.9106,44.7,88.8,11.9005,1.8413,0.55,4.55,0.8659,3.2996,1.04,7.7,1.5002,-0.5213,-0.4824,222.7812,144.0,2011.0,151.0,primavera,mayo,SO,13.55
2011-06-01,,1006.2726524569568,990.88,3.2494,81.8661,61.78,95.5,11.6925,4.644,0.54,9.596453724000002,0.7073,2.7992,,4.3993066800000005,1.4109,0.1267,0.1415,48.1559,144.0,2011.0,152.0,invierno,junio,NE,20.11
2011-06-02,1003.7751,1002.37,1005.08,0.7741,50.13000000000001,33.96,70.3,11.7444,3.064,0.37,6.28,1.7247,4.909,0.72,10.588352589488167,2.4807,2.4297,1.5834,33.0913,144.0,2011.0,153.0,verano,diciembre,NE,23.4
2011-06-03,1001.8294,997.9,1004.31,2.4201,50.7078,35.29,69.46,10.0081,2.7987,0.16,5.84,1.5809,4.3999,0.48,9.16,2.3906,2.0434,1.6388,38.7289,144.0,2011.0,154.0,verano,abril,NE,26.37
2011-06-06,,913.6,979.11,12.3975,76.9525,44.7,99.2,17.8278,6.833520000000001,1.368,35.879564037276744,1.368,3.1637,0.76,12.13,2.1376,-1.3626,-0.3944,196.1417,144.0,2011.0,157.0,invierno,marzo,S,23.19
2011-06-07,978.7782,976.61,980.06,0.7978,78.5973,56.42,96.6,11.3944,1.9007,0.38,3.4796776,0.8446,3.0062,0.72,,1.3997,,-0.2946,227.0401,144.0,2011.0,158.0,invierno,marzo,SO,19.96
2011-06-09,987.0422,983.99,989.91,1.4812,57.5885,38.23,79.5,13.9896,7.03188,0.972,8.477985924,0.8291,3.4881,0.52,4.42416152,1.5396,-0.3995,-1.6494,256.3846,144.0,2011.0,,invierno,octubre,O,18.66
2011-06-10,989.2733,988.0,990.34,0.781,63.6733,40.94,89.0,14.3776,1.5831,0.17,3.66,0.9212,2.4999,0.32,5.28,1.3609,-1.3544,0.1415,174.0347,144.0,2011.0,161.0,verano,junio,S,18.86
2011-06-11,989.4528,988.05,992.06,1.2004,77.0416,58.51,92.0,9.6213,1.4257,0.24,4.18,0.6518,2.5071,0.56,6.28,1.226,-0.3359,-0.4717,234.5496,144.0,2011.0,162.0,verano,junio,SO,20.53
2011-06-13,989.8712,989.25,990.5,0.2804,68.6203,46.78,91.6,13.7472,1.2727,0.44,3.19,0.5432,2.2185,0.68,5.12,0.8914,-0.5938,-0.623,226.3731,144.0,2011.0,164.0,verano,junio,SO,21.72
2011-06-15,990.6118,988.71,992.06,1.1749,73.9174,45.16,98.6,,4.9806,0.4026484079999999,27.99621231015624,0.6973,2.5029,0.36,3.4051130800000005,,-0.3643,-0.3141,220.7621,144.0,2011.0,166.0,invierno,mayo,SO,25.46
2011-06-16,986.5245,983.73,989.24,1.5465,73.6499,41.36,98.3,20.3312,2.6685,0.41,4.17561312,1.5181,4.1965,1.04,6.487113239999999,2.3747,-1.9418,-1.3871,215.5393,144.0,2011.0,167.0,verano,junio,SO,21.32
2011-06-17,986.7504,981.16,990.28,3.069,58.92029999999999,38.31,91.6,18.068,8.326080000000001,0.9,20.340000000000003,123.11,4.0119,0.44,8.49,99.025,-1.5412,-1.2128,218.2004,144.0,2011.0,168.0,invierno,mayo,SO,18.14
2011-06-18,979.5049,978.42,981.54,0.9762,73.296,51.25,97.8,15.3841,4.2178,0.86,8.75,1.6698,6.3836,1.36,11.89,2.6461,-3.5726,-2.0972,210.4141,,2011.0,169.0,verano,junio,SO,16.02
2011-06-19,982.6244,981.22,986.41,1.5217,66.5678,53.16,80.27299766093667,8.056,15.17688,3.672,28.548,1.4493,7.2371,2.64,13.39,2.2683,-3.0068,-2.7956,,144.0,2011.0,170.0,invierno,marzo,SO,18.66
2011-06-20,987.6633,986.49,988.75,0.5787,70.248,41.74,92.5,14.7535,2.8627,0.9,7.41,1.5063,4.9026,1.12,12.29,2.4299,-2.0589,-1.8475,221.9029,144.0,2011.0,171.0,verano,junio,SO,22.56
2011-06-21,987.4915,986.54,988.95,0.6254,83.38329999999999,58.34,98.5,13.7162,1.8195,0.55,6.1,1.1515,3.1397,0.84,11.4,2.006,-1.2293,-0.839,214.3128,144.0,2011.0,,verano,junio,SO,25.42
2011-06-22,986.5675,981.51,989.18,2.2308,80.4235,53.76,95.2,12.9133,7.80732,0.756,23.37597702,1.5579,3.6286,0.52,12.57033533,2.6502,-1.6647,-0.6876,202.4432,144.0,2011.0,173.0,invierno,noviembre,S,21.15
2011-06-23,989.1454,987.47,990.48,0.7466,64.5898,41.35,84.2,,3.1301,0.37,7.88,1.7111,5.0404,0.68,11.25,2.6436,-2.2565,-1.8132,218.7832,144.0,2011.0,174.0,invierno,agosto,SO,17.67
2011-06-24,993.0035,990.44,996.31,1.4808,67.4777,47.22,85.6,10.5809,2.4967,0.4,3.38647195,1.2729,4.3912,1.08,5.66068981,2.2284,-0.973,-2.1451,,144.0,2011.0,175.0,verano,junio,SO,17.31
2011-06-25,996.8944,995.83,997.82,0.4815,71.2361,45.13,96.2,13.5274,9.29016,2.232,13.667676516000002,1.0995,4.2506,1.12,6.56789147,1.9298,-1.3205,-2.003,236.6048,144.0,2011.0,176.0,invierno,septiembre,SO,23.68
2011-06-26,996.2153,995.13,997.34,0.5305,75.8784,50.46000000000001,97.0,14.2666,4.8348,0.468,15.264,76.18,2.606,0.24,7.06,70.7,-0.1232,-0.6638,,144.0,2011.0,177.0,invierno,abril,O,26.46
2011-06-27,995.363,993.01,997.33,1.6725,65.2781,40.19,99.17811301220064,18.8925,1.6107,0.24,2.42956061,1.1027,2.7308,0.48,3.88978246,1.7101,-0.3866,0.9151,112.9015,144.0,2011.0,178.0,invierno,junio,SE,27.35
2011-06-28,991.8519,988.76,994.06,1.749,56.9847,37.97,90.9,18.1256,1.7397,0.21,4.93,1.2797,2.9611,0.44,7.4,1.9718,0.6063,1.2131,63.4436,144.0,2011.0,179.0,verano,junio,NE,28.59
2011-06-29,988.0192,985.92,990.06,1.1645,60.1925,33.14,95.4,20.9275,2.3432,0.21,5.91,1.5519,3.7497,0.44,9.2,2.2486,0.3151,-0.2752,318.8743,144.0,2011.0,180.0,verano,junio,NO,17.63
2011-06-30,991.9401,988.38,994.35,2.0413,79.6917,46.739999999999995,95.6,17.8191,2.2223,0.25,2.46684287,0.8368,4.0048,0.72,4.02648408,1.3002,-0.352,-1.9552,259.7944,144.0,2011.0,181.0,verano,junio,O,16.22
2011-07-01,992.8985,991.34,994.15,0.9511,79.7951,52.26,94.9,13.3544,1.7904,0.19,5.15,1.045,3.0707,0.64,6.83,1.636,-0.5557,-1.327,247.2781,144.0,2011.0,182.0,verano,diciembre,SO,13.43
2011-07-02,987.6746,983.66,991.28,,79.2292,65.99,,7.4854,2.7215,1.22,2.78374208,0.6863,5.1076,2.56,5.523988190000001,1.1391,-0.6249,-2.6118,256.5448,144.0,2011.0,183.0,verano,julio,O,13.07
2011-07-03,983.7712,981.5,987.06,1.7318,,83.0,95.3,2.7667,3.8098,1.08,2.2162250187393404,1.0131,6.7676,2.52,6.00865757,1.3789,-1.0131,,254.1393,144.0,2011.0,184.0,verano,julio,O,18.59
2011-07-04,987.8711,986.43,989.44,0.7927,88.3062,74.7,95.9,6.0834,1.3814,0.47,2.7,0.4566,2.8346,1.18,5.8,0.9115,-0.5649,-0.6767,230.1471,144.0,2011.0,185.0,verano,enero,SO,20.15
2011-07-05,988.2745,986.3,989.4,1.1354,85.5128,68.18,96.5,8.3726,1.2903,0.18,2.62218562,0.9867,2.1089,0.52,3.77793568,1.3645,0.3797,0.4746,51.3394,144.0,2011.0,186.0,verano,diciembre,NE,28.12
2011-07-06,983.2057,980.93,986.3,1.5545,74.063,36.36,99.7,21.6339,1.6451,0.39,7.21,0.9699,2.7425,0.7,13.28,,-0.9381,-0.8164,221.0333,144.0,,187.0,verano,julio,SO,27.66
2011-07-07,983.8578,980.31,985.73,1.6512,62.2477,38.04,96.2,18.2728,2.1028,0.42,,1.0832,3.5076,0.76,6.94071407,1.6703,-1.2166,-0.5513,204.3784,144.0,2011.0,188.0,verano,julio,SO,23.05
2011-07-08,985.636,981.29,989.1,2.1552,69.7819,42.71999999999999,,18.4619,2.7137,0.24,5.54,1.463,,0.68,9.29,2.2329,-2.0161,-1.6212,218.8031,144.0,2011.0,189.0,verano,enero,SO,27.57
2011-07-09,988.8154,987.35,990.45,0.7992,60.57950000000001,37.54999999999999,90.6,17.7307,3.2608,0.25,6.96,2.0044,5.1788,0.52,10.92,2.9979,-2.7044,-1.4839,208.7528,144.0,2011.0,190.0,verano,julio,SO,25.37
2011-07-10,990.9286,988.54,992.68,1.1943,70.9669,49.08,95.2,15.0353,1.4647,0.14,5.07,0.8013,2.6315,0.4,8.96,1.2423,-0.0709,-0.0731,225.8881,144.0,2011.0,191.0,verano,diciembre,SO,23.66
2011-07-11,992.0523,990.2,993.17,0.8793,68.5981,38.73,96.42008532859629,19.9717,1.5473,0.18,3.88,0.7407,2.87,0.4,6.94,1.2685,0.4504,-0.5468,309.4777,144.0,2011.0,192.0,verano,julio,NO,25.47
2011-07-12,989.3319,983.95,993.16,3.1241,62.4083,35.88,95.1,21.625,2.2015,0.23,4.61,1.271,3.7092,0.56,8.24,2.1534,-0.273,1.34,101.5148,144.0,2011.0,193.0,verano,julio,E,25.98
2011-07-13,,979.13,,1.2336,75.9388,53.53,95.3,12.5971,1.87,0.14,5.42,1.1738,3.2248,0.32,7.92,1.8017,-1.1045,-0.7671,214.7794,144.0,2011.0,194.0,verano,julio,SO,18.34
2011-07-14,986.6285,981.64,989.2,2.1781,66.8719,44.46,93.8,16.1617,4.7342,0.6,5.92166563,2.2232,7.2488,1.32,8.25802059,3.0109,-3.6931,-2.7158,216.3288,144.0,2011.0,195.0,invierno,julio,SO,19.26
2011-07-16,985.0041,977.82,991.07,4.2992,57.0085,36.85,88.3,17.6778,8.99388,2.52,18.864,1.2108,3.9169,1.06,10.636479010552042,1.9891,-2.3026,-0.3964,189.768,144.0,2011.0,197.0,invierno,junio,S,19.94
2011-07-18,,977.6,980.99,0.8904,70.7752,50.28,87.1,10.3362,16.037640000000003,4.752000000000001,32.940000000000005,1.7779,6.3994,2.28,12.53,2.6981,-3.8906,-1.8949,205.9684,144.0,2011.0,199.0,invierno,diciembre,SO,23.46
2011-07-20,977.2621,975.23,985.6257498133776,1.6859,64.2829,52.25,81.3,8.4489,6.63984,2.4480000000000004,16.848,92.65,3.6741,1.6,7.12,65.32,0.1531,-0.6283,283.6927,144.0,2011.0,201.0,verano,agosto,O,19.63
2011-07-21,980.6683,980.07,981.42,0.3388,83.5358,61.64000000000001,97.7,10.5726,2.3742,0.21,4.75,1.2314,3.7666,0.48,6.85,1.6387,-0.5726,-1.9932,253.9706,144.0,2011.0,202.0,verano,julio,O,17.02
2011-07-22,981.0465,979.77,982.36,0.6889,70.5812,51.22,89.7,13.1206,2.3835,0.7,2.28664528,0.6327,4.5512,1.48,4.67892363,1.3414,-0.5058,-2.2906,257.548,144.0,2011.0,203.0,verano,julio,O,17.02
2011-07-23,981.9449,981.37,982.39,0.259,63.9182,,80.6,10.5239,2.749,1.01,5.76,0.9921,4.6376,2.04,8.81,1.7861,-1.6447,-2.099,231.9186,144.0,2011.0,204.0,verano,julio,SO,15.87
2011-07-24,982.3186,981.15,983.68,0.7457,66.3243,54.0,81.8,8.5915,3.6583,0.76,4.970968,1.4907,5.7773,,7.30110925,2.3846,-2.966,-2.0369,214.4786,144.0,2011.0,205.0,invierno,abril,SO,15.6
2011-07-25,983.6944,982.64,985.06,0.6128,,64.63,86.1,6.2619,6.357600000000001,1.656,14.328,0.6887,2.7511,1.04,6.52,1.1195,-1.2911,-0.7986,211.7387,144.0,2011.0,206.0,invierno,diciembre,SO,23.38
2011-07-26,986.3522,984.83,989.03,1.087,64.1072,36.15,96.8,22.5249,1.2753,0.22,3.36,,2.3115,0.52,5.44,1.1894,-0.665,0.1982,163.4048,144.0,2011.0,207.0,verano,mayo,S,24.13
2011-07-27,990.0476,988.97,991.17,,57.8368,36.28,83.1,16.1097,1.8454,0.23,3.01364935,1.1472,2.9942,0.52,4.1010486,1.6682,1.1263,0.6998,31.8517,144.0,2011.0,208.0,verano,julio,NE,22.86
2011-07-28,990.6701,989.41,991.31,0.6117,65.4597,42.54,91.1,14.8448,2.4226,0.18,6.1,1.7672,3.7841,0.36,9.32,2.6474,1.5914,1.057,33.5916,144.0,2011.0,209.0,invierno,mayo,NE,19.62
2011-07-29,989.6951,988.11,990.87,0.9448,67.7065,52.51,84.6,9.1222,1.4537,0.27,2.79,0.5689,3.1059,0.6,6.77,1.3491,-0.1351,-1.266,263.9086,144.0,2011.0,210.0,verano,julio,O,13.75
2011-07-30,986.7758,985.74,988.59,0.7115,83.9438,70.9,92.5,5.6645,11.18088,2.8440000000000003,12.07945224,119.79,5.5754,1.24,9.23,89.75,-0.6735,-3.0129,257.4,,2011.0,211.0,invierno,marzo,O,15.3
2011-07-31,988.4591,986.85,990.04,0.926,84.1493,,91.2,4.7247,5.93712,1.0080000000000002,14.976,0.8378,3.3361,0.52,7.12,1.6437,-0.3918,-1.2802,252.9827,144.0,2011.0,212.0,invierno,septiembre,O,19.02
2011-08-01,990.7175,989.6,992.3,0.6927,87.9458,73.3,96.9,6.3335,4.51584,0.792,16.524,102.86,2.0169,0.4,,68.66,0.6175,0.5111,39.6144,144.0,2011.0,213.0,invierno,noviembre,NE,23.99
2011-08-02,992.406,991.05,993.38,0.6687,,52.82,99.5,17.3205,6.68592,0.54,15.408,1.0852,3.0003,0.36,6.08,1.5768,0.7349,0.9675,52.7804,144.0,2011.0,214.0,invierno,marzo,NE,27.86
2011-08-03,989.7779,987.33,991.93,1.6509,69.126,41.52,97.32236618390657,18.5921,1.5897,0.19,3.20006065,1.0304,2.7799,0.4,5.08281478,1.7469,-0.927,-0.0296,181.826,144.0,2011.0,215.0,verano,agosto,S,25.43
2011-08-05,986.8167,985.32,987.9,0.8726,79.8983,53.84,,15.028,1.6056,0.16,4.27,0.9626,2.6432,0.36,6.68,1.3609,-1.1115,-0.4837,203.5174,144.0,2011.0,217.0,verano,agosto,SO,27.1
2011-08-06,981.0537,975.55,985.8,3.4371,71.2571,48.15,100.0,17.7937,8.90676,0.6120000000000001,18.756,1.356,3.7955,0.48,7.88,1.9923,-2.2402,-0.3792,,144.0,2011.0,218.0,invierno,agosto,S,22.17
2011-08-07,979.428,975.32,981.64,2.2969,75.5402,50.67,92.8,11.6343,2.2127,0.29,5.4,,3.5853,,7.97,1.6708,-1.4089,-1.3723,224.245,144.0,2011.0,219.0,verano,agosto,SO,18.53
2011-08-08,980.8033,978.45,984.67,1.8435,76.1056,51.35999999999999,94.4,14.3669,3.1908,0.48,6.22613742,2.2773,5.4376,,9.07823031,3.7473,-2.4649,-1.6596,213.9528,144.0,2011.0,220.0,invierno,septiembre,SO,17.58
2011-08-09,988.2382,984.52,993.32,2.3956,75.2919,56.3,84.2,6.1359,13.420800000000002,3.636,28.8,1.7085,6.0889,2.24,12.45,2.4755,,-2.3267,221.3525,144.0,2011.0,221.0,invierno,marzo,SO,17.16
2011-08-10,995.0527,991.69,997.33,1.707,63.8972,45.17,,11.3431,2.7942,0.98,5.05,0.742,4.9451,1.92,9.57,1.3929,-1.4126,-2.1652,236.8792,144.0,2011.0,222.0,verano,diciembre,SO,23.7
2011-08-11,987.3883,985.43,991.67,1.7296,54.5908,47.55,66.5,4.83,4.0919,0.5,5.15116559,1.9045,6.5212,,7.51237539,2.7053,-3.6486,-1.695,204.9172,144.0,,223.0,verano,agosto,SO,20.89
2011-08-12,984.1925,983.36,985.42,0.4273,73.5053,60.14,91.6,9.4679,8.58456,1.152,25.812,1.7196,3.8033,0.68,10.73,2.5945,-1.7335,-1.2372,215.5153,144.0,2011.0,224.0,invierno,junio,SO,20.34
2011-08-13,983.9721,983.55,984.45,0.2269,85.9559,67.92,95.6,7.5835,0.9247,0.21,2.15,,1.6068,0.4,3.64,0.7567,-0.4752,-0.4403,222.8122,144.0,2011.0,225.0,invierno,agosto,SO,25.64
2011-08-14,981.686,978.66,984.2,1.4753,81.5356,55.43,97.5,14.8561,8.31456,0.936,22.536,165.19,3.6936,0.6,9.24,125.185,-1.8474,-0.6953,200.6242,144.0,2011.0,226.0,invierno,junio,S,22.17
2011-08-15,987.7641,984.28,991.93,2.1517,76.4065,48.74,99.2,16.7747,1.2599,0.23,1.6155646,0.5716,2.2061,0.48,3.4051130800000005,0.9518,-0.0182,-0.4032,267.4144,144.0,2011.0,227.0,invierno,agosto,O,20.87
2011-08-16,992.1483,991.12,992.78,0.4521,78.0677,56.98,93.9,9.8675,1.209,0.22,2.01324204,0.6103,1.9967,0.48,2.88316144,0.8764,0.3375,0.3891,49.0644,144.0,2011.0,228.0,verano,agosto,NE,25.57
2011-08-17,990.5992,988.74,992.43,1.0992,67.3087,39.05,96.0,20.8558,1.056,0.2,2.37,0.491,1.7783,0.48,3.84,0.7814,-0.337,0.1549,155.3057,144.0,,229.0,verano,agosto,SE,29.2
2011-08-18,987.8903,985.46,989.78,1.6709,66.2576,43.03,88.4,13.2455,1.4074,0.2,4.71,1.0134,2.3374,0.48,6.8,1.4836,-0.261,0.121,155.1214,144.0,2011.0,230.0,verano,agosto,SE,22.71
2011-08-19,988.7295,985.06,994.73,3.0314,,64.96,96.5,10.1519,1.7694,0.39,3.20627436,0.7989,3.2241,0.74,6.12050435,1.4169,-0.7473,-1.1775,237.5995,144.0,2011.0,231.0,verano,agosto,SO,23.85
2011-08-20,995.1744,993.66,999.4451732762966,0.9539,70.9085,42.52,98.5,20.3086,5.0144400000000005,0.648,13.032,0.7408,2.2912,0.48,6.0,1.1475,-0.4458,0.2398,151.7225,144.0,2011.0,232.0,verano,septiembre,SE,26.09
2011-08-22,991.4122,989.49,993.14,1.0322,74.3138,51.88,95.4,13.2821,1.3848,0.24,2.74024611,1.0088,2.4267,0.27340324,7.667216430935808,1.4767,0.7101,0.2126,16.6666,144.0,2011.0,234.0,invierno,octubre,N,28.72
2011-08-23,989.0622,986.41,992.39,1.9611,,57.41,95.4,11.9565,2.0444,0.16,5.97,1.4919,3.0999,0.36,8.73,2.0655,0.8513,0.8251,44.1025,144.0,2011.0,235.0,invierno,enero,NE,30.43
2011-08-24,988.3189,986.47,991.35,1.1529,73.8039,42.4,95.1,18.2397,1.7213,0.28,6.75,1.0406,2.9712,0.64,12.25,1.7523,,-0.1472,253.3963,144.0,2011.0,236.0,verano,agosto,O,25.6
2011-08-25,988.8985,987.15,990.46,1.1815,82.2074,62.06,99.1,14.108,5.91192,0.5760000000000001,11.29652478,,2.609,0.44,4.42416152,84.77,0.4421,0.7149,58.2657,144.0,2011.0,237.0,invierno,diciembre,NE,33.11
2011-08-26,981.2572,976.43,987.18,3.6081,65.2497,30.869999999999997,97.3,23.5693,1.9351,0.17,6.54,1.5608,3.2078,0.44,10.11,2.5342,-1.5131,-0.4302,195.8703,144.0,2011.0,238.0,verano,agosto,S,19.73
2011-08-27,986.2396,978.86,,3.5236,82.128,69.96,94.9,7.3077,2.9883,0.69,7.06,1.3807,4.9487,1.32,9.61,1.9502,-2.1434,-1.6036,216.8023,144.0,2011.0,239.0,verano,agosto,SO,18.4
2011-08-28,991.5452,989.9,993.03,0.8643,67.9844,51.04,88.9,13.3577,2.989,0.56,6.42,1.5371,4.5636,1.2,9.77,2.3376,-2.3444,-1.6264,214.7498,144.0,2011.0,240.0,verano,agosto,SO,18.65
2011-08-29,988.4201,987.22,990.45,,64.6741,43.68,90.2,13.4421,8.30124,1.296,23.544,155.16,3.9633,0.76,11.01,132.115,-1.3269,-1.62,230.6794,,2011.0,241.0,invierno,agosto,SO,15.59
2011-08-30,988.9354,988.13,989.63,0.3624,64.8715,49.18,89.7,12.0304,1.8783,0.24,2.70917756,0.7058,3.214,0.52,4.90261719,1.6279,-0.8029,-1.465,241.2737,144.0,2011.0,242.0,invierno,junio,SO,18.98
2011-08-31,988.2228,986.97,989.14,0.6695,70.6212,43.54,95.0,17.9825,1.1253,0.21,3.84,0.7071,2.0026,0.4,6.0,1.211,-0.5322,-0.4523,220.3598,144.0,2011.0,243.0,verano,agosto,SO,20.26
2011-09-01,988.2956,987.0,992.774709458833,0.6531,69.9522,48.41,90.9,15.0185,4.54356,0.756,13.716,0.8034,2.1793,0.44,7.4,1.2896,0.5317,0.3703,34.8547,144.0,2011.0,244.0,otoño,septiembre,NE,25.37
2011-09-02,987.7122,986.29,988.79,0.8162,,39.73,98.2,,3.7512,0.5040000000000001,5.346276084,0.5665,1.8711,0.36,2.62218562,0.8936,-0.5604,-0.1549,195.4501,144.0,2011.0,245.0,otoño,septiembre,S,28.0
2011-09-03,987.1016,985.07,988.49,1.2291,68.5603,42.37,93.8,16.448,1.2639,,3.39,0.789,2.2465,0.44,5.84,1.3197,-1.0352,-0.0572,,144.0,2011.0,246.0,otoño,septiembre,S,28.55
2011-09-04,983.991,981.7,985.88,1.4216,72.5443,45.7,95.1,17.3054,1.1775,0.21,4.62,0.8456,2.1749,0.44,8.44,1.5193,-0.3632,-0.085,193.1675,144.0,2011.0,247.0,invierno,septiembre,S,20.32
2011-09-05,987.209,982.61,994.52,3.589,78.656,53.61,97.6,14.666,,0.3,4.11,0.9193,3.2129,0.76,7.77,1.7504,-0.6716,-1.273,242.1852,144.0,2011.0,248.0,otoño,septiembre,SO,20.36
2011-09-06,991.8877,985.52,995.16,3.0966,61.4006,46.16,84.2,11.81,3.9106,0.26,5.60476642,2.2558,5.8706,0.68,8.20831091,3.4328,-3.3845,-1.8209,208.2805,144.0,2011.0,249.0,otoño,septiembre,SO,17.09
2011-09-07,983.9647,980.66,985.67,1.4582,,54.71,92.3,9.1496,3.9317,0.46,8.12,2.0241,6.8289,1.08,13.41,2.8735,-2.8018,-2.4987,221.7268,144.0,2011.0,250.0,otoño,marzo,SO,13.65
2011-09-08,982.5819,981.38,984.82,0.7141,82.4181,70.6,92.3,5.7497,2.0346,0.56,3.52,0.6494,3.865,1.12,7.48,1.1552,-1.4366,-1.2639,221.3409,144.0,2011.0,251.0,otoño,septiembre,SO,18.27
2011-09-09,985.9371,984.15,987.44,0.9716,83.4335,69.22,95.5,8.1999,4.94388,0.936,9.61882308,0.8802,2.4168,0.48,3.90220988,1.5478,-0.8421,-0.792,,144.0,2011.0,252.0,otoño,abril,SO,25.35
2011-09-10,986.4952,984.81,987.88,1.0544,78.639,56.92,95.2,12.4873,5.7038400000000005,0.936,9.014850468,0.836,2.4853,0.64,,1.1475,-1.3855,-0.3316,193.4607,144.0,2011.0,253.0,otoño,agosto,S,28.42
2011-09-11,984.5777,982.52,986.42,0.9131,77.1973,45.69,96.6,17.0566,2.2506,0.41,5.84,1.0895,3.7906,1.0,11.84,1.7525,-1.6678,-0.5997,199.7761,144.0,2011.0,254.0,invierno,septiembre,S,20.08
2011-09-13,985.7425,984.56,987.4,0.6772,75.848,59.04,93.8,9.5389,2.4624,0.31,6.02,1.2302,,12.423047090103438,0.88,2.0558,-1.6848,-1.5203,222.0621,144.0,2011.0,256.0,invierno,septiembre,SO,18.44
2011-09-14,989.9201,987.37,992.38,1.6215,64.8304,43.27,86.5,15.3661,2.2299,0.28,3.21248807,1.1041,4.0265,0.64,,2.1849,-0.9018,-1.9086,244.7098,144.0,2011.0,257.0,otoño,septiembre,SO,17.96
2011-09-15,993.3799,992.08,994.81,0.8833,70.3299,45.21,89.9,14.241,1.3883,0.26,4.14,0.7707,2.6344,0.56,7.65,1.5802,-0.5141,-0.7902,236.9532,144.0,2011.0,258.0,otoño,septiembre,SO,18.6
2011-09-17,,981.4,988.26,1.9298,77.5769,59.92,97.8,11.7787,2.4308,0.44,4.70999218,1.7729,3.861,0.96,7.36324635,2.6001,-1.8363,-1.1021,,144.0,2011.0,260.0,otoño,septiembre,SO,15.31
2011-09-18,979.7694,977.66,982.66,1.4823,93.0715,85.9,98.1,3.7012,1.8503,0.16,1.49035340981426,0.798,2.7485,0.48,3.4796776,1.0336,-1.5176,-0.761,206.6326,144.0,2011.0,261.0,otoño,septiembre,SO,16.1
2011-09-19,986.7322,982.56,993.22,3.1639,79.7906,58.5,94.3,10.4715,6.1668,1.2240000000000002,26.88981505405725,0.7666,2.6514,0.8,5.2,,-1.2221,-0.4512,200.2647,144.0,2011.0,262.0,invierno,diciembre,S,18.7
2011-09-20,996.5403,993.34,997.78,1.1377,81.3877,51.79,99.5,17.5103,4.44888,0.864,10.98,0.5696,2.0935,0.54,4.4,0.8247,-0.7691,-0.3496,204.4421,144.0,2011.0,263.0,otoño,diciembre,SO,20.07
2011-09-21,994.3618,991.73,997.13,,79.7921,49.14,99.3,17.5066,1.4948,0.34,3.75,0.8088,2.3428,0.8,4.84,0.9321,-0.991,-0.448,204.3264,144.0,2011.0,264.0,otoño,septiembre,SO,17.85
2011-09-23,992.7629,991.57,993.71,0.6204,74.2597,46.94,95.0,,1.0686,0.22,3.32,0.5388,1.9718,0.4,6.72,0.9998,-0.4359,-0.4906,228.3796,144.0,2011.0,266.0,otoño,septiembre,SO,20.05
2011-09-24,991.8999,990.13,993.03,0.9415,75.4673,46.45,,18.2628,1.0107,0.13,2.56,0.6362,1.8683,0.36,4.28,1.0847,-0.7361,0.2213,163.2694,144.0,2011.0,267.0,primavera,abril,S,22.45
2011-09-26,997.3956,995.69,999.72,1.0092,76.8907,46.50999999999999,98.7,19.0451,0.9114,0.18,2.18,0.4683,1.6553,0.48,4.14,0.7523,-0.2932,0.2882,135.4863,144.0,,269.0,primavera,septiembre,SE,20.1
2011-09-27,1002.2334,999.67,1004.88,1.6064,85.6464,68.63,96.9,9.6508,1.5184,0.13,2.83345176,1.1982,2.3197,0.3,3.9767744,1.5856,0.7338,0.7449,45.4322,144.0,2011.0,270.0,otoño,septiembre,NE,19.81
2011-09-28,1004.5021,1003.17,1007.1533447636936,0.7574,85.0424,62.78,99.2,12.0359,5.05008,0.7200000000000001,11.916,0.7957,2.185,0.44,4.6,,,0.676,55.5441,144.0,2011.0,271.0,otoño,octubre,NE,22.65
2011-09-29,1003.1024,1002.17,1004.33,0.6264,81.176,44.55,99.7,19.9002,3.75444,0.54,4.156001063015725,0.6264,1.7317,0.26,2.72160498,0.9126,-0.3313,0.334,134.7674,144.0,2011.0,272.0,otoño,febrero,SE,25.94
2011-09-30,1001.6153,999.91,1002.93,1.0783,74.6423,38.33,99.2,22.2389,3.80988,0.8280000000000001,11.304,62.84,1.8106,0.48,4.8,45.395,-0.1745,0.2789,122.0362,144.0,2011.0,273.0,otoño,enero,SE,25.18
2011-10-01,1000.3344,999.19,1001.14,0.5635,70.8535,41.51,96.0,19.184,,0.18,3.47,0.7469,1.7419,0.38,4.68,1.0452,-0.0853,0.2876,106.5232,144.0,2011.0,274.0,otoño,octubre,E,25.29
2011-10-02,998.3425,996.34,1000.28,1.5165,70.9057,39.84,100.0,20.7395,0.8847,0.15,2.09,0.3972,1.534,0.32,2.88,0.5241,-0.1373,0.2447,119.2938,144.0,2011.0,275.0,primavera,octubre,SE,24.46
2011-10-03,995.0153,993.44,996.58,0.9986,74.0528,48.94,95.3,16.241,1.143,0.33,1.76469364,0.5155,2.0985,0.68,3.3056937200000003,0.9602,-0.5193,-0.3242,211.9732,144.0,2011.0,276.0,otoño,octubre,SO,24.71
2011-10-04,992.9847,991.22,994.15,0.8026,68.9177,42.36,94.7,19.5307,2.5213,0.55,6.42,1.5414,,1.36,9.8,2.3716,-1.7439,-1.3438,217.6161,144.0,2011.0,277.0,otoño,octubre,SO,17.26
2011-10-05,993.1393,991.17,994.35,0.7734,,62.38,77.8,3.9163,7.426800000000001,0.972,18.432,1.1288,3.5153,0.5,7.81,,-1.5901,-1.0286,212.8967,144.0,2011.0,278.0,otoño,noviembre,SO,18.75
2011-10-06,984.2394,978.75,991.1,3.5998,75.0728,57.65,91.5,11.1566,16.826400000000003,1.044,45.108,334.17,7.0828,0.68,16.73,,-3.6817,-2.5181,214.3702,144.0,2011.0,279.0,otoño,agosto,SO,11.03
2011-10-07,982.3626,981.29,983.51,0.606,78.2372,57.46,95.40516191006378,8.4066,2.3949,0.31,5.26,1.0908,4.3155,0.66,9.05,1.9763,-1.1615,-1.8386,237.7182,144.0,2011.0,280.0,otoño,septiembre,SO,10.15
2011-10-08,984.4903,982.5,992.0726064723208,1.5213,82.087,62.0,91.2,6.9096,10.01988,5.364,10.983353796,0.6522,5.2174,2.88,5.374859150000001,1.0687,-0.4374,-2.7302,260.8984,144.0,2011.0,281.0,otoño,enero,O,11.21
2011-10-10,987.4429,985.55,991.08,1.2144,86.7701,73.0,96.4,8.8633,8.203320000000001,3.276,16.92,0.8572,4.2795,1.96,7.36,1.3516,-1.8957,-0.5325,195.6893,144.0,2011.0,283.0,otoño,mayo,S,15.71
2011-10-11,987.8331,987.08,989.57,0.4524,79.6699,69.33,91.2,5.9697,3.0873,0.9,6.03,1.1608,6.1419,2.12,11.81,1.8326,,-2.056,224.6541,144.0,2011.0,,otoño,abril,SO,9.52
2011-10-12,991.8233,989.77,999.4809210019384,1.4114,92.0785,86.3,98.2,2.8537,5.29164,1.4400000000000002,,0.6287,2.5947,0.8,5.58,0.9561,-0.584,-1.0881,241.7796,144.0,2011.0,285.0,otoño,noviembre,SO,12.03
2011-10-13,1000.5509,995.1,1005.09,2.9947,81.2958,55.669999999999995,96.9,13.9125,1.2392,0.2,3.48,0.7366,,0.36,5.44,1.1669,-0.0142,-0.5017,268.3767,144.0,2011.0,286.0,otoño,octubre,O,8.12
2011-10-14,1007.2256,1005.08,1008.51,1.0865,88.5772,61.08,99.5,12.8582,0.9633,0.19,1.83925816,0.6062,1.6301,0.32,2.51033884,0.9266,,0.3066,102.0485,144.0,2011.0,287.0,otoño,octubre,E,11.31
2011-10-15,1005.5759,1003.4,1011.6166984058964,1.5636,83.6446,47.58,99.2,18.271,3.910320000000001,0.5760000000000001,12.096,0.6456,1.8461,0.36,4.96,1.0175,-0.2174,0.2585,130.0677,,2011.0,288.0,otoño,junio,SE,15.3
2011-10-16,1000.734,998.16,1006.1143824104028,1.8647,73.7036,44.47,98.2,19.0784,1.5677,0.19,3.37,0.9576,2.4673,0.48,5.48,1.3228,-1.4526,,179.5265,144.0,2011.0,289.0,primavera,agosto,S,14.41
2011-10-17,995.696,992.07,998.22,1.8144,73.274,53.0,93.9,11.5021,1.951,0.28,4.55,0.9371,3.0962,0.64,6.79,,-1.3792,-0.5225,200.75,144.0,2011.0,290.0,primavera,octubre,S,17.57
2011-10-18,985.4974,981.44,991.95,2.9163,80.3916,51.23,100.0,15.6428,10.93392,1.548,41.076,2.7321,4.9505,0.84,17.77,3.8541,-2.4268,-1.1577,205.5041,144.0,2011.0,291.0,otoño,mayo,SO,9.12
2011-10-19,988.1941,985.61,,2.0702,78.7831,62.08,94.5,8.9496,11.18088,1.692,21.132,144.70000000000002,4.8581,1.24,9.73,107.465,-2.4578,-1.7034,214.7244,144.0,2011.0,292.0,otoño,julio,SO,8.79
2011-10-20,996.3783,992.07,1000.69,2.5532,79.8483,60.6,96.6,8.2953,1.7999,0.22,3.92,0.751,3.2364,0.64,7.33,1.2927,-0.8315,-1.3769,238.8733,144.0,2011.0,,otoño,octubre,SO,10.5
2011-10-21,1001.5026,1000.67,1002.75,0.6197,86.29,55.29,99.2,15.1982,3.54564,0.684,8.208,0.4048,1.6722,0.44,3.64,0.5868,,-0.1556,193.8661,144.0,2011.0,294.0,otoño,noviembre,S,11.35
2011-10-22,998.9014,995.91,,2.0774,82.2507,47.84,98.7,18.1955,5.018759999999999,0.9,14.4,0.8212,2.2755,0.72,6.17,1.2307,-1.2655,-0.0435,181.9686,144.0,2011.0,295.0,otoño,marzo,S,11.58
2011-10-23,994.2589,992.11,998.2727710144372,1.3797,77.151,,,13.8203,5.88276,0.864,20.268,96.96,2.7336,0.68,9.93,73.155,-1.3581,0.2643,168.9887,144.0,2011.0,296.0,otoño,noviembre,S,13.1
2011-10-24,988.3217,986.07,992.07,1.8203,74.8775,57.25,93.6,11.6781,9.2322,1.1880000000000002,27.468,2.0096,4.5084,0.92,12.53,3.3714,-1.3194,1.502,131.2958,144.0,2011.0,297.0,otoño,julio,SE,10.69
2011-10-25,982.909,980.69,986.08,,79.5036,60.98,92.8,9.7796,10.82124,1.1880000000000002,21.6,155.83,4.5794,0.56,8.77,112.97,1.4938,1.9591,52.6737,,2011.0,298.0,otoño,junio,NE,13.29
2011-10-27,991.9715,990.59,992.92,,91.3222,78.5,99.8,8.0715,1.1095,0.2,4.0,0.8005,1.8757,0.56,5.54,1.1388,-0.7379,-0.0075,180.5796,144.0,2011.0,300.0,otoño,octubre,S,17.89
2011-10-28,996.9069,992.67,1000.91,2.3838,,55.16,96.2,11.1926,1.4994,,3.67,0.7295,2.3271,0.44,5.64,1.0031,-1.0524,-0.1092,185.9256,144.0,2011.0,301.0,otoño,octubre,S,17.0
2011-10-31,994.4656,992.38,996.4,1.4902,91.0894,62.28,99.8,12.0173,1.3574,0.21,2.63461304,0.9421,2.0953,0.48,3.70337116,1.2062,-0.1641,0.3223,116.9812,144.0,2011.0,304.0,primavera,mayo,SE,12.19
2011-11-02,989.6047,986.14,991.69,1.8421,87.9245,,99.5,12.0893,1.994,0.43,4.33,0.8867,3.161,0.76,,1.2509,-1.8604,-0.0446,181.3737,144.0,2011.0,306.0,otoño,noviembre,S,16.68
2011-11-03,983.3524,980.86,986.04,1.4063,78.4102,52.52,94.5,13.3498,2.8403,0.85,4.69,0.7469,4.3042,1.8,6.17,1.0421,-2.7281,0.2411,174.95,144.0,2011.0,307.0,otoño,noviembre,S,14.97
2011-11-05,982.461,981.41,984.81,0.8861,86.3944,66.89,99.3,11.0094,0.8806,0.26,2.49,0.5311,1.4569,0.48,3.2,,-0.4229,-0.1075,194.259,144.0,2011.0,,otoño,noviembre,S,13.62
2011-11-06,987.2937,984.85,990.45,1.5847,89.6992,,,9.2599,1.2574,0.2,2.41091948,0.9048,1.9442,0.42,3.44239534,1.1641,0.1035,0.3093,71.5065,144.0,2011.0,310.0,otoño,noviembre,E,6.06
2011-11-07,992.1385,990.47,993.3,0.8431,98.8861,,100.0,1.5301,1.5785,0.37,2.07537914,0.5517,2.3903,0.72,2.70917756,0.7422,0.7056,0.3079,23.5703,144.0,2011.0,311.0,otoño,noviembre,NE,10.21
2011-11-08,993.2606,992.31,993.69,0.3621,95.4944,79.3,100.0,6.1951,1.2185,0.17,3.25,0.7381,1.8921,0.36,4.4,0.8726,-0.1297,-0.092,215.3303,144.0,2011.0,312.0,primavera,mayo,SO,8.99
2011-11-09,995.4569,993.71,997.65,1.2228,98.2,80.8,100.0,,4.191479999999999,0.972,7.627950396000001,0.6223,1.8382,,0.33554034,0.722,0.3679,-0.0104,358.3763,144.0,2011.0,313.0,primavera,mayo,N,5.37
2011-11-10,997.9606,997.11,999.23,0.5649,99.95,99.1,,0.1537,1.8103,0.16,3.2249154900000003,1.1125,2.7292,0.42,4.19425425,1.5079,0.8215,1.2678,57.0572,144.0,2011.0,314.0,otoño,noviembre,NE,4.12
2011-11-13,1006.7349,1004.45,1008.32,1.1049,83.921,52.910000000000004,96.9,13.1811,0.7086,0.16,2.12,0.4077,1.2858,0.32,3.48,0.5944,-0.196,0.0935,154.5107,144.0,2011.0,317.0,otoño,noviembre,SE,6.87
2011-11-14,1000.8007,998.34,1004.37,2.095,90.4664,65.32,98.7,10.6904,0.6864,0.14,2.38,0.3911,1.2207,0.32,2.76,0.5439,,-0.0265,184.4064,144.0,2011.0,318.0,otoño,noviembre,S,-2.02
2011-11-15,,997.54,998.75,0.342,98.6764,97.7,99.4,0.5522,1.515,0.32,3.26,0.7341,2.3235,0.72,5.41,0.9926,0.6478,0.9836,56.6313,144.0,2011.0,319.0,otoño,julio,NE,-1.23
2011-11-16,997.7726,996.31,998.81,0.7199,97.2951,93.7,99.3,1.6105,1.6277,0.79,3.12,0.4142,2.5455,1.4,3.85,0.4546,-0.3593,1.0128,109.5331,144.0,2011.0,320.0,otoño,noviembre,E,2.12
2011-11-17,996.4331,995.76,997.6,0.4922,91.0306,82.5,98.4,4.8773,5.11128,0.972,9.396,59.8,2.1469,0.56,6.5756352396124935,38.085,-0.6809,-0.5499,218.9228,144.0,2011.0,321.0,otoño,noviembre,SO,5.72
2011-11-18,997.5185,996.46,998.58,0.6214,90.3271,80.2,95.8,4.5253,0.6888,0.21,1.47,0.279,1.2346,0.4,2.2,0.3959,-0.4937,-0.093,190.6684,144.0,2011.0,322.0,otoño,noviembre,S,7.48
2011-11-19,996.0106,995.17,996.73,0.42,91.6771,81.1,98.1,5.1936,0.8632,0.13,2.1,0.484,1.4974,0.32,3.48,0.7247,-0.7123,-0.1198,189.5462,144.0,2011.0,323.0,primavera,noviembre,S,5.27
2011-11-20,995.5227,994.02,996.75,0.8287,91.8639,79.7,98.5,6.2489,4.00356,0.8280000000000001,9.756,65.64999999999999,1.7228,0.44,3.84,42.195,-0.8015,-0.3472,203.4212,144.0,2011.0,324.0,otoño,marzo,SO,11.55
2011-11-21,992.2526,990.99,993.95,0.801,85.8978,57.65,96.9,11.4744,0.7616,0.17,1.16817748,0.4313,1.2974,0.4,2.18722592,0.6225,-0.4454,-0.0697,188.8996,144.0,2011.0,325.0,otoño,noviembre,S,10.62
2011-11-22,993.1976,991.46,996.23,1.448,88.8265,61.52,99.2,11.3822,0.8067,0.13,1.5472137900000005,0.4347,1.3978,0.28,2.53519368,0.6572,-0.6093,-0.0549,185.1462,144.0,2011.0,326.0,primavera,noviembre,S,10.69
2011-11-23,999.7616,996.3,1003.76,2.0941,86.9535,59.35,99.4,13.1098,0.7629,0.21,1.31109281,0.3427,1.3949,0.4,3.6,0.5793,-0.5082,0.0734,171.7783,144.0,2011.0,327.0,otoño,noviembre,S,7.64
2011-11-24,1004.8569,1003.72,1006.06,0.6703,89.9369,69.81,98.7,9.26,2.92356,0.8280000000000001,4.943627676,35.04,1.5029,0.44,1.9883872,25.1,-0.6252,-0.0444,184.0579,144.0,2011.0,328.0,otoño,septiembre,S,8.86
2011-11-26,1000.3847,996.7,1002.84,1.5646,78.9868,72.4,,3.3419,3.8537,0.47,11.169572186218032,1.355,5.9815,0.88,9.41,1.7982,-3.3436,-1.7528,207.6644,144.0,2011.0,330.0,primavera,diciembre,SO,7.97
2011-11-27,992.8686,989.79,997.32,2.2207,74.1351,61.29,84.4,6.4298,4.0068,0.7,6.9220729400000005,2.2902,6.5918,1.88,15.38,3.1056,-3.2888,-1.9543,210.72,144.0,2011.0,331.0,otoño,noviembre,SO,8.53
2011-11-28,1000.3001,997.49,1002.53,1.3113,75.0301,58.75,95.7,10.2387,1.5117,0.3,1.93246381,0.727,2.4728,0.48,4.082407470000001,1.0581,-1.0577,-0.731,214.6482,144.0,2011.0,332.0,otoño,noviembre,SO,5.82
2011-11-29,994.0355,,998.15,2.1945,88.1174,67.08,98.2,9.0285,2.2739,0.27,6.1,,3.505,0.48,8.89,2.123,-2.107,-0.418,191.2221,144.0,2011.0,333.0,otoño,agosto,S,9.97
2011-11-30,997.8397,991.7,1001.74,,80.2481,64.42,96.2,8.3366,8.91504,1.476,30.132,190.52,4.1101,0.72,11.45,137.63,-1.8333,-1.1878,212.9398,144.0,2011.0,334.0,otoño,noviembre,SO,9.09
2011-12-01,992.2151,985.75,1000.42,4.2526,86.2764,73.0,98.3,8.6161,3.1807,0.78,7.01,1.2037,4.6349,1.24,8.81,1.5206,-3.0509,-0.3708,186.9296,144.0,2011.0,335.0,primavera,diciembre,S,12.96
2011-12-02,984.5389,981.26,989.36,2.7587,74.991,59.2,90.8,10.2448,,0.53,8.74,1.6855,4.9982,0.92,13.17,2.6501,-2.2827,-1.295,209.5667,144.0,2011.0,336.0,invierno,diciembre,SO,7.06
2011-12-03,981.9092,976.49,989.28,4.8482,84.2065,67.81,99.4,10.7867,5.3308,0.34,11.78,3.6414,7.9287,0.7,17.06,5.1977,-4.7032,-2.3491,206.5407,144.0,2011.0,337.0,invierno,diciembre,SO,7.78
2011-12-05,973.4558,964.52,981.3753318077322,5.0535,83.9025,69.13,95.0,8.0927,2.6527,0.28,3.3056937200000003,1.1978,4.9624,0.68,6.41876243,2.2136,-1.3624,-1.9959,235.6813,144.0,2011.0,339.0,invierno,agosto,SO,3.42
2011-12-06,979.0081,978.06,981.24,0.7161,81.2933,68.87,94.60047217823218,5.9883,3.0274,0.31,6.41,1.1367,4.8091,0.76,9.01,1.6737,-2.4551,-1.7028,214.7447,144.0,2011.0,340.0,invierno,diciembre,SO,5.63
2011-12-07,976.2742,970.02,981.82,3.5194,79.8397,66.3,92.6,6.4322,3.409,1.14,9.381113952815966,1.2345,6.052,2.36,11.51,2.2625,-2.4177,-1.9083,218.284,,2011.0,341.0,primavera,diciembre,SO,6.54
2011-12-08,987.8183,978.84,993.79,4.5111,67.2203,61.99,72.0,2.4114,4.9534,2.66,5.58612529,1.5296,8.5786,4.93,9.05337547,2.0876,-3.1529,-3.2508,225.8754,144.0,,342.0,invierno,noviembre,SO,8.77
2011-12-09,980.9039,976.79,984.51,2.2248,76.6624,66.56,94.4,6.1125,17.32536,2.4120000000000004,41.544,3.0299,7.3901,,15.66,4.1387,-3.8602,-2.5138,213.0731,144.0,2011.0,343.0,verano,agosto,SO,4.65
2011-12-10,986.0931,983.62,989.98,1.8467,72.9327,57.34,86.7,7.9049,2.6279,0.58,5.53,1.0892,4.5031,1.52,9.29,1.7152,-1.7297,-1.648,223.6152,144.0,2011.0,344.0,primavera,diciembre,SO,3.79
2011-12-11,989.849,985.66,991.72,1.5137,79.9528,61.52000000000001,90.5,7.0796,1.9755,0.44,2.55383481,0.7641,2.9856,0.94,3.74686713,0.8852,-1.7263,,192.0958,144.0,2011.0,345.0,invierno,julio,S,7.07
2011-12-12,982.0879,978.35,986.76,2.7317,80.9,73.2,90.3,4.8986,3.784,0.91,8.85,1.6423,5.8402,1.84,12.45,2.2334,-3.3199,-1.2006,199.8823,144.0,2011.0,346.0,invierno,junio,S,7.86
2011-12-13,978.4192,973.66,986.64,4.1671,74.2988,55.3,89.7,7.4376,4.9824,0.55,10.42,1.9638,7.9578,2.04,18.22,,-4.7067,-1.2646,195.0396,144.0,,347.0,invierno,diciembre,S,8.95
2011-12-14,976.4268,972.3,980.12,2.3665,77.9129,67.59,89.43975698562394,5.0306,3.7408,0.4,8.31,2.1357,6.0232,0.72,14.13,3.3287,,-1.3205,201.7052,144.0,2011.0,348.0,invierno,diciembre,S,5.79
2011-12-15,979.4332,977.67,980.91,0.6863,74.7837,64.34,86.25273233502712,3.9712,3.3966,0.76,6.85,1.4876,5.4311,1.64,10.05,2.1817,-3.1681,-1.0117,197.7106,144.0,2011.0,349.0,invierno,diciembre,S,8.95
2011-12-16,957.3122,942.43,977.48,11.5838,79.5083,68.51,91.6,5.4937,5.4387,2.07,11.54,1.9494,9.4381,3.16,16.86,3.2809,-4.4822,-1.7871,201.737,144.0,2011.0,350.0,invierno,septiembre,S,3.26
2011-12-17,969.8647,958.91,977.69,5.7156,79.3444,72.6,90.6,3.3576,10.34928,4.14,17.46,0.6235,5.8273,2.8,9.97,1.3723,-0.4602,-2.8097,260.698,144.0,2011.0,351.0,verano,noviembre,O,2.17
2011-12-18,980.2699,976.92,985.93,2.8507,79.1876,68.15,88.9,5.345,2.0493,0.55,2.92665741,0.8018,3.7681,1.4,6.65,1.2192,-1.3246,-1.4061,226.7101,144.0,2011.0,352.0,invierno,diciembre,SO,0.78
2011-12-20,983.1957,980.25,989.82,2.625,79.2026,67.43,93.8,7.8261,10.29492,4.5,11.587326408,1.0342,4.4815,1.242742,10.60263848147978,1.5408,-2.7531,,185.2962,144.0,2011.0,354.0,verano,marzo,S,3.01
2011-12-21,987.1442,982.14,992.4,2.6496,86.1618,80.9,91.2,2.501,2.553,1.24,4.29,0.5926,4.734,2.2,11.654026766830103,,-0.6035,-2.4612,256.2229,144.0,2011.0,355.0,verano,diciembre,O,4.69
2011-12-22,993.6606,992.39,995.22,0.7756,93.9882,83.5,99.9,3.9634,1.348,0.28,2.93,0.6284,2.2083,0.68,5.09,0.8553,-0.9637,,196.3558,144.0,2011.0,356.0,invierno,diciembre,S,8.3
2011-12-23,993.0168,986.7,995.58,,93.8368,79.4,99.8,5.5277,1.5166,0.29,5.47,1.0205,2.4642,0.68,8.71,1.4831,-1.2167,-0.2598,192.0549,144.0,2011.0,,verano,enero,S,6.36
2011-12-24,990.8234,982.32,1001.78,7.0212,83.2201,76.2,93.5,4.2489,,9.946679569162974,0.79535488,1.4667,6.2606,2.04,7.56208507,1.9569,-1.9204,-2.6717,234.2917,144.0,2011.0,358.0,invierno,diciembre,SO,5.7
2011-12-25,1003.1978,1001.59,1005.84,1.264,81.7153,77.8,86.1,1.6971,3.3999,0.42,6.15,1.5184,5.4767,1.3,9.05,2.0801,-2.9066,-1.3374,204.7088,144.0,2011.0,359.0,invierno,junio,SO,8.44
2011-12-26,1007.1447,1004.94,1009.01,1.3401,81.6201,78.7,86.2,1.8549,10.46916,1.1880000000000002,24.012,163.23000000000002,4.7574,0.7,9.21,114.085,-2.5108,-1.1236,204.1089,144.0,2011.0,360.0,verano,agosto,SO,7.29
2011-12-27,1008.0031,1006.83,1008.97,0.4778,85.0688,81.2,87.7,1.2871,1.6225,0.25,8.574841083029233,0.9143,2.4856,0.62,6.49,1.3173,-1.3013,-0.5308,202.1912,144.0,2011.0,361.0,verano,diciembre,S,6.45
2011-12-28,998.6194,992.3,1006.76,4.8326,80.8403,,87.8,2.8006,2.8212,0.68,3.32433485,1.0728,4.264,1.64,4.85290751,1.5993,-2.6462,-0.4737,190.1495,144.0,2011.0,362.0,invierno,diciembre,S,5.14
2011-12-29,989.9502,980.34,992.93,3.3315,71.8733,61.88,82.7,6.9565,4.4112,1.44,9.76,1.9854,,2.74,12.89,2.4935,-3.6978,-2.2997,211.8776,144.0,2011.0,363.0,invierno,marzo,SO,3.75
2011-12-30,980.8719,975.86,987.38,4.1347,85.3382,75.4,91.5,4.3838,3.5488,0.78,10.28,2.0165,6.3603,1.5,15.997921267015832,2.8478,-1.5461,-2.8622,241.6227,144.0,2011.0,364.0,invierno,noviembre,SO,2.88
2011-12-31,986.1809,984.92,991.0539506663858,1.0468,84.7354,75.5,99.4414717647266,6.3387,1.9118,0.57,,0.655,3.0981,1.08,3.73443971,1.0567,-1.6664,,193.7021,144.0,2011.0,365.0,invierno,diciembre,S,11.8
2012-01-01,985.2317,981.95,986.23,0.7522,88.6042,78.5,98.7,6.8283,3.3014,0.53,8.61,1.9058,5.046,1.24,11.97,2.6339,-2.9354,-1.1702,201.7351,144.0,2012.0,1.0,invierno,enero,S,12.03
2012-01-02,982.234,978.58,990.04,3.5374,82.5611,73.1,94.1,7.0624,3.8962,0.45,9.74,2.9557,6.1626,1.08,15.21,3.9978,-2.8672,-2.1579,216.9651,144.0,2012.0,2.0,verano,febrero,SO,8.73
2012-01-03,986.7719,978.5,993.18,5.6403,72.7893,58.48,87.3,9.2554,24.05448,2.088,31.518422604,3.4297,10.0333,1.16,12.91208938,5.1089,-5.7098,,209.4788,144.0,2012.0,3.0,verano,enero,SO,8.3
2012-01-04,983.7294,979.77,988.03,2.8209,67.518,61.23,87.7,5.6564,3.7219,0.59,10.32,2.3713,6.7761,1.12,15.74,3.3552,-2.5356,-2.4834,224.4042,144.0,2012.0,4.0,invierno,enero,SO,5.46
2012-01-05,964.26,957.03,979.73,5.7091,80.1712,68.13,95.9,6.2267,,15.59482503470683,1.8,3.2495,9.9411,2.64,17.3,4.0313,-4.1804,-3.7185,221.6538,144.0,2012.0,5.0,invierno,enero,SO,4.56
2012-01-06,981.5563,966.85,992.32,8.375,78.468,60.17,94.2,9.9673,2.6453,1.05,5.47,0.9689,5.2412,2.6,9.93,1.8458,-0.1084,-2.4991,,144.0,2012.0,6.0,invierno,enero,O,4.83
2012-01-07,986.4556,982.65,992.23,3.0057,79.6724,67.8,89.0,4.7637,13.18752,2.664,27.828000000000003,2.0793,6.2943,2.2,12.11,2.618,-2.4809,-2.3704,223.695,144.0,2012.0,7.0,verano,junio,SO,4.28
2012-01-08,989.1529,987.11,994.21,,84.3313,78.7,90.4,2.8614,2.4312,1.03,2.24936302,0.5607,4.6167,2.44,4.57950427,0.9446,,-2.2904,253.0199,144.0,2012.0,8.0,invierno,mayo,O,5.79
2012-01-09,997.0464,994.29,998.48,0.9378,84.8146,73.2,95.3476476221468,4.8532,1.9041,0.36,4.23,0.757,3.5029,1.04,6.29,1.1125,-0.744,-1.4659,243.091,144.0,2012.0,9.0,invierno,enero,SO,6.31
2012-01-10,1002.7474,996.96,1005.69,2.8109,78.3597,67.9,91.0,5.5268,1.9336,0.35,2.59733078,0.8845,3.7524,0.72,5.002036550000001,1.7208,-0.3608,-1.7528,258.3693,144.0,2012.0,10.0,invierno,enero,O,8.08
2012-01-11,1003.6513,1002.71,1005.09,0.5468,74.8205,66.63,80.5,3.7072,1.9702,0.59,4.36,,3.4345,0.94,6.67,1.222,-1.3581,-1.1381,219.9631,144.0,2012.0,11.0,verano,enero,SO,8.0
2012-01-13,992.3723,,994.13,0.7082,80.7986,71.1,95.4,6.414,2.9409,1.22,3.45482276,0.5838,5.7937,2.24,9.85,1.2447,-0.3692,-2.8792,262.6934,144.0,2012.0,13.0,invierno,enero,O,3.37
2012-01-14,995.619,993.86,996.92,1.0037,77.3991,62.39,88.0,7.1822,10.5282,6.768,8.142445584,37.56,5.0722,3.42,,38.745000000000005,-0.4402,-2.86,,144.0,,14.0,verano,enero,O,0.22
2012-01-15,997.9523,996.5,999.88,0.9064,84.1576,71.9,90.0,,6.3018,0.756,6.93450036,82.15,2.7329,0.56,2.86452031,54.74,-0.3064,-1.5319,258.6885,144.0,2012.0,15.0,verano,julio,O,1.15
2012-01-17,1000.9428,999.55,1002.86,0.9214,75.4868,71.4,89.0,3.6271,8.514000000000001,0.936,15.3,1.1164,3.704,0.5,6.49,1.4461,-0.6685,-2.1049,252.3815,144.0,2012.0,,verano,noviembre,O,6.7
2012-01-18,999.987,994.42,1003.07,2.9039,71.7556,36.48,90.3,17.1835,,1.26,14.338757196,1.3254,,0.92,6.12050435,2.0574,-1.8,-0.4959,195.4019,144.0,2012.0,18.0,verano,noviembre,S,5.92
2012-01-19,,997.5723150649552,982.12,4.1641,89.7118,76.5,96.9,5.1815,9.16668,1.692,20.88,1.1245,4.4961,1.12,9.05,1.6207,-1.5473,-1.2113,218.0558,144.0,2012.0,19.0,verano,junio,SO,3.9
2012-01-20,983.8819,980.36,987.07,,81.0878,66.84,93.5,5.8706,2.4667,0.44,2.43577432,0.8444,4.5049,0.96,8.01,1.6829,-0.9086,-2.168,247.2606,144.0,2012.0,20.0,invierno,enero,SO,4.99
2012-01-21,980.095,972.4,987.77,6.142,84.5931,74.6,96.0,6.5347,3.0235,0.68,6.58,1.5469,4.9125,1.44,14.223965801851271,2.0962,-2.239,-1.5609,214.8826,144.0,2012.0,21.0,invierno,enero,SO,5.57
2012-01-22,976.4186,974.27,979.96,1.3909,76.7401,66.01,94.1,6.9972,,3.528,20.988,0.907,6.9932,2.6,13.01,1.6081,-1.6546,-2.8412,239.785,144.0,2012.0,22.0,verano,junio,SO,5.0
2012-01-23,984.8524,980.23,986.53,1.4028,78.7876,64.52,92.1,7.8172,2.509,0.93,4.5,0.7534,4.9468,1.96,8.89,1.5058,-0.7042,-2.3309,253.1887,,2012.0,23.0,invierno,enero,O,2.51
2012-01-24,990.7374,986.3,995.02,2.8217,87.1493,77.7,93.8,4.4767,1.8631,,3.13,0.5969,,1.12,6.05,1.0073,-0.3663,-1.7446,258.1431,144.0,2012.0,24.0,verano,julio,O,2.38
2012-01-25,996.1858,995.01,997.06,0.5428,85.7,74.7,91.7,5.0059,1.3748,0.25,3.67,0.8147,2.1669,0.62,4.75,0.9928,0.5824,0.526,42.0888,144.0,2012.0,25.0,verano,enero,NE,0.94
2012-01-26,995.6037,994.52,996.61,0.5968,77.8712,62.82,93.3,9.142,2.2599,0.51,4.17,0.7521,3.5846,0.96,6.97,1.2096,-2.0314,,170.5289,144.0,2012.0,26.0,verano,enero,S,0.56
2012-01-27,996.9056,995.15,999.43,1.3345,77.7085,61.98,96.6,11.3171,1.6764,0.18,3.46,0.9215,2.5244,,,1.3334,-1.5359,-0.1979,187.3406,144.0,2012.0,27.0,invierno,enero,S,-0.98
2012-01-28,1000.5966,999.31,1002.19,0.8872,95.4299,92.0,97.8,1.5083,2.0781,0.21,4.37,1.2649,2.9126,0.42,5.87,1.6229,1.7403,0.8765,26.7323,144.0,2012.0,28.0,invierno,enero,NE,-5.05
2012-01-29,1001.5931,1001.16,1002.14,0.2365,90.5931,86.6,94.9,3.0757,3.2569,1.51,4.83,0.7323,4.4667,2.0,6.41,0.8534,2.9652,1.2796,23.3418,144.0,,29.0,invierno,enero,NE,-4.04
2012-01-30,1000.8108,1000.15,1001.58,0.4335,79.6854,69.12,89.1,7.3804,9.43344,4.392,15.156,0.6651,,1.9,5.71,0.8722,2.5358,0.4503,10.07,144.0,2012.0,30.0,verano,agosto,N,-6.38
2012-01-31,1000.1161,998.72,1002.27,0.9741,77.4185,67.58,85.3,5.0944,3.8542,1.51,7.07,1.3321,5.3871,2.44,10.05,1.8095,3.5742,1.1401,17.6921,144.0,2012.0,31.0,invierno,enero,N,-9.93
2012-02-01,1003.6836,1002.34,1004.96,0.6913,75.5435,66.82,84.1,6.1958,12.37356,4.428,13.712415228,1.1744,5.3095,2.16,5.54884303,1.5102,3.0868,1.44,25.009,144.0,2012.0,,verano,julio,NE,-12.01
2012-02-02,1005.9121,1004.89,1007.2,0.6892,79.8083,72.1,85.3,3.8535,3.0022,0.32,3.44239534,1.4032,4.3965,0.68,4.80319783,1.8378,2.5465,1.3409,27.7703,144.0,,33.0,invierno,febrero,NE,-7.43
2012-02-03,1007.1428,1006.06,1009.38,0.9016,78.9487,61.34,88.2,7.6169,0.8677,0.19,2.82,0.4887,1.4494,0.44,3.73,0.6593,-0.0726,0.1002,125.9092,144.0,2012.0,34.0,invierno,febrero,SE,-9.21
2012-02-04,1009.6909,1009.03,1010.7,0.4421,83.8708,76.2,89.1,3.7413,3.48084,0.756,6.956869716,0.6936,1.5501,0.46,2.78995579,0.9568,0.2579,0.0644,14.0211,144.0,2012.0,35.0,verano,noviembre,N,-7.52
2012-02-05,1007.3576,1006.32,1009.19,0.5769,76.1913,56.38,87.3,9.0934,1.0088,,4.29,0.8427,1.6574,0.44,5.37,1.063,0.1474,0.089,31.13,144.0,2012.0,36.0,invierno,febrero,NE,-12.47
2012-02-06,1008.1964,1007.43,1009.26,0.5149,78.2504,60.16,86.5,7.0145,1.0705,0.22,2.0008146200000003,0.8784,1.6699,0.46,2.7651009500000003,1.1752,0.7475,0.2687,19.7701,144.0,2012.0,37.0,invierno,febrero,N,-10.0
2012-02-07,1009.5453,1008.67,1010.8,0.5689,80.4438,74.2,85.6,2.7383,1.936,0.25,5.35,1.4401,2.9074,0.56,7.31,1.9781,1.4501,0.7486,27.3048,144.0,2012.0,38.0,invierno,febrero,NE,-8.72
2012-02-09,1005.3334,,,2.3248,85.2181,78.7,89.0,1.9768,2.2549,0.1118467799999999,11.158343555418863,2.0027,3.772,0.4,6.71702051,2.9379,1.1838,0.6459,28.6173,144.0,2012.0,40.0,invierno,febrero,NE,-7.56
2012-02-11,1007.5785,1006.29,1010.4,1.0345,80.6911,69.78,86.7,,1.5388,0.21,4.67,1.3797,2.3828,0.4,6.41,1.8294,0.8937,0.5297,30.6555,144.0,2012.0,42.0,invierno,febrero,NE,-2.72
2012-02-12,1002.6566,,1006.14,2.5968,72.0586,48.02,86.5,12.1756,3.25368,0.684,8.784,0.4923,1.5678,,3.76,,-0.5977,-0.0143,181.374,144.0,2012.0,43.0,verano,agosto,S,-1.01
2012-02-13,993.0322,988.87,998.51,,,72.7,88.9,3.508,1.0736,0.32,3.15,0.66,1.9024,0.68,4.29,0.8941,-0.6109,-0.251,202.3391,144.0,2012.0,44.0,invierno,febrero,S,2.85
2012-02-14,985.8948,979.18,988.98,2.565,82.5785,70.4,90.4,4.4674,1.6717,0.62,4.48,0.7424,2.9623,1.0,6.75,1.4117,-1.1852,-0.5575,205.1903,144.0,2012.0,45.0,invierno,febrero,SO,4.86
2012-02-15,,970.89,985.96,4.1278,75.9476,59.93,92.7,8.927,3.239,1.47,3.16277839,0.6665,6.8164,3.56,11.45,1.5595,-0.046,-3.1106,269.1521,144.0,2012.0,46.0,verano,febrero,O,4.64
2012-02-16,992.5822,986.17,995.01,2.5429,76.6643,60.25,92.3,9.6519,1.9973,0.28,,0.7124,3.8079,0.56,6.81,1.3362,-0.3446,-1.8787,259.6065,144.0,2012.0,47.0,invierno,octubre,O,7.14
2012-02-17,992.1714,990.62,993.41,0.7872,82.3583,67.18,94.92786127849584,7.2971,1.7347,0.67,2.1126614,0.5766,3.4807,0.94448392,8.429199492006903,1.1321,-0.6525,-1.4788,246.1902,144.0,2012.0,48.0,invierno,febrero,SO,7.9
2012-02-18,988.9338,983.33,993.18,2.9585,81.4014,71.8,89.8,4.3509,3.7103,0.55,7.42,1.7544,5.6082,1.32,11.41,2.4193,-3.188,-1.5995,206.6441,144.0,2012.0,49.0,invierno,febrero,SO,6.5
2012-02-19,987.4753,980.17,,5.7565,74.0873,49.43,92.4,11.5245,3.0231,0.86,,1.3008,,1.88,10.81,1.6034,-1.4162,-2.1455,236.5715,144.0,2012.0,50.0,invierno,abril,SO,3.98
2012-02-20,1004.3113,998.72,1006.63,2.3031,71.5192,49.71,84.8,10.0415,1.7313,0.27,7.850452893676854,0.8311,3.0522,0.64,5.93,1.3658,-0.4742,-1.4497,251.8858,144.0,2012.0,51.0,verano,septiembre,O,4.13
2012-02-21,1002.6753,1001.01,1005.3,1.1126,77.8483,56.67,89.5,10.138,2.4423,0.33,7.33,2.0439,3.9256,0.82,10.41,2.7654,,-0.6634,197.5342,144.0,2012.0,52.0,invierno,febrero,S,10.03
2012-02-22,1000.54,993.41,1003.94,3.4043,68.8574,47.14,85.9,12.7447,11.0196,1.1880000000000002,27.252,178.85,4.6011,0.88,10.73,123.885,-2.6307,-1.2025,204.5658,144.0,2012.0,53.0,verano,septiembre,SO,9.61
2012-02-23,992.9208,990.44,995.45,1.6881,68.7021,37.91,82.5,13.6588,11.38212,2.628,17.694160596,159.49,5.62,1.8,6.99042375,105.245,-2.3044,-1.8974,219.4671,144.0,2012.0,54.0,verano,noviembre,SO,11.77
2012-02-24,994.524,993.11,998.3704873633944,0.7077,80.7993,74.2,92.5,4.1872,,3.3480000000000003,22.536,1.2214,5.1738,2.16,9.93,1.9684,-1.515,-1.8107,230.0809,,2012.0,,verano,septiembre,SO,8.7
2012-02-25,994.3839,991.65,996.62,1.8031,73.6592,60.31999999999999,91.6,8.0315,1.8706,0.63,2.32392754,0.6395,3.9508,1.52,5.27543979,1.4146,-0.2573,-1.7077,261.432,144.0,2012.0,56.0,invierno,febrero,O,7.35
2012-02-26,994.475,991.88,998.73,2.2742,76.1826,,88.9,7.9954,1.9476,0.19,4.48,0.886,3.8286,0.36,7.95,1.6814,0.222,-1.2846,279.8036,144.0,2012.0,57.0,invierno,abril,O,6.88
2012-02-27,997.4844,994.88,999.18,1.509,79.1378,56.29,95.2,12.4602,1.2756,0.19,5.32,0.9566,2.5235,0.42,8.29,1.888,-0.7282,,225.4318,144.0,2012.0,58.0,verano,mayo,SO,9.41
2012-02-28,993.8464,992.45,995.42,0.7427,87.1097,76.5,94.3,5.335,1.7472,0.34,2.0443105900000003,0.7993,3.5481,0.8,4.10726231,1.5504,-0.6967,-1.2605,241.0678,144.0,2012.0,59.0,invierno,febrero,SO,11.13
2012-02-29,996.3215,994.24,998.33,1.2974,90.5139,87.2,94.5,1.5461,2.0544,0.39,4.13,1.0985,3.6835,0.84,6.89,1.7256,-0.4094,-1.681,256.3115,,2012.0,60.0,verano,febrero,O,14.21
2012-03-01,997.8769,997.32,998.68,0.4323,89.4889,72.1,98.3,7.6255,0.8744,0.17,2.86,0.5161,1.6296,0.36,5.08,1.0621,0.0379,-0.4789,274.5233,144.0,2012.0,61.0,primavera,marzo,O,9.39
2012-03-02,999.9756,998.57,1000.81,0.704,88.291,72.1,98.9,9.1516,5.187600000000001,0.648,13.032,0.9072,2.2592,0.48,5.21,1.2109,0.7564,0.5181,34.4103,144.0,2012.0,62.0,primavera,diciembre,NE,10.93
2012-03-03,998.0437,996.08,1000.48,,79.5758,59.04,96.8,14.4695,5.127479999999999,0.54,12.312,0.7546,2.4511,0.36,5.52,1.2419,,0.4002,156.5951,144.0,2012.0,63.0,primavera,febrero,SE,9.95
2012-03-04,994.3818,990.86,997.43,2.2178,82.2983,61.29,98.6,11.5676,3.93372,0.5040000000000001,11.88,0.5993,1.7274,0.32,4.6,0.7629,-0.1094,0.3755,106.2392,144.0,2012.0,64.0,primavera,mayo,E,5.87
2012-03-05,992.1951,989.23,996.45,2.2548,66.1225,47.07,77.7,7.246,,0.3,4.48,0.8843,2.6205,0.74,7.29,1.3712,-1.4068,-0.3022,192.1246,144.0,2012.0,65.0,primavera,marzo,S,7.12
2012-03-06,998.8086,996.36,1001.25,1.61,71.4994,53.52,88.7,9.9823,1.651,0.3,4.54,1.1315,2.5701,0.68,6.97,1.5072,0.5796,0.5514,43.5716,144.0,2012.0,66.0,primavera,agosto,NE,8.78
2012-03-07,994.9615,987.48,1000.95,4.717,68.1406,45.86,90.6,14.6477,2.432,0.28,4.74106073,1.9248,3.7553,0.5,7.910052830000001,2.7925,-2.0305,-1.0252,206.7897,144.0,2012.0,67.0,primavera,marzo,SO,8.35
2012-03-09,1008.5004,1006.09,1010.06,0.9185,71.9233,44.41,98.45806321595536,16.8999,5.98212,1.368,17.712,109.62,2.6587,0.68,7.36,82.77,-1.0937,-0.7373,213.987,144.0,2012.0,69.0,primavera,marzo,SO,10.36
2012-03-10,1005.3065,1002.79,1008.26,1.5883,71.8724,60.58,88.6,7.5216,1.8263,0.46,2.87694773,0.7486,3.4022,0.88,4.007842950000001,1.21,-1.1672,-1.0494,221.9599,144.0,2012.0,70.0,verano,marzo,SO,8.96
2012-03-11,1002.3904,1001.72,1003.2,0.3688,83.4951,70.8,,5.8027,1.73,0.36,1.90139526,0.5211,3.626,1.52,4.7783429900000005,1.0566,0.0916,-1.5237,273.4387,144.0,2012.0,71.0,primavera,marzo,O,10.46
2012-03-12,1000.9898,999.53,1002.68,0.8903,83.8875,72.6,94.6,4.4441,,4.068,14.4,0.5266,4.3959,,7.29,1.0008,-0.2417,-2.1713,263.647,144.0,2012.0,72.0,primavera,junio,O,8.06
2012-03-13,1003.5912,1002.6,1004.29,0.5129,84.1326,75.9,92.3,4.6023,5.79708,2.268,8.784,0.3881,3.0806,1.4,5.53,0.7298,-0.0319,-1.5497,268.8221,144.0,2012.0,73.0,primavera,febrero,O,6.19
2012-03-14,1003.8188,1003.11,1004.71,0.4291,80.4868,73.5,89.8,3.914,1.131,0.42,1.4975041100000002,0.4191,2.3006,0.8,2.485484,0.7051,0.2335,-0.798,286.3091,144.0,2012.0,74.0,primavera,marzo,O,14.57
2012-03-15,1001.6594,998.82,1004.62,2.0727,69.0478,45.96,,12.7908,5.2632,1.368,13.68,0.7556,2.4047,0.68,5.13,1.1591,-0.9683,-0.0574,183.3932,144.0,2012.0,75.0,primavera,mayo,S,22.1
2012-03-16,995.0744,,992.49,2.1041,,25.07,94.8,25.5087,7.345079999999999,1.0080000000000002,13.824262008,1.6926,,0.6,5.97758902,,-1.5854,-0.9142,209.9689,144.0,2012.0,76.0,primavera,septiembre,SO,21.1
2012-03-17,989.9111,987.34,993.12,1.7607,53.7089,28.26,89.8,23.4848,8.70732,1.692,20.988,150.95000000000002,3.6998,0.88,8.64,102.985,-1.9509,-1.1842,211.2572,,2012.0,77.0,primavera,noviembre,SO,16.85
2012-03-18,988.3707,986.09,992.53,1.5263,64.9723,42.78,78.9,11.294,8.08488,0.936,16.732278288,165.22,3.8796,0.64,6.816439870000001,122.67,-1.183,-1.4314,230.4262,144.0,2012.0,78.0,primavera,febrero,SO,10.82
2012-03-19,1000.1683,992.61,1006.56,3.7806,57.5955,29.88,80.3,15.5842,5.35752,1.26,11.772,0.6303,2.9014,0.72,6.37,1.2123,0.1499,-1.0085,278.4549,144.0,2012.0,79.0,primavera,diciembre,O,14.2
2012-03-20,1006.8718,1005.45,1012.3201976407204,0.7304,57.9672,32.09,85.2,17.8207,4.730040000000001,1.476,10.188,60.02,2.3978,0.72,5.96,62.18,-0.383,-0.6458,239.3289,144.0,2012.0,80.0,primavera,enero,SO,16.06
2012-03-21,1007.8643,1006.42,1009.36,0.8043,66.3643,50.16,91.0,12.2533,1.4247,,3.43,0.8308,2.3544,0.44,5.8,1.2104,0.5685,0.404,35.3996,144.0,2012.0,81.0,primavera,marzo,NE,14.71
2012-03-22,1005.4522,1002.9,1007.91,1.8382,84.6723,62.3,99.6,13.4611,5.3830800000000005,0.5040000000000001,11.721542544,1.4166,2.3823,0.26,4.97718171,2.0325,0.5838,0.8286,54.8352,144.0,2012.0,82.0,primavera,marzo,NE,15.47
2012-03-23,1000.8158,999.01,1002.87,1.2374,82.5991,54.0,99.5,17.1337,4.72788,0.5760000000000001,9.775408572,1.0369,2.1551,0.38,3.9767744,1.5627,0.289,0.3925,53.6392,144.0,2012.0,83.0,primavera,marzo,NE,17.29
2012-03-24,999.6349,998.26,1000.66,0.6715,75.6702,43.14,99.1,20.4139,4.11012,0.54,8.343769788000001,0.8271,1.9897,0.32,3.64123406,1.3892,0.2484,0.3013,,144.0,,84.0,primavera,agosto,NE,18.32
2012-03-25,1002.3576,1000.38,1008.2796827291008,1.1367,62.2024,26.6,96.4,24.9154,5.71284,0.6120000000000001,19.224,142.08,2.887,0.4,9.61,122.67,0.9965,0.5229,27.6879,144.0,2012.0,85.0,primavera,noviembre,NE,13.75
2012-03-26,,1005.23,1007.83,0.7044,62.3436,34.23,91.2,17.4966,1.5953,0.2,4.45,1.1838,2.6246,0.36,6.2,1.8457,0.6734,0.7492,48.0468,144.0,2012.0,86.0,primavera,marzo,NE,18.28
2012-03-27,1003.8672,1002.12,1006.12,1.1234,66.0909,39.43,89.0,14.8137,1.2815,0.14,4.32,0.8474,2.5567,0.28,6.5,1.6802,0.0039,-0.5483,270.4107,144.0,2012.0,87.0,primavera,marzo,O,19.16
2012-03-28,999.4822,994.25,1003.17,2.924,60.03,31.0,99.7484772688948,22.2383,6.4548,0.972,23.218412617226264,0.9215,3.4994,0.52,7.08,1.6951,-0.2015,-1.299,261.1827,144.0,2012.0,88.0,primavera,julio,O,12.68
2012-03-29,990.5226,988.06,994.03,1.9446,66.9708,51.42,87.6,10.973,9.704160000000002,3.816,15.48,68.62,5.907,2.4,,70.325,0.3487,-2.5802,277.6968,144.0,2012.0,89.0,primavera,septiembre,O,9.52
2012-03-30,986.2399,984.55,987.98,0.6056,82.3021,72.5,93.5,7.3913,2.5983,1.43,4.09,0.5279,5.6594,2.8,9.13,1.3461,-0.0871,-2.4581,267.9699,144.0,2012.0,90.0,otoño,marzo,O,10.09
2012-03-31,982.1816,978.51,987.89,2.7837,68.2742,53.34,83.3,7.1477,2.8418,0.94,5.51,0.9192,6.004,1.92,10.73,1.9565,-0.0262,-2.5639,269.4141,144.0,2012.0,91.0,primavera,marzo,O,9.38
2012-04-01,987.7512,983.87,990.69,2.1173,58.9833,,78.0,,2.661,0.71,2.66568159,0.8797,4.7176,1.48,8.41,1.3401,-0.6167,-2.4412,255.8222,144.0,2012.0,92.0,otoño,abril,O,9.77
2012-04-02,982.6407,980.97,984.02,0.9979,66.439,57.01,84.3,6.4034,1.7801,0.25,3.69,0.8791,3.5942,0.56,7.43,1.72,-0.4085,-1.5524,255.2585,144.0,2012.0,93.0,otoño,abril,O,17.8
2012-04-04,980.4452,974.68,987.59,4.3296,85.9308,67.23,97.9,8.268,2.549,0.24,6.86,1.7415,3.9129,0.58,8.45,2.1608,1.2522,0.5891,25.1945,144.0,2012.0,95.0,primavera,febrero,NE,4.43
2012-04-05,989.1825,987.64,990.27,0.7922,92.191,81.3,98.4,5.9158,12.51468,5.04,18.9,0.7391,5.074,2.38,7.87,0.953,2.5988,2.203,40.2877,144.0,2012.0,96.0,primavera,octubre,NE,3.81
2012-04-07,978.1824,976.5,981.74,1.542,73.0678,39.2,95.0,16.5555,1.8071,0.41,4.02,0.9215,3.7352,1.08,8.33,,0.2146,-0.934,282.9383,144.0,2012.0,98.0,otoño,marzo,O,5.09
2012-04-08,985.7355,981.74,987.75,2.0658,53.4699,36.5,70.8,9.9182,1.9429,0.43,4.74,0.9056,3.4869,1.0,7.61,1.5375,0.4218,-0.4098,315.8299,144.0,2012.0,99.0,otoño,abril,NO,7.85
2012-04-09,980.3142,,986.63,2.9269,68.3377,47.13,83.3,10.1381,3.5751,0.37,8.84,2.1274,5.3667,0.74,11.73,2.9634,-3.2552,-0.9576,196.3932,144.0,2012.0,100.0,primavera,abril,S,18.61
2012-04-10,972.2296,969.71,975.95,2.0118,62.7218,41.64,87.83562150800748,15.2833,4.0051,0.45,7.84,1.8979,6.0395,0.92,12.89,2.8528,-3.6648,-0.8578,193.1743,144.0,2012.0,101.0,otoño,diciembre,S,12.04
2012-04-12,975.5267,,976.21,0.4405,83.2173,50.29,96.3,13.7758,1.7453,0.43,3.62259293,0.8601,2.8315,0.4970968,9.98370340923368,1.3444,-1.1702,-0.4363,200.4478,,2012.0,103.0,primavera,abril,S,11.46
2012-04-13,977.6464,975.97,978.69,0.9127,72.7554,45.62,95.0,17.3658,1.5088,0.29,4.07,0.7436,2.6172,0.58,6.57,1.2227,-0.3542,-0.9647,249.8384,144.0,2012.0,104.0,primavera,abril,O,11.73
2012-04-14,977.9235,976.69,978.78,0.6196,66.9365,41.25,96.8,21.3334,2.2535,0.16,5.2,1.5383,3.5051,0.32,8.13,2.3332,0.999,1.297,52.3954,144.0,2012.0,105.0,primavera,abril,NE,10.36
2012-04-15,980.3538,978.08,984.05,1.7646,64.0332,51.47999999999999,77.2,8.3064,2.9794,0.23,4.69135105,1.8367,4.7855,0.44,6.965568910000001,2.584,2.6049,1.0523,21.9972,144.0,2012.0,106.0,otoño,mayo,N,9.05
2012-04-16,988.3801,984.13,991.36,2.2148,61.8349,34.58,82.3,15.2083,2.3226,0.9,5.64,1.1959,4.556,1.76,9.29,1.7813,1.0592,-0.1141,353.8492,144.0,2012.0,107.0,primavera,diciembre,N,10.63
2012-04-17,984.6667,977.04,991.41,4.9955,56.2772,33.34,89.1,19.5917,2.3456,0.29,5.43,1.3498,3.6943,0.76,8.49,2.1257,-2.1256,,190.4253,144.0,2012.0,108.0,primavera,abril,S,10.97
2012-04-18,972.1368,969.1,976.93,2.411,61.0535,51.14,77.2,7.1378,9.67932,1.1880000000000002,26.172,149.74,4.1325,0.72,9.71,113.955,-2.5357,-0.57,192.6682,,2012.0,109.0,primavera,noviembre,S,16.22
2012-04-19,967.4192,,965.92,0.8876,64.1089,36.16,93.9,18.8523,1.6431,0.28,,1.0003,2.8781,0.58,7.08,1.7083,-1.2125,0.1795,171.5795,144.0,2012.0,110.0,otoño,abril,S,13.81
2012-04-20,970.2276,967.39,974.26,1.8574,70.6917,47.18,90.6,12.0872,1.7142,0.33,3.48,0.8542,2.8266,0.76,5.36,1.2214,-0.8039,-0.2056,194.3427,144.0,2012.0,111.0,primavera,abril,S,13.49
2012-04-21,975.1618,974.25,976.42,0.4894,68.6753,43.86,90.56500211274611,14.4859,13.02588,0.936,31.176,2.1629,5.4335,0.6,13.93,3.204,-3.1,-1.3419,203.4062,144.0,2012.0,112.0,primavera,agosto,SO,13.33
2012-04-22,979.3936,976.43,981.5,1.4411,65.274,37.03,90.4,15.3831,2.9143,0.73,3.73443971,1.1486,4.5497,1.38,8.97,1.8071,-2.1669,-1.7146,218.3531,144.0,2012.0,113.0,primavera,abril,SO,12.89
2012-04-23,,974.49,981.65,2.3371,68.7019,44.57,90.9,14.697,2.9621,0.15,2.73746261025469,1.8087,4.5495,0.4,6.41876243,2.6766,-2.5301,-1.0005,201.5762,144.0,2012.0,114.0,primavera,abril,S,11.48
2012-04-24,972.0423,971.25,974.42,0.7246,74.6137,60.980000000000004,93.7,10.3318,2.3141,0.19,4.7,1.1275,3.4867,0.4,6.57,1.5337,-2.0755,-0.5403,194.5907,144.0,2012.0,115.0,primavera,abril,S,15.12
2012-04-25,976.9858,973.29,978.35,1.4252,58.9076,42.559999999999995,,14.3315,3.9079,1.0,8.51,1.6865,5.9462,2.04,11.73,2.603,-3.4806,-1.6111,204.8387,144.0,2012.0,116.0,otoño,febrero,SO,18.45
2012-04-26,981.7835,977.45,987.08,3.0652,51.616,38.9,66.11,8.2129,3.1069,0.32,7.8,2.31,4.9519,0.72,12.13,3.475,-2.4577,-1.548,212.205,144.0,2012.0,117.0,primavera,abril,SO,23.92
2012-04-27,989.2684,987.02,991.57,1.111,54.3017,34.15,80.1,15.435,2.3091,0.3,6.8,1.675,3.7194,0.6,10.12,2.42,-1.6614,-0.6348,200.9096,144.0,2012.0,118.0,primavera,abril,S,30.65
2012-04-28,987.1458,982.46,991.46,2.9846,50.3429,22.68,79.5,17.375,7.003080000000001,0.684,33.933159455161565,1.5079,3.3929,0.64,9.76,2.3399,-0.252,0.9873,104.317,144.0,2012.0,119.0,primavera,noviembre,E,27.94
2012-04-29,980.8738,979.11,986.28,1.8326,44.2567,27.55,61.72,10.0563,,1.116,,1.2619,4.1616,0.92,9.12,1.9179,-1.8281,-0.2981,189.2618,144.0,2012.0,120.0,primavera,octubre,S,22.09
2012-04-30,989.4299,986.43,990.86,1.0508,57.5392,39.3,81.7,12.725,11.31768,0.7200000000000001,17.291512188000002,222.86,4.8639,0.52,6.915859230000001,161.635,2.1166,1.8675,41.4225,144.0,2012.0,121.0,primavera,noviembre,NE,23.1
2012-05-01,988.6204,987.38,989.72,0.5703,71.7935,53.25,88.3,10.9802,7.6536,0.469756476,25.53030458449691,105.22,3.4963,0.36,4.42416152,78.94,1.6498,0.9316,29.4529,144.0,2012.0,122.0,primavera,junio,NE,24.79
2012-05-02,986.1091,982.89,989.35,1.9443,75.1296,,96.0,13.8195,2.2956,0.26,3.0944275800000005,1.4193,3.6849,0.62,4.87776235,2.0476,1.1823,0.4766,21.9542,144.0,2012.0,123.0,primavera,mayo,N,17.61
2012-05-03,984.5036,982.93,986.12,0.9587,77.1217,61.04999999999999,94.1,10.1294,1.7121,0.36,4.17,0.9012,2.9518,0.72,6.16,1.3382,-0.6863,-1.0813,237.5976,144.0,2012.0,124.0,primavera,mayo,SO,21.25
2012-05-04,979.2055,976.34,982.88,2.2568,61.307599999999994,32.769999999999996,96.6,24.0431,6.53904,0.972,19.26,1.1795,3.2559,0.66,10.01,2.155,-1.0784,-0.8929,219.6247,144.0,2012.0,125.0,primavera,enero,SO,15.23
2012-05-05,977.8438,976.07,981.42,1.3182,84.8015,66.86,96.5,8.1533,7.17696,,,1.1777,3.2615,0.52,7.09,1.6269,1.0839,0.8556,38.2871,144.0,2012.0,126.0,primavera,marzo,NE,8.0
2012-05-06,984.3599,981.36,987.3,1.6915,93.0979,82.9,96.9,3.6693,2.2694,0.49,3.67,0.7697,3.4795,1.08,5.11,0.9689,1.5773,1.4963,43.4892,144.0,2012.0,127.0,primavera,septiembre,NE,14.32
2012-05-07,990.2007,987.41,992.45,1.6497,,62.25,98.6,10.0756,4.55364,0.7200000000000001,7.538472972000001,,,0.32,3.4051130800000005,0.9864,0.8386,0.5124,31.4269,144.0,2012.0,128.0,primavera,marzo,NE,20.93
2012-05-08,989.0381,986.44,992.32,2.0457,72.2067,41.21,99.7,23.3616,2.2995,0.18,5.02,1.0998,3.444,0.64,7.65,1.6254,-1.9591,-0.5482,195.6333,144.0,2012.0,129.0,otoño,octubre,S,21.23
2012-05-09,,987.31,992.43,1.4351,73.0169,55.87,91.1,10.277,10.48068,1.044,41.85683469079329,185.83,4.4817,0.6,10.89,135.045,-2.4116,-1.3991,210.1216,144.0,2012.0,130.0,primavera,septiembre,SO,25.89
2012-05-10,,992.44,994.61,0.579,65.1972,46.76,96.1,17.6774,3.3203,0.46,4.87154864,1.8299,4.9484,1.08,7.785778629999999,2.8313,-2.8962,-1.4602,206.7569,144.0,2012.0,131.0,primavera,mayo,SO,29.54
2012-05-11,993.2431,991.56,,1.0493,60.2303,34.61,92.4,16.0726,11.03436,2.7,15.613810488000002,169.33,5.0394,1.16,10.8,128.41,-2.0204,-1.7776,221.3417,144.0,2012.0,132.0,primavera,febrero,SO,13.52
2012-05-12,1001.8901,996.26,1005.91,2.9305,65.1449,42.21,87.1,13.5203,2.0142,0.46,3.38,0.6927,3.9863,0.92,10.386334594040129,1.2071,0.1747,-1.8223,275.4763,144.0,2012.0,133.0,primavera,noviembre,O,10.89
2012-05-13,1002.9972,999.3,1005.87,2.1869,65.2353,45.75,91.9,13.626,1.5674,0.21,3.92,0.8591,2.7703,0.5,6.65,1.4759,0.6591,0.1626,13.8561,144.0,2012.0,134.0,primavera,mayo,N,17.3
2012-05-14,993.2661,987.65,999.25,3.9756,56.5128,34.2,91.6,20.643,7.0826400000000005,0.936,16.02,1.141,3.3877,0.58,7.89,1.9132,-1.6535,-0.0281,180.9733,144.0,2012.0,135.0,primavera,julio,S,17.26
2012-05-15,982.9152,979.19,987.57,2.2167,61.9567,35.56,87.1,14.5562,2.7081,0.55,7.88,1.5403,4.4972,1.04,11.89,2.5178,-1.8139,-1.0885,210.9685,144.0,2012.0,136.0,primavera,mayo,SO,12.26
2012-05-16,990.2098,,,3.6539,69.3796,46.04999999999999,83.3,10.8113,2.5469,0.88,4.39,0.7235,4.711,2.04,8.53,1.346,-0.1358,-2.4375,266.8116,144.0,2012.0,137.0,primavera,mayo,O,14.29
2012-05-17,994.6535,990.82,996.84,2.0537,54.7226,36.36,83.2,15.5715,2.1658,0.39,4.23,0.7114,3.7851,0.76,9.37,1.4153,0.1675,-0.9606,279.8939,144.0,2012.0,138.0,primavera,marzo,O,18.86
2012-05-18,987.0419,984.56,990.78,1.8134,45.8384,29.97,62.6,11.3878,9.32436,0.864,14.87562174,1.5418,4.2404,0.6,6.915859230000001,2.5859,-2.2596,0.3048,172.3165,144.0,2012.0,139.0,primavera,enero,S,24.2
2012-05-21,,973.23,977.02,0.9795,56.2187,38.49,76.6,10.9638,8.15508,0.684,20.196,1.6859,3.7131,0.4,9.77,2.6677,,1.7304,76.6795,144.0,,142.0,primavera,marzo,E,27.88
2012-05-23,991.9017,986.81,996.79,2.5085,56.0799,,88.9,17.4577,3.0161,0.14,4.09483489,1.8198,4.8374,0.36,6.7729439000000005,2.8462,1.6901,1.6779,44.7935,144.0,2012.0,144.0,otoño,mayo,NE,23.59
2012-05-24,998.581,996.9,999.92,0.8671,60.0262,30.2,86.4,19.7962,4.1245,0.66,7.97,1.8527,6.1696,1.58,12.29,2.6213,,2.0315,,144.0,2012.0,145.0,primavera,mayo,NE,21.33
2012-05-25,998.7736,996.36,1000.74,1.6441,49.121,34.04,66.27,10.1967,3.479,0.17,11.443505069978835,1.6431,5.5301,0.4,10.85,2.5895,,1.7718,31.8803,144.0,2012.0,146.0,primavera,mayo,NE,21.99
2012-05-26,995.7728,994.05,997.22,1.1495,51.5758,35.14,77.4,13.1273,2.3674,0.13,6.02,1.8706,3.8601,0.36,9.39,2.9498,1.5458,1.5048,44.2309,144.0,2012.0,147.0,primavera,mayo,NE,23.45
2012-05-27,992.4519,990.05,994.29,1.6691,53.4261,35.38,72.6,10.9872,1.5243,0.17,2.6035444900000004,1.0643,2.7072,0.36,5.02067768,1.8026,0.5997,0.746,51.2065,144.0,2012.0,148.0,primavera,mayo,NE,23.77
2012-05-28,987.171,985.06,990.07,1.4883,59.3198,44.57,80.1,12.0751,1.7479,0.18,3.01364935,1.2329,2.9499,0.4,7.2,1.9763,0.8695,0.4027,24.852,144.0,2012.0,149.0,primavera,mayo,NE,23.81
2012-05-29,985.9979,985.27,988.15,0.7993,62.2972,37.21,87.2,14.9168,1.6678,0.22,6.858500386977832,0.9485,3.4459,0.56,8.08,2.0938,0.1708,-1.0273,279.4393,144.0,2012.0,150.0,otoño,mayo,O,22.26
2012-05-30,989.7589,988.03,992.34,1.1986,62.026199999999996,40.00999999999999,83.6,14.6836,1.6783,0.18,3.97,1.0362,,0.48,7.14,2.0793,0.7044,-0.4725,326.1467,144.0,2012.0,151.0,primavera,marzo,NO,21.7
2012-05-31,988.8944,984.05,992.24,2.6816,77.4131,52.23,94.1,14.1466,2.0267,0.38,6.36,0.9889,3.5182,0.64,14.700591708775558,1.7743,-0.9247,-1.0106,227.541,144.0,2012.0,152.0,primavera,mayo,SO,15.97
2012-06-01,987.5949,984.07,991.1714646302576,2.0092,80.6717,66.57,92.2,7.4717,2.0669,0.25476211,7.442173478756811,0.704,4.2167,0.92,5.051746230000001,1.603,-0.3476,-1.9689,259.987,,2012.0,153.0,verano,junio,O,16.02
2012-06-02,988.5396,,989.89,1.0377,62.0292,44.36,82.2,14.0978,1.6589,0.18,4.77,0.7453,3.2826,0.44,7.44,1.6233,0.6652,-0.838,308.4415,144.0,2012.0,154.0,verano,junio,NO,11.67
2012-06-03,982.2438,977.74,987.0,2.7851,91.0451,72.0,97.4,6.8013,1.3288,0.27,3.54,0.7195,2.0193,0.56,4.24,0.8634,0.3192,0.1703,28.0778,144.0,2012.0,155.0,verano,junio,NE,15.79
2012-06-04,983.2293,981.03,984.77,1.1034,87.715,69.1,97.1,6.7003,1.1785,0.33,3.17,0.6056,2.1126,0.72,4.06,0.7176,-0.4308,-0.2509,210.2173,144.0,2012.0,156.0,verano,junio,SO,13.42
2012-06-06,984.137,981.01,989.71,2.6763,80.7885,57.77,95.2,,1.9962,0.15,4.93,1.2238,3.1158,0.36,8.97,1.8314,-1.8138,-0.2247,187.0627,144.0,2012.0,158.0,verano,junio,S,21.72
2012-06-07,980.51,976.87,,2.3819,76.8553,54.54,97.80956518237944,12.7533,2.5218,0.4,,1.2378,3.8679,1.04,8.25,1.758,-0.9357,-0.109,186.6413,,2012.0,159.0,otoño,junio,S,22.68
2012-06-08,981.158,977.08,985.23,,63.7331,43.51,83.5,12.5277,3.2678,0.23,10.629593752309152,1.4069,5.1505,0.6,10.81,2.3773,-2.4418,-2.0229,219.6409,144.0,2012.0,160.0,verano,agosto,SO,20.73
2012-06-09,986.5324,985.34,987.55,0.603,55.7837,35.31,87.1,16.1847,3.5138,0.4,8.81,1.9322,5.6642,0.88,13.73,3.145,-2.3199,-2.3508,225.3789,144.0,2012.0,161.0,verano,junio,SO,19.74
2012-06-10,984.7041,981.25,987.49,2.3848,56.99770000000001,40.03,80.0,13.4458,1.1687,0.14,2.46062916,0.7285,2.3073,0.19883872,8.861359284385768,1.5149,0.3391,-0.2784,320.6113,144.0,2012.0,162.0,invierno,septiembre,NO,19.35
2012-06-11,978.2413,976.33,981.24,1.4446,68.0334,47.43,96.2,13.6128,1.4317,0.17,5.01,0.9836,2.3558,0.44,7.16,1.4479,-0.8454,0.0206,178.6037,144.0,2012.0,,verano,junio,S,20.13
2012-06-12,,975.9,979.3,0.8219,76.2812,52.81,99.4,18.443,1.5185,0.34,3.28,0.6185,2.5979,0.64,5.04,0.9468,-0.6277,-0.4214,,144.0,2012.0,164.0,verano,agosto,SO,17.02
2012-06-13,984.7671,979.32,990.55,3.2787,83.327,64.76,95.5,8.6738,8.47008,2.268,,0.8169,3.8589,1.36,5.88,1.0172,0.054,-0.9037,273.4168,144.0,2012.0,165.0,invierno,agosto,O,15.83
2012-06-14,992.5991,990.6,993.77,0.8991,88.5652,65.49,96.1,8.3061,4.00572,0.648,9.432,0.6088,1.8985,0.48,4.24,0.8957,-0.1143,0.3315,109.0299,144.0,2012.0,166.0,invierno,marzo,E,23.94
2012-06-15,991.0042,988.37,993.44,1.5979,73.5217,,99.5,19.3955,2.3067,0.25,2.93908483,1.0283,3.6097,0.34796776,9.373474415803445,1.6652,-1.9067,-0.2532,187.5645,144.0,2012.0,167.0,verano,junio,S,25.89
2012-06-16,990.09,989.11,992.61,0.8751,69.2131,46.72,94.9,14.1858,1.8987,0.47,7.1,1.3366,3.5874,1.0,11.37,2.2504,-0.7546,-1.0772,234.9879,144.0,2012.0,168.0,verano,junio,SO,23.64
2012-06-17,994.5806,992.02,996.35,,59.2405,40.36,74.4,,8.37288,0.36,18.576,131.09,3.7489,0.24,8.97,102.31,-1.7054,-1.26,216.4576,144.0,2012.0,169.0,invierno,marzo,SO,30.84
2012-06-19,992.5315,989.46,994.66,1.8227,67.2052,56.43,85.4,8.3033,2.6746,0.42,5.27,1.2056,4.2648,0.88,10.065047835218197,1.7381,1.8188,1.5079,39.6598,144.0,,171.0,verano,junio,NE,18.42
2012-06-20,987.6363,985.82,993.4624168619608,1.3133,93.7208,86.4,98.4,2.9592,2.6028,0.35,3.01986306,1.0765,3.8003,1.12,4.082407470000001,1.4102,1.9068,1.0198,28.1376,144.0,2012.0,172.0,verano,junio,NE,15.94
2012-06-21,985.9632,985.31,986.59,0.3331,94.8667,88.9,99.0,3.247,2.0199,0.41,3.78,0.8134,3.0066,1.04,5.33,0.991,1.4077,1.0597,36.9731,144.0,2012.0,173.0,invierno,junio,NE,22.26
2012-06-22,991.0756,986.47,995.6,2.647,63.7757,38.74,96.2,21.0914,9.04464,1.728,23.328000000000003,141.38,4.299,0.84,11.57,122.425,-1.3357,-1.9013,234.9111,144.0,,174.0,invierno,noviembre,SO,22.51
2012-06-23,996.0915,995.15,997.19,0.5252,61.9255,38.17,91.0,17.4361,2.0962,0.26,6.21,1.5406,3.6597,0.68,10.89,2.5328,-1.4382,-1.1249,,144.0,2012.0,175.0,verano,junio,SO,23.36
2012-06-24,988.7235,983.41,995.87,4.3379,68.364,40.85,94.3,18.6901,12.927600000000002,1.0080000000000002,38.232,2.7038,5.7345,0.84,16.09,,-2.9499,-1.7047,210.0232,144.0,2012.0,176.0,invierno,diciembre,SO,18.5
2012-06-25,987.3282,985.14,991.08,1.4933,72.0717,50.83,88.0,10.3174,2.6806,0.69,6.6,1.3576,5.1521,1.48,12.89,2.4036,-1.2698,-2.1866,239.8548,144.0,2012.0,177.0,invierno,junio,SO,18.54
2012-06-26,993.6477,991.12,996.5349873149396,1.3569,70.196,52.58,86.8,10.56,1.7947,0.49,3.74,0.6932,,1.12,7.16,1.5365,-0.2522,-1.6018,261.0527,144.0,2012.0,178.0,invierno,febrero,O,23.14
2012-06-27,991.7779,988.98,994.97,2.2573,77.2744,50.28,96.1,15.1294,2.0935,0.31689921,7.700767874875385,1.2827,3.5212,1.12,5.35000431,2.0505,-1.2877,-1.1381,221.4707,144.0,2012.0,179.0,invierno,junio,SO,28.16
2012-06-28,986.7909,983.99,989.3,1.9395,72.2447,43.45,98.2,19.0802,1.3929,0.21,2.0505243,0.6863,2.4394,0.62,3.28083888,1.0619,-0.5114,0.3518,145.4764,144.0,2012.0,180.0,verano,diciembre,SE,31.72
2012-06-29,983.7584,982.54,,0.7481,63.3378,38.16,90.1,14.9662,1.7449,0.32,4.68,0.9345,3.0261,0.76,7.6,1.5099,-0.7009,-0.0185,181.5092,144.0,2012.0,181.0,verano,junio,S,29.43
2012-06-30,986.0472,984.46,988.0,1.1795,70.3882,49.67,97.2,14.4138,1.9678,0.17,9.47,,3.359,0.44,16.73,2.4104,0.7016,0.2192,17.3513,144.0,2012.0,182.0,invierno,abril,N,21.34
2012-07-01,989.4403,983.38,994.26,2.709,81.0604,71.2,91.2,4.9781,2.0004,0.37,9.44,1.2953,3.3058,0.88,13.21,1.8567,-1.1177,-0.9177,219.3874,144.0,2012.0,183.0,verano,julio,SO,19.89
2012-07-02,993.5954,991.49,995.27,1.2752,80.773,65.12,91.6,6.8921,2.4589,0.3,5.94,1.1458,3.9094,0.68,12.476570359325468,1.5276,1.8112,1.053,30.1744,144.0,2012.0,184.0,verano,julio,NE,21.82
2012-07-03,991.4692,990.34,992.41,0.6176,,67.17,89.6,6.7595,1.4672,0.19,,0.8943,2.4579,0.44,5.16,1.3071,1.0319,0.5149,26.5174,144.0,,185.0,verano,julio,NE,25.64
2012-07-04,988.6822,986.38,990.99,1.4909,72.5167,52.88,95.3,15.6547,1.7658,0.17,4.79,1.1444,2.9786,0.34,7.18,1.7532,0.8396,1.241,55.9199,144.0,2012.0,,verano,julio,NE,22.02
2012-07-05,985.4789,983.11,987.64,1.2479,88.5875,78.2,98.6,5.705,1.4359,0.2,3.89,0.779,2.3082,0.52,5.24,1.0263,0.4851,0.0459,5.4071,144.0,2012.0,187.0,verano,julio,N,25.62
2012-07-06,985.0998,982.75,987.1,1.2576,85.4162,59.85,99.8,13.3669,1.2533,0.24,4.85,0.7024,2.2064,0.48,12.51,1.47,-0.5853,-0.437,216.7486,144.0,2012.0,188.0,invierno,julio,SO,23.84
2012-07-08,,982.62,986.65,1.1149,70.757,48.43,96.1,,2.664,0.33,6.64,1.7736,4.1935,0.84,13.716891960424867,2.6641,-2.1834,-1.1466,207.7053,144.0,2012.0,190.0,invierno,julio,SO,23.44
2012-07-09,986.2402,984.95,987.18,0.5055,62.4899,42.92,81.3,11.6544,12.492,1.4400000000000002,25.2,181.58,5.4678,0.92,16.305096751047778,142.16,-2.6784,-2.0772,217.7942,144.0,2012.0,191.0,invierno,febrero,SO,23.8
2012-07-10,986.6783,985.41,987.51,0.628,69.2533,48.57,89.5,12.5403,4.889880000000001,,14.436,80.19,2.5067,0.4,6.97,68.585,-0.7727,-0.5261,214.2472,144.0,2012.0,192.0,invierno,febrero,SO,21.52
2012-07-11,986.1996,985.31,987.28,0.5238,70.4311,43.95,97.4,19.0194,2.6735,0.29,7.69,1.8228,4.5074,0.52,11.43,2.8791,-1.7151,-1.6308,223.5572,144.0,2012.0,193.0,verano,noviembre,SO,18.68
2012-07-12,987.4092,985.37,989.23,0.9326,73.3715,50.8,93.0,11.1252,3.1533,0.55,8.16,1.7368,5.3846,1.2,12.93,3.0103,-2.1542,-2.0434,223.4878,144.0,2012.0,194.0,verano,julio,SO,18.41
2012-07-13,982.8215,978.2,988.65,3.02,82.419,64.4,95.8,10.4741,2.7719,0.54,6.37,1.4802,4.2619,1.36,9.99,2.0846,-2.5872,-0.6831,194.7897,144.0,2012.0,195.0,verano,julio,S,19.0
2012-07-14,978.8932,974.0,983.27,3.0072,83.3283,60.71,97.5,10.3707,2.8838,0.31,5.91545192,1.6395,4.8697,0.5219516399999999,18.916906677806644,2.6218,-2.1866,-1.5474,215.2863,144.0,2012.0,196.0,verano,julio,SO,20.97
2012-07-15,986.2162,983.14,991.54,2.3149,72.7234,46.76,91.1,12.5567,2.3848,0.46,5.64,1.3148,4.1281,0.96,10.01,2.1912,-1.3005,-1.5121,229.3027,144.0,2012.0,197.0,verano,julio,SO,19.22
2012-07-16,994.997,991.61,996.67,1.3107,68.6972,46.09,93.66900910607824,13.9661,10.18836,1.1880000000000002,,141.86,4.974,1.36,11.31,115.275,-1.5904,-2.1201,233.1242,144.0,2012.0,198.0,invierno,octubre,SO,20.23
2012-07-17,992.4786,990.21,994.86,1.4235,84.7006,62.41,94.3,9.0451,2.2647,0.41,2.6718953,0.8293,4.1844,1.2,,1.3991,-1.132,-1.59,234.5513,144.0,2012.0,199.0,verano,julio,SO,24.3
2012-07-18,988.7721,982.92,994.72,3.8501,71.1789,47.76,92.0,14.8301,2.8312,0.57,6.63,1.4168,4.6967,1.42,13.941199497107585,2.4996,-2.004,-1.7903,221.7767,144.0,2012.0,200.0,verano,julio,SO,21.92
2012-07-20,987.8265,985.52,990.42,1.2552,74.0232,56.7,86.6,7.1394,1.7429,,4.18,0.8091,3.0753,0.68,6.44,1.3976,-0.6004,-1.5389,248.686,144.0,2012.0,202.0,invierno,julio,O,17.76
2012-07-21,993.349,,997.58,2.0621,77.0019,57.19,92.8,10.9838,1.1733,0.15,3.67884789165305,0.7722,2.156,0.4,5.68,1.2613,0.4961,-0.2059,337.4533,144.0,2012.0,203.0,verano,diciembre,NO,19.08
2012-07-22,1000.4837,997.56,1002.79,1.3588,66.0735,46.86,85.1,12.6964,1.2912,0.19,4.16,0.707,2.4285,0.4,5.78,1.2313,0.6501,0.0671,5.8974,144.0,2012.0,204.0,verano,julio,N,24.93
2012-07-24,993.1172,989.39,997.49,,58.869899999999994,40.589999999999996,88.9,15.8403,2.3193,0.15,5.22,1.5794,3.7251,0.28,8.25,2.4969,1.1164,1.5363,53.9932,144.0,2012.0,206.0,verano,julio,NE,32.83
2012-07-26,989.422,987.9,990.59,0.6953,60.421,43.08,87.0,13.7748,1.6866,0.14,2.64082675,1.2126,2.9511,0.3,6.72,1.9226,1.2146,0.6986,29.9065,144.0,2012.0,208.0,invierno,julio,NE,32.51
2012-07-27,,982.23,990.33,3.0198,58.9283,38.83,82.4,14.0411,1.5217,0.14,6.2,1.0846,2.5976,0.36,8.08,1.6233,0.0638,0.5312,83.1518,144.0,,209.0,verano,julio,E,24.79
2012-07-28,982.4203,980.8,983.7,0.725,,58.15,93.8,9.1446,2.7033,0.62,8.56,1.8761,4.436,1.16,15.09,2.8199,-1.4381,-0.8323,210.0604,144.0,2012.0,210.0,verano,julio,SO,22.63
2012-07-29,985.297,982.64,990.04,2.4059,73.7484,47.75,98.56146083367562,16.9489,2.0958,0.4,4.33,0.9327,3.6824,0.64,9.21,1.842,-0.4669,-1.6564,254.2578,144.0,2012.0,211.0,verano,febrero,O,21.41
2012-07-30,990.6858,989.76,992.02,0.548,60.9118,41.6,85.6,12.77,8.78328,1.044,29.484,158.88,3.986,0.7,12.05,121.025,-1.4531,-1.4894,225.7059,144.0,2012.0,212.0,invierno,abril,SO,22.98
2012-07-31,992.0186,991.1,992.91,0.5523,59.8993,40.67,,12.7013,1.5015,0.16,3.24355662,1.0902,2.656,0.4,4.90261719,1.8135,-0.8496,-0.8142,223.7826,144.0,2012.0,213.0,invierno,julio,SO,28.4
2012-08-01,989.8028,986.21,992.57,,57.7292,36.67,86.88844606369716,17.3106,1.4144,0.3,3.71,0.7578,2.6736,0.6,5.68,1.3258,-0.2386,0.5792,112.3874,144.0,2012.0,214.0,verano,agosto,E,28.87
2012-08-02,986.4088,985.27,,0.996,,37.07,75.0,10.862,2.0591,0.17,6.14,,3.4975,0.36,10.35,2.2877,-1.3214,-1.0542,218.582,144.0,2012.0,215.0,verano,septiembre,SO,26.77
2012-08-03,989.2909,988.23,990.06,,67.3383,37.42,84.5,13.4161,5.600160000000001,0.6120000000000001,10.714921524,1.0493,2.7938,,4.4738712000000005,1.6427,0.6994,0.1062,8.6325,144.0,2012.0,216.0,invierno,octubre,N,27.9
2012-08-04,987.9029,985.83,989.68,1.3573,57.7908,26.85,93.6,23.3417,1.3523,0.14,2.74645982,1.029,2.5091,0.4,5.673117230000001,1.9162,-0.4609,-0.4276,222.8548,144.0,2012.0,217.0,verano,agosto,SO,25.87
2012-08-05,984.2878,982.26,986.17,1.0995,75.6824,58.94,93.4,10.231,1.2376,0.2,3.31,0.6792,2.143,0.52,9.29,1.1935,0.31,0.2632,40.3328,144.0,,218.0,invierno,agosto,NE,23.44
2012-08-06,985.0874,981.83,989.73,2.1141,69.0993,54.87,94.5,11.9751,3.0921,0.31,6.58,1.3727,5.1485,0.72,9.49,2.0247,-2.3048,-1.725,216.8122,144.0,2012.0,219.0,verano,agosto,SO,21.72
2012-08-07,992.8231,989.73,995.53,1.5261,63.1726,45.1,82.2,11.6507,10.4202,2.9160000000000004,21.24,106.29,4.955,,11.53,104.28,-1.8481,,228.1384,144.0,2012.0,220.0,invierno,febrero,SO,22.39
2012-08-08,996.3128,995.39,997.51,0.6472,58.1281,40.45,,10.2913,7.22808,1.4400000000000002,16.272,0.7788,3.5706,0.84,8.53,1.5928,-0.1911,-1.7132,263.6357,144.0,2012.0,221.0,invierno,julio,O,22.37
2012-08-09,997.0019,996.21,998.08,0.4482,69.4829,50.54,89.0,10.351,1.7249,0.2,4.68,1.0698,2.974,0.56,7.04,1.759,0.9323,0.1852,11.234,144.0,2012.0,222.0,invierno,agosto,N,18.21
2012-08-10,998.0998,997.13,1003.1017572278952,0.5814,66.1983,52.96,79.3,8.6214,6.897959999999999,0.684,17.46,1.1332,3.2951,0.52,7.12,1.6476,1.5036,0.6948,24.8015,144.0,2012.0,223.0,invierno,marzo,NE,20.2
2012-08-11,996.0589,994.47,997.12,0.9633,67.3945,48.52,81.7,10.9369,1.5651,0.21,4.1,,2.7547,0.46,6.4,1.2747,0.6074,0.325,28.1532,144.0,2012.0,224.0,verano,agosto,NE,21.68
2012-08-12,992.0194,990.16,994.45,1.3373,63.0063,44.81,93.4,16.7753,2.5029,0.16,5.43,1.7594,4.054,0.34,8.45,2.6763,,1.9258,56.0208,144.0,2012.0,225.0,verano,agosto,NE,23.18
2012-08-13,990.2199,988.75,991.52,0.889,53.6516,34.87,80.1,13.9077,7.84512,0.684,9.976732776,127.85,,0.4,4.5981454,97.67,1.1255,1.3509,50.2009,144.0,2012.0,226.0,invierno,diciembre,NE,24.91
2012-08-14,989.4457,988.12,993.8283573498394,0.7228,50.9199,35.29,81.0,14.725,6.22908,0.756,19.08,1.4323,2.871,0.48,7.24,2.1182,0.8978,0.855,43.6019,144.0,2012.0,227.0,verano,febrero,NE,26.12
2012-08-15,988.1097,986.16,989.81,1.3152,52.6544,38.09,78.0,13.5369,2.0205,0.14,5.23,1.6132,3.2408,,7.62,2.3259,1.0121,1.3902,53.9425,144.0,2012.0,228.0,verano,agosto,NE,21.77
2012-08-16,990.8232,986.29,995.03,2.9938,76.8671,54.010000000000005,97.0,13.6829,3.35016,0.54,13.284,0.6246,1.7614,0.4,5.08,0.9798,-0.0706,-0.2593,254.7698,144.0,2012.0,229.0,invierno,enero,O,25.34
2012-08-17,995.186,994.08,996.09,0.5814,71.1553,40.42,99.5,23.776,5.32908,0.792,12.024,0.6078,2.4908,0.44,5.12,0.9612,-0.2828,0.582,115.9201,144.0,2012.0,230.0,invierno,junio,SE,30.63
2012-08-18,994.9399,993.47,996.16,0.8902,57.2654,30.84,92.7,21.1681,4.504320000000001,0.432,14.94,0.7934,2.1414,0.32,5.2,1.1364,-0.0029,0.4225,90.3955,144.0,2012.0,231.0,invierno,octubre,E,35.65
2012-08-19,992.9879,990.27,995.13,1.6834,50.0244,27.4,81.8,19.4332,2.1326,0.37,5.16,1.228,3.4297,0.76,8.12,1.8418,-1.8889,-0.2841,188.5532,144.0,2012.0,232.0,verano,agosto,S,35.86
2012-08-20,991.0478,989.26,993.64,0.9834,53.1469,35.3,,10.8082,5.85252,,12.24,0.7389,3.2772,0.76,7.16,1.5526,-0.3106,-0.7833,248.3692,144.0,2012.0,233.0,invierno,enero,O,31.11
2012-08-21,990.3327,986.17,993.78,2.9492,60.6725,42.57,80.7,11.7168,4.57992,0.5040000000000001,11.628,0.7826,2.0978,0.36,5.0,1.1122,0.3463,0.4327,51.3269,,2012.0,234.0,invierno,mayo,NE,26.51
2012-08-22,988.2062,984.83,990.61,1.6789,60.2498,30.13,91.5,18.4066,1.9055,0.49,3.14413726,0.842,3.5691,0.92,5.871955949999999,1.7723,-0.3536,-1.3457,255.2777,144.0,2012.0,235.0,verano,agosto,O,25.28
2012-08-23,988.9472,984.79,991.08,2.002,56.5124,34.89,84.1,15.6563,1.3557,0.16,2.87694773,1.0186,2.2956,0.36,4.349597,1.5574,0.3881,0.6554,59.3709,144.0,2012.0,236.0,invierno,agosto,NE,23.68
2012-08-24,981.6733,980.76,984.55,0.9317,83.8588,63.15,96.5,,1.6899,0.22,10.07810827866552,1.3177,2.8053,0.66,11.13,2.0214,-0.4014,-0.4188,226.2171,144.0,2012.0,237.0,invierno,agosto,SO,25.7
2012-08-26,985.5617,,991.03,2.1812,74.2988,53.74,91.7,12.7662,4.2381,0.9,9.88,2.2839,6.7122,2.14,15.65,3.4947,-3.0387,-2.6991,221.6124,144.0,2012.0,239.0,verano,agosto,SO,22.04
2012-08-27,994.0564,991.08,996.1,1.2731,70.5952,42.89,90.7,15.8256,1.5443,0.09320565,8.410408830014575,0.909,2.8617,0.32,,1.5086,0.0388,-1.0142,272.1883,144.0,2012.0,240.0,verano,agosto,O,25.75
2012-08-28,991.299,989.69,993.56,1.0642,62.8304,36.95,91.7,18.9097,1.7976,0.19,3.45482276,1.1643,3.0778,0.46,5.200875269999999,1.8515,-1.3396,,197.1567,144.0,2012.0,241.0,verano,agosto,S,28.04
2012-08-29,991.7282,989.38,993.66,1.5667,61.1697,38.42,84.5,15.1062,6.08292,0.54,22.428,1.3223,2.8901,0.32,9.73,2.1039,-0.7607,-0.2715,199.6427,144.0,2012.0,242.0,invierno,enero,S,23.33
2012-08-30,989.4744,,990.72,0.534,77.0378,,97.3,11.1751,5.8716,1.836,17.46,0.825,2.6607,1.12,6.56,1.1493,-1.2335,-0.4502,200.0499,144.0,2012.0,243.0,invierno,noviembre,S,18.33
2012-08-31,990.7485,988.99,994.02,1.4197,81.2187,65.79,97.9,9.8079,1.0924,0.33,3.32,0.5488,1.9376,0.64,4.24,0.7296,-0.3444,-0.3953,228.9403,144.0,2012.0,244.0,verano,agosto,SO,18.63
2012-09-01,997.494,994.07,1000.03,1.4335,74.6151,55.66,92.4,12.877,5.93136,0.972,9.417498876,1.0369,2.8483,0.56,4.3185284500000005,1.4703,1.0051,0.4634,24.7538,144.0,2012.0,245.0,otoño,abril,NE,21.33
2012-09-02,998.3993,996.35,1000.14,1.1732,75.013,51.53,96.9,15.6973,1.4884,0.16,4.34,1.1346,2.4788,0.38,6.81,1.7615,0.0634,0.6336,84.2881,144.0,2012.0,246.0,otoño,diciembre,E,22.87
2012-09-03,996.9817,995.22,998.2,0.866,69.6915,48.01,96.0,16.9759,5.63184,0.648,12.996,0.9619,2.555,0.32,6.24,1.4242,0.7421,0.6623,41.7506,144.0,2012.0,247.0,otoño,febrero,NE,22.51
2012-09-04,995.3509,993.14,997.17,1.4184,70.9304,47.0,97.3644303760854,16.3612,1.0927,0.13,3.35,0.8005,1.9364,0.32,6.36,1.3816,0.2979,0.4691,57.5808,144.0,2012.0,248.0,otoño,septiembre,NE,17.43
2012-09-05,994.033,993.05,996.58,0.8682,87.8375,71.9,95.8,5.9529,,0.23,3.71,0.8537,1.6817,0.5,5.92,1.1704,0.1319,0.2044,57.1666,144.0,2012.0,249.0,invierno,enero,NE,18.03
2012-09-06,998.6731,996.61,1004.0824725859871,0.9506,69.2967,45.84,87.0,14.5763,1.5626,0.41,1.87654042,0.5404,2.7505,1.06,3.4796776,0.8527,-0.1365,-1.0111,262.3126,144.0,2012.0,250.0,otoño,septiembre,O,23.1
2012-09-07,996.5931,994.86,998.49,1.0979,65.2174,33.21,96.6,22.4594,5.88528,1.1880000000000002,5.170676907832273,0.797,2.9617,0.56,4.15075828,1.4389,-0.8903,-0.922,226.0014,144.0,2012.0,251.0,otoño,noviembre,SO,25.41
2012-09-08,994.3658,992.62,995.96,1.1092,65.6269,49.73,,9.6572,4.489560000000001,0.756,11.124,0.7221,2.4915,0.48,5.84,1.418,0.054,-0.2965,280.3153,144.0,2012.0,252.0,otoño,diciembre,O,28.77
2012-09-09,990.9585,987.77,993.57,2.2154,64.8857,34.08,97.1,21.9948,1.3467,,3.51,0.9059,2.3464,0.3,6.24,1.5273,-1.023,0.2211,167.8065,144.0,2012.0,253.0,otoño,septiembre,S,29.9
2012-09-10,988.6932,988.07,989.6,0.4273,50.901,25.31,,19.4956,2.098,0.3,5.82,1.4141,3.5462,0.64,9.65,2.3142,-1.559,-1.0283,213.4097,144.0,2012.0,254.0,otoño,mayo,SO,26.22
2012-09-11,985.9135,982.87,988.84,1.6437,67.9569,44.78999999999999,94.0,15.8866,1.7326,0.51,4.89,0.9159,3.0594,1.12,7.67,1.3544,-1.0113,-0.8224,219.1187,,2012.0,255.0,otoño,septiembre,SO,14.98
2012-09-12,985.9496,,986.79,,86.8343,63.28,97.9,8.9064,1.3722,0.33,3.95,0.6379,2.3533,,6.65,1.0267,,-0.8564,255.4177,144.0,2012.0,256.0,otoño,septiembre,O,16.37
2012-09-13,989.2794,986.41,993.3458320654256,1.6922,69.473,45.55,92.2,16.7657,1.356,0.22,,0.645,2.4194,0.48,3.62880664,1.0694,0.0185,-0.2522,274.1866,144.0,2012.0,257.0,otoño,septiembre,O,18.85
2012-09-14,986.8724,982.66,991.59,3.023,70.9909,49.81,96.4,18.0862,3.2667,,5.28786721,2.4448,5.4303,1.12,7.95976251,3.5154,-2.6939,-1.4381,208.0949,144.0,2012.0,258.0,invierno,septiembre,SO,17.14
2012-09-15,989.6762,985.65,992.77,2.1788,70.9926,53.89,85.2,9.8729,2.0279,0.4,3.6,0.6246,3.5338,1.12,6.69,1.2107,-0.4758,-1.9118,,144.0,2012.0,259.0,otoño,noviembre,O,21.39
2012-09-16,990.2797,987.42,992.78,2.183,70.7585,44.51,96.8,,1.7654,0.17,2.82723805,1.1702,2.8315,0.32,7.24,1.7308,-1.4951,-0.3746,194.0667,144.0,2012.0,260.0,otoño,enero,S,22.93
2012-09-17,987.3403,986.44,988.27,0.5057,72.2024,49.25,91.8,14.8018,,0.17,3.37,,2.1193,0.32,4.92,1.0252,-0.5942,-0.1731,196.2382,,2012.0,261.0,otoño,febrero,S,24.22
2012-09-18,984.9181,982.96,987.55,1.4362,72.7961,38.25,97.5,21.0006,2.3337,0.23,7.87,1.9063,3.8701,0.56,11.57,2.8948,-1.5824,-1.2363,217.9988,144.0,2012.0,262.0,otoño,septiembre,SO,15.47
2012-09-19,990.3818,986.08,994.77,2.5913,72.0553,46.73,93.8,14.8158,2.105,0.86,3.29,0.5422,3.5083,1.46,7.97,1.0136,-0.4229,-1.9409,257.7079,144.0,2012.0,263.0,otoño,septiembre,O,14.72
2012-09-20,996.3472,994.79,997.48,,68.4825,43.2,96.1,17.9449,1.4308,0.22,5.06,,2.5938,0.66,10.714991292800242,1.4022,-0.7042,-0.7398,226.4128,144.0,2012.0,264.0,invierno,septiembre,SO,17.08
2012-09-21,991.1344,984.08,996.2,3.9091,66.9601,39.14,94.6,20.3259,1.9703,0.41,3.0944275800000005,1.0717,3.1006,,5.039318809999999,1.6747,-1.8568,-0.1777,185.4679,144.0,2012.0,265.0,otoño,junio,S,14.75
2012-09-22,987.0189,982.73,994.9598101068252,3.6507,72.8313,50.04,97.5,16.3903,2.0338,0.25,5.21,1.0942,3.8443,0.52,9.57,2.0701,-0.526,-1.5719,251.4991,144.0,2012.0,266.0,otoño,septiembre,O,14.62
2012-09-23,989.9429,981.82,993.66,3.7038,72.4388,51.1,95.0,15.268,1.2062,0.22,,0.7506,2.1546,0.56,3.18141952,1.1362,-0.0804,0.611,97.4993,144.0,2012.0,267.0,otoño,septiembre,E,21.2
2012-09-24,975.5357,971.94,981.74,2.6804,72.5666,,88.2,6.8918,8.78796,1.1880000000000002,19.944,1.2337,3.9272,0.64,8.37,1.8157,-2.0978,-0.3558,189.6262,144.0,2012.0,268.0,otoño,mayo,S,21.82
2012-09-25,976.9672,975.01,978.48,0.96,69.9078,46.73,86.1,12.0315,3.5651,0.31,7.34,1.7611,5.3664,0.6,12.57,2.6432,-3.1295,-0.9851,197.4728,144.0,2012.0,269.0,otoño,septiembre,S,22.99
2012-09-26,,974.8,,0.95,71.7674,49.21,95.14198317624222,13.8823,1.5427,0.23,3.99,0.8774,2.5821,0.56,6.44,1.3803,-1.001,-0.5433,208.4913,144.0,2012.0,270.0,otoño,septiembre,SO,15.81
2012-09-27,981.7882,977.35,986.19,2.0784,79.2106,64.83,95.9,9.7746,3.3544,0.45,,1.9615,5.2263,1.04,12.49,2.6591,-2.7263,-1.3398,206.1708,144.0,2012.0,271.0,primavera,septiembre,SO,17.19
2012-09-28,990.5037,986.22,992.05,1.5227,68.9955,48.54,89.8,11.868,2.8181,0.23,6.08,1.465,4.3226,0.6,9.47,2.1822,-2.2251,,215.634,144.0,2012.0,272.0,otoño,septiembre,SO,18.85
2012-09-29,990.0274,987.76,993.28,1.4331,74.406,44.46,97.4,17.9885,1.8026,0.26,3.49831873,1.1362,3.2217,0.6,5.54884303,1.8852,-1.1277,-0.9555,220.2748,144.0,2012.0,273.0,otoño,septiembre,SO,17.84
2012-09-30,994.9065,993.32,996.82,0.9472,71.3877,40.00999999999999,96.6,19.5128,1.0942,0.18,3.53,0.6338,,0.36,5.04,0.9646,-0.3629,0.075,168.3294,144.0,2012.0,274.0,otoño,septiembre,S,17.98
2012-10-01,991.2394,989.49,993.43,1.173,73.6693,,95.3,15.3847,1.2314,0.27,3.42,0.796,2.09,0.68,5.88,1.2033,-0.7927,-0.4999,212.2366,144.0,2012.0,275.0,otoño,octubre,SO,19.76
2012-10-02,990.5267,989.98,991.18,0.2979,71.9829,41.95,96.2,18.4771,1.8508,0.32,4.77,1.0097,3.0602,0.64,6.99,1.446,-1.468,-0.6712,204.5727,144.0,2012.0,276.0,otoño,octubre,SO,19.14
2012-10-03,987.7372,985.03,990.27,1.3798,68.5306,51.28,89.7,12.9339,3.2242,0.49,8.96,2.2324,5.1002,1.16,12.21,3.2308,-2.833,-1.0481,200.3028,144.0,2012.0,277.0,otoño,noviembre,S,17.17
2012-10-04,983.764,977.38,990.56,3.613,73.4605,62.41,88.9,7.2973,14.94468,2.4120000000000004,24.919462584,242.97,6.8547,1.64,11.53885947,186.65,-3.4784,-1.5376,203.8477,144.0,2012.0,278.0,otoño,febrero,SO,63.05
2012-10-05,986.491,983.07,991.01,2.6631,78.0965,69.07,90.5,7.2538,4.3538,0.44,11.26,2.7965,6.8946,1.16,17.78,4.2059,-3.8689,-1.6233,202.7622,144.0,2012.0,279.0,otoño,enero,SO,19.86
2012-10-06,985.1467,981.62,,2.25,76.5678,,94.0,11.8483,3.5011,0.31,6.26963339,2.4745,5.6663,0.76,8.90424643,3.5998,-2.6319,-1.7686,213.9,144.0,2012.0,280.0,otoño,octubre,SO,13.82
2012-10-07,990.5459,986.76,995.73,2.8827,76.5562,49.11,96.7,14.406,1.538,0.34,3.16,0.7262,2.8733,0.76,7.21,1.3895,0.1095,-1.0894,275.7389,144.0,2012.0,281.0,otoño,octubre,O,14.18
2012-10-08,992.6009,985.46,995.98,3.3529,69.7695,41.47,93.5,15.9199,5.93496,0.6120000000000001,15.228000000000002,0.9533,2.6224,0.28,5.43,1.1887,,-0.7186,216.2064,144.0,2012.0,282.0,otoño,mayo,SO,12.77
2012-10-09,985.5995,982.72,989.06,,72.9962,50.98,94.7,14.097,1.5307,0.23,3.63,0.8854,2.7919,0.56,6.05,1.4962,-0.1261,-0.9574,262.4946,144.0,2012.0,283.0,otoño,octubre,O,11.36
2012-10-10,988.655,987.77,989.51,0.4573,77.7261,56.81,95.2,12.9471,1.2733,0.29,2.29285899,0.7652,2.2974,0.76,2.81481063,1.0529,-0.297,-0.7727,248.9722,144.0,2012.0,284.0,primavera,enero,O,13.39
2012-10-11,987.6838,985.44,989.67,1.756,75.9472,48.97,95.6,15.7962,1.546,0.22,4.21,0.9023,2.6669,0.52,6.25,1.4822,-0.4028,0.7011,119.8797,144.0,2012.0,285.0,otoño,julio,SE,12.45
2012-10-12,983.0942,980.8,,1.5811,87.4836,64.13,96.3,9.3276,5.26968,0.6120000000000001,10.73729088,1.1195,2.5178,0.4,4.18182683,1.6185,-1.2616,-0.0457,182.0728,144.0,2012.0,286.0,otoño,julio,S,14.41
2012-10-13,985.3499,979.28,988.19,2.8086,73.4003,48.65,93.0,12.6132,2.6485,0.73,5.67,1.1482,4.0003,1.4,8.17,1.5614,-2.4193,-0.6481,194.9956,144.0,2012.0,287.0,otoño,octubre,S,11.25
2012-10-14,976.6792,972.64,979.16,2.1567,73.2145,57.24,89.0,8.9003,9.46044,0.7200000000000001,17.895484800000002,184.92,4.0685,0.58,6.79158503,133.825,-2.2956,-0.7433,197.9414,144.0,2012.0,288.0,otoño,julio,S,11.18
2012-10-15,978.1408,971.57,985.56,5.2014,79.2946,66.07,92.2,7.2641,10.8486,1.0080000000000002,38.29187470410148,1.7316,4.7044,0.64,11.53,2.5078,-2.4915,-1.4442,210.0998,144.0,2012.0,289.0,otoño,marzo,SO,13.25
2012-10-16,984.9025,982.8,986.77,1.0201,73.1656,49.8,97.1,17.3022,8.310960000000001,1.584,20.304,155.9,3.7491,1.02,8.77,110.285,-1.972,-0.701,199.5685,144.0,2012.0,290.0,otoño,marzo,S,16.33
2012-10-18,987.9135,986.55,994.0468422278208,0.8719,69.9014,52.7,83.5,7.9212,,0.34,4.85,0.8835,3.8925,0.64,7.33,1.2803,-2.3164,0.1477,176.3519,144.0,2012.0,292.0,otoño,noviembre,S,25.78
2012-10-19,988.9786,987.38,989.99,0.757,69.3092,38.05,89.8,16.3922,7.5276,1.512,14.4,0.8234,3.344,1.12,5.86,1.1336,-1.9495,-0.1649,184.8364,144.0,2012.0,293.0,otoño,junio,S,24.11
2012-10-20,991.6817,989.66,992.76,0.9764,74.2414,45.04,97.0857676871862,16.7046,3.31308,0.5760000000000001,9.9,0.6024,1.6688,0.4,4.2,0.8856,-0.1274,0.2114,121.0816,144.0,2012.0,294.0,otoño,octubre,SE,21.18
2012-10-21,992.4739,991.35,994.27,0.7932,85.9897,59.06,99.1,14.5283,3.71736,,9.73066986,1.0305,1.6465,0.34,3.6039518,1.319,,0.3551,39.0917,144.0,2012.0,295.0,otoño,octubre,NE,11.39
2012-10-22,996.7522,994.16,998.7,1.4734,95.6424,83.8,100.0,4.4228,4.0251600000000005,,14.796,0.8417,1.7823,0.42,5.69,1.0709,0.4602,0.4558,44.7211,144.0,2012.0,296.0,otoño,junio,NE,11.46
2012-10-23,998.6883,997.39,999.77,,91.4403,79.2,97.9,6.0478,2.2298,1.0,4.33,0.6516,3.1444,1.72,5.79,0.7877,1.6228,1.4445,41.6735,144.0,2012.0,297.0,otoño,octubre,NE,8.34
2012-10-24,994.2914,991.82,997.29,1.5182,96.2993,92.6,98.6,1.7797,3.53664,0.972,8.856,45.68,1.6418,0.62,3.56,29.770000000000003,0.21,0.1539,36.2393,144.0,2012.0,298.0,otoño,octubre,NE,11.34
2012-10-25,987.5657,984.92,991.81,2.1292,86.8942,69.56,97.4,7.68,5.441400000000001,1.08,16.416,93.1,2.6969,0.56,6.45,73.32,-0.5794,-1.1881,244.0022,144.0,2012.0,299.0,otoño,mayo,SO,7.86
2012-10-26,983.5818,975.18,988.577293587102,3.8415,78.0762,66.25,,9.9259,2.9129,,3.80900423,1.0953,4.5038,0.72,5.94652047,1.5037,1.8552,1.1863,32.5974,144.0,2012.0,300.0,otoño,octubre,NE,1.33
2012-10-29,988.199,982.69,991.36,2.8803,85.5908,62.77,97.8,11.9731,2.0515,0.85,5.32,0.878,3.2196,1.3,7.69,1.261,-1.8599,-0.4636,193.9952,144.0,2012.0,303.0,otoño,octubre,S,4.77
2012-10-30,978.6927,977.07,982.61,1.2844,87.1021,80.9,95.5,3.9743,2.3683,0.53,,1.0819,3.8446,1.12,7.77,1.6428,-2.1955,-0.4679,192.0311,144.0,2012.0,304.0,otoño,octubre,S,10.83
2012-10-31,976.5525,970.57,978.94,2.5054,,62.41,99.1,12.3774,6.75396,0.684,20.016,1.3161,3.0124,0.44,8.49,2.0358,-1.7381,-0.2265,187.4256,144.0,2012.0,305.0,otoño,julio,S,10.05
2012-11-01,965.3531,962.75,970.46,2.0377,83.4173,67.15,95.6,7.2567,2.5147,0.64,5.19,0.932,3.9508,1.0,8.33,1.3956,-2.4124,-0.03,180.7129,144.0,2012.0,306.0,otoño,diciembre,S,10.42
2012-11-02,973.1088,966.32,976.13,2.7773,67.4994,51.239999999999995,83.7,9.3898,4.1307,0.89,13.40190982223304,1.7705,6.5054,1.68,13.37,2.5743,-3.668,-1.6025,203.5998,144.0,2012.0,307.0,otoño,noviembre,SO,11.25
2012-11-03,976.0193,,978.25,1.4857,80.4204,68.62,91.4,5.3736,11.63268,2.556,29.772,1.6359,5.0033,1.6,12.13,2.3056,-2.8704,-1.1609,202.0195,144.0,2012.0,308.0,otoño,enero,S,10.97
2012-11-04,976.4328,971.8,980.28,,82.8326,74.7,88.6,2.9997,2.1079,0.42,5.4,0.9523,3.3508,1.24,8.61,1.3809,-1.4554,-0.5623,201.1234,144.0,2012.0,309.0,otoño,mayo,S,10.83
2012-11-05,974.9012,972.44,980.86,2.3745,75.4848,54.620000000000005,90.1,8.7146,,0.31,5.67,1.3334,4.1774,0.64,10.85,2.236,-1.4304,-1.7164,230.1928,144.0,2012.0,310.0,primavera,noviembre,SO,7.34
2012-11-07,,989.15,996.65,2.8082,78.1757,72.8,83.9,2.1508,3.4189,1.13,8.01,1.4805,6.0275,1.94,16.41448718479223,1.9843,-2.6094,-1.9642,216.9707,144.0,2012.0,312.0,primavera,octubre,SO,8.89
2012-11-08,992.3535,990.12,996.24,1.9292,76.2014,70.2,83.3,3.7423,9.8496,1.62,21.888,1.4195,4.263,0.88,,1.9027,-2.3229,-1.2558,208.3969,144.0,2012.0,313.0,otoño,diciembre,SO,10.5
2012-11-09,990.2565,986.26,992.74,1.7234,74.0634,53.04,85.6,9.716,2.0551,0.63,5.16,,3.0996,1.02,7.41,1.0699,-1.6334,-0.7376,204.3019,144.0,2012.0,314.0,otoño,noviembre,SO,9.54
2012-11-10,980.1915,977.02,985.93,2.5278,81.9569,71.6,93.2,6.0846,2.6089,0.74,4.09,0.5943,3.8457,1.52,5.89,0.7683,-2.468,-0.385,188.8673,144.0,,315.0,otoño,noviembre,S,11.28
2012-11-11,984.0828,978.53,992.25,4.2528,89.766,79.8,96.9,3.7818,1.1329,0.22,3.58,0.632,1.8764,0.56,4.61,0.8037,-0.6368,-0.4441,214.8896,144.0,2012.0,316.0,otoño,diciembre,SO,8.75
2012-11-12,997.8954,992.43,1002.74,2.8422,83.2124,61.95,99.4,13.6262,3.97548,0.6120000000000001,11.016,0.6235,1.8015,0.44,4.26,0.809,-0.4117,-0.8217,243.3861,144.0,2012.0,317.0,otoño,diciembre,SO,9.37
2012-11-13,1005.3724,1002.77,1006.81,1.069,88.1755,58.28,99.1,12.6853,4.07916,0.792,9.576,48.94,1.8189,0.4,3.8,32.66,-0.923,-0.2193,193.3681,144.0,2012.0,318.0,otoño,abril,S,44.852
2012-11-14,1003.5994,1000.06,,1.9725,95.5264,75.5,99.5,6.1619,3.3051600000000003,0.8280000000000001,5.726555136,0.467,1.5149,0.48,7.119975014692939,0.6597,-0.7123,-0.1993,195.6334,144.0,2012.0,319.0,otoño,junio,S,1.05
2012-11-15,997.6479,995.63,1000.01,1.1722,98.7222,90.4,100.0,1.4383,1.2872,0.35,3.65,0.6114,2.0795,0.84,4.89,,-0.4552,-0.0934,191.5982,144.0,2012.0,320.0,otoño,octubre,S,2.86
2012-11-16,993.3024,990.9,995.75,1.3949,84.3062,77.1,89.7,2.5342,6.76728,1.692,12.168,66.33,2.8274,1.0,5.17,48.29,-0.9719,-0.3533,199.9772,144.0,2012.0,321.0,otoño,mayo,S,7.74
2012-11-17,987.103,985.08,990.81,1.7883,83.4117,57.14,95.3,11.95,7.2378,2.080350108,26.91163526847036,0.5457,3.0199,1.44,3.21248807,0.7531,-1.9277,-0.2301,186.8069,144.0,2012.0,322.0,otoño,marzo,S,8.67
2012-11-18,986.6494,985.07,990.7,1.5823,86.4035,74.8,94.9,5.2131,1.5008,0.29,6.586102433573792,0.7116,2.3746,0.52,4.81,1.0208,-1.258,0.0728,176.6872,144.0,2012.0,323.0,otoño,noviembre,S,8.6
2012-11-19,992.2669,990.75,993.3,0.6138,95.7646,82.6,99.8,5.1799,1.2186,,1.57828234,0.6531,1.924,0.4,2.65946788,0.9321,-0.376,0.1931,152.8165,144.0,2012.0,324.0,otoño,noviembre,SE,6.19
2012-11-20,993.5788,993.15,994.14,0.2337,94.9667,86.5,100.0,5.9218,1.8949,0.37,4.13,0.7476,2.9585,0.76,6.01,1.1601,-1.7759,-0.4031,192.7878,144.0,2012.0,325.0,otoño,febrero,S,8.58
2012-11-21,991.266,989.65,993.41,1.019,85.8486,75.4,93.0,4.8768,3.1971,1.35,5.28,0.869,4.8122,2.16,7.99,1.3676,-3.1109,-0.3382,186.205,144.0,2012.0,326.0,otoño,enero,S,10.8
2012-11-22,996.283,992.92,1002.1744598586896,1.4216,82.9295,60.89,96.8,11.191,1.5636,0.46,3.33,0.5647,2.5574,0.92,4.81,0.765,-1.4158,-0.3324,193.2139,144.0,2012.0,327.0,otoño,noviembre,S,7.19
2012-11-23,993.8901,992.63,996.13,1.117,90.55,77.7,99.7,7.899,2.1001,0.31,4.72,0.9083,3.3348,0.8,7.69,1.3459,-2.0075,-0.1924,185.4736,144.0,2012.0,328.0,otoño,noviembre,S,10.39
2012-11-24,992.2737,989.29,993.77,1.0493,82.8625,72.7,88.1,3.6845,1.2333,0.18,2.86,0.5308,2.0129,0.4,4.28,0.7214,-0.9766,-0.1095,186.3963,144.0,2012.0,329.0,otoño,noviembre,S,14.1
2012-11-25,986.6035,984.43,989.23,1.3101,66.8706,53.21,87.0,10.375,3.637,0.79,8.84,1.6845,5.6353,1.68,12.89,2.5942,-3.1395,-1.4027,204.0756,144.0,2012.0,330.0,otoño,noviembre,SO,9.87
2012-11-27,979.6133,978.6,980.53,0.4676,90.1799,81.8,97.2,4.572,3.902400000000001,0.936,12.204,0.6026,1.8219,0.48,4.04,0.8481,-0.7613,-0.0879,186.5835,144.0,2012.0,332.0,otoño,diciembre,S,6.55
2012-11-28,976.686,973.84,979.45,1.5211,95.4736,93.2,98.2,1.2353,3.1022,0.17,7.54,2.1511,4.7084,0.4,11.01,2.8957,2.6772,1.233,24.7296,144.0,2012.0,333.0,otoño,noviembre,NE,3.73
2012-11-29,971.4804,969.1,975.84,2.0684,95.659,93.1,97.0,1.0178,12.5118,5.184,15.278270148000002,1.3065,5.8024,2.56,6.3069156500000005,1.6686,1.5482,-0.6519,337.165,144.0,2012.0,334.0,otoño,febrero,NO,1.52
2012-12-01,986.4412,985.45,987.21,0.3892,89.7028,78.4,100.0,4.9091,1.4861,0.57,2.75,0.4678,2.491,1.12,4.53,0.6506,-1.3803,-0.1563,186.4624,144.0,2012.0,336.0,invierno,diciembre,S,1.22
2012-12-02,982.8672,981.28,985.66,1.2065,86.266,79.5,98.0,5.6637,2.0182,0.43,4.13,0.6186,3.3341,1.04,6.81,0.9569,-1.5715,-0.4304,195.3146,144.0,2012.0,337.0,verano,noviembre,S,2.37
2012-12-03,984.7586,975.83,989.13,4.0173,83.1069,73.2,93.3,6.7767,9.66348,1.368,13.376874888,1.3464,4.1006,0.88,5.47427851,1.9152,-2.0472,-1.0525,207.209,144.0,2012.0,338.0,verano,abril,SO,3.94
2012-12-05,974.6302,970.68,977.32,2.1583,87.6951,75.6,96.4,5.6125,1.3476,0.34,1.1081125093696702,0.4995,2.288,0.68,3.13792355,0.8277,-0.4063,-1.0615,249.057,144.0,2012.0,,primavera,octubre,O,-0.55
2012-12-06,982.9429,975.99,988.97,4.9441,78.0771,63.36999999999999,97.1,10.1741,1.896,,2.83345176,1.0141,3.8078,0.64,5.89681079,2.1756,-0.328,-1.6259,258.5932,144.0,2012.0,341.0,invierno,diciembre,O,-0.64
2012-12-07,983.5489,979.6,988.21,2.5291,81.3418,,93.6,8.8862,5.5742400000000005,0.6120000000000001,8.83589562,1.0126,2.6011,0.48,3.88356875,1.5565,-1.2177,0.1301,173.9013,144.0,2012.0,342.0,verano,enero,S,-3.88
2012-12-08,992.3772,985.47,996.64,3.5322,84.3313,74.0,92.3,5.8313,0.7326,0.13,6.352555700106617,0.3466,1.2767,,3.14,,-0.377,-0.1146,196.9022,144.0,2012.0,343.0,invierno,diciembre,S,1.53
2012-12-09,987.321,977.59,996.13,6.4013,83.4636,63.72,92.4,,14.9346,1.62,29.196,230.8,6.2444,0.8,12.3,154.575,-3.6928,-1.3828,200.5291,144.0,2012.0,344.0,verano,diciembre,S,2.4
2012-12-10,978.3075,973.89,986.05,3.8078,89.5736,79.2,95.6,4.1322,10.485,4.6080000000000005,19.044,1.0968,5.1616,2.52,8.65,1.228,-1.2217,-2.1639,240.5512,144.0,2012.0,345.0,verano,junio,SO,-0.66
2012-12-11,992.577,986.1,995.99,2.8448,87.0035,78.7,93.9,4.0749,7.91064,1.8,16.092,0.8515,3.814,1.48,6.73,1.1035,0.5906,-0.9673,301.4047,144.0,2012.0,346.0,verano,marzo,NO,-2.06
2012-12-12,993.395,991.11,995.99,1.4924,91.4806,84.8,95.8,3.502,1.4114,0.53,7.892835363451622,0.492,2.3754,0.92,4.15,0.662,,-0.0743,,144.0,,347.0,invierno,diciembre,S,-2.23
2012-12-13,987.6344,983.94,991.08,2.3756,84.7375,74.1,95.0,7.4795,2.1877,0.32,4.05,0.8628,3.3548,0.76,5.63,1.1938,-2.1132,-0.0554,181.502,144.0,2012.0,,invierno,diciembre,S,3.22
2012-12-14,980.029,973.83,983.88,3.1729,78.9994,67.6,89.4,6.4679,10.66032,3.3480000000000003,18.756,77.10000000000001,4.5633,1.96,8.77,59.52,-2.8875,0.3141,173.7922,144.0,2012.0,349.0,verano,marzo,S,6.97
2012-12-15,976.5648,973.18,980.62,2.5344,88.3972,74.1,96.5,4.3292,2.9919,0.47,3.84007278,1.2238,4.2217,1.0,9.45,1.5784,-2.7187,-0.8236,,144.0,2012.0,350.0,invierno,julio,S,7.66
2012-12-16,980.1829,979.49,981.1,0.3547,90.3674,76.3,97.6,5.5804,1.9366,0.32,1.6563772352598902,0.8609,2.9651,0.84,3.93327843,1.1008,-1.731,-0.5284,196.9768,144.0,2012.0,351.0,invierno,diciembre,S,6.8
2012-12-17,980.1907,979.67,980.77,0.2976,92.1153,78.7,97.4,4.8329,1.3044,,1.96353236,0.5465,2.194,0.8,3.08821387,0.7831,-1.1762,-0.0675,183.2851,144.0,2012.0,352.0,invierno,diciembre,S,5.44
2012-12-18,985.642,980.8,992.07,3.5879,93.9521,87.5,98.8,3.6907,3.0168,0.468,4.540979267999999,0.4938,1.5251,0.24,2.51033884,0.7592,-0.4663,-0.355,217.2806,144.0,2012.0,353.0,verano,marzo,SO,4.21
2012-12-19,995.9679,992.23,998.23,1.8825,96.7167,94.1,99.7,1.3323,0.6037,0.15,4.457312847764947,0.2764,1.0568,0.36,2.08,0.3664,-0.3965,-0.0444,186.395,144.0,2012.0,354.0,invierno,marzo,S,2.59
2012-12-20,992.8535,987.18,997.82,3.4742,95.3,84.6,100.0,5.4673,1.3377,0.27,3.2,0.6574,2.2206,0.44,4.85,0.9997,-0.2897,0.784,110.2775,144.0,2012.0,355.0,invierno,diciembre,E,0.52
2012-12-21,986.8098,985.19,990.43,1.4669,92.3958,80.8,98.3,5.9809,1.6449,0.62,2.53,0.3812,2.2556,1.08,3.81,0.4499,1.185,0.6228,27.7266,144.0,2012.0,356.0,invierno,diciembre,NE,4.76
2012-12-22,989.6385,984.52,991.74,2.1003,95.6778,88.6,98.9,2.781,5.22504,1.0080000000000002,10.116,0.5131,2.1558,0.82,3.52,0.5909,-0.7665,-0.2086,195.2229,144.0,2012.0,357.0,verano,diciembre,S,11.92
2012-12-23,980.7883,978.96,984.44,1.2665,94.134,84.3,100.0,5.0097,2.7141,0.63,7.46,1.3431,4.2562,1.12,9.97,1.9263,-2.3311,-0.743,197.6792,144.0,2012.0,358.0,invierno,diciembre,S,12.79
2012-12-24,981.7127,977.38,984.08,2.2648,90.9872,55.27000000000001,99.9,12.6335,1.7137,0.32,2.7340324000000003,0.9665,2.8114,0.6,4.35581071,1.4593,-1.4527,-0.3068,191.9261,144.0,2012.0,359.0,invierno,septiembre,S,14.77
2012-12-25,976.7092,974.15,978.9,1.4804,68.9536,49.15,89.5,11.9767,3.7979,0.44,10.87,3.0131,5.976,,17.22,4.531,-3.2504,-1.4627,204.2277,144.0,2012.0,360.0,verano,diciembre,SO,9.1
2012-12-26,981.7578,978.68,984.69,1.9903,79.3796,67.5,91.2,5.1807,13.57488,2.52,28.26,183.45,6.1398,1.4,12.29,138.245,-3.2811,-1.7145,207.5891,144.0,2012.0,361.0,verano,septiembre,SO,9.15
2012-12-27,978.6753,976.63,983.03,1.5929,77.4874,65.7,94.7,8.0898,4.2501,0.19,12.12,2.745,6.425,0.48,17.9,3.9192,-3.6004,-1.973,208.7228,144.0,2012.0,362.0,invierno,diciembre,SO,5.09
2012-12-28,996.9555,982.91,1001.45,5.3446,87.0667,75.8,95.6,6.6797,2.157,0.52,5.81,1.0353,3.4292,1.12,9.21,1.5139,-0.2261,0.0652,163.922,144.0,,363.0,verano,diciembre,S,8.93
2012-12-29,992.7511,987.05,998.42,3.7497,78.23,64.63,89.8,7.118,3.5135,1.36,5.4,0.8533,5.1671,2.32,7.89,1.2214,-3.4383,-0.3562,185.9153,144.0,2012.0,364.0,invierno,diciembre,S,9.05
2012-12-31,989.0786,983.67,992.56,2.9154,71.8311,66.55,78.9,3.8587,18.2736,4.896000000000001,43.54190965566138,1.6545,7.5715,3.38,13.49,2.1553,-4.6021,-2.043,203.9383,144.0,2012.0,366.0,verano,febrero,SO,8.1
2013-01-01,980.5385,978.77,985.59,1.7539,72.1991,59.88,89.1,8.327,4.893,0.77,11.14,2.1751,7.026,1.64,15.14,,-4.1433,-2.2961,208.9938,144.0,2013.0,1.0,invierno,enero,SO,6.43
2013-01-02,9939.918,985.61,,4.9628,77.9144,,91.3,5.5425,9.2322,0.756,19.836,122.2,4.2133,0.42,8.61,86.87,-1.9677,-1.4391,216.1814,144.0,2013.0,2.0,verano,mayo,SO,9.23
2013-01-03,1000.7925,998.69,1003.57,1.3662,81.1014,75.7,90.3,2.5362,3.3717,0.98,6.78,1.2686,5.7556,2.48,9.09,1.6688,-2.7107,-1.7597,212.9908,144.0,2013.0,3.0,verano,septiembre,SO,10.74
2013-01-04,1002.6372,999.93,1004.58,1.5521,84.5715,78.3,91.9,4.8183,8.598600000000001,3.024,15.156,0.8094,5.029,1.72,9.93,1.6078,,-2.2599,,144.0,2013.0,4.0,verano,enero,O,8.86
2013-01-06,999.0462,996.65,1002.54,1.7815,93.159,87.8,96.3,2.0975,2.1451,0.66,3.34,0.5757,4.3639,1.56,7.25,1.0304,-0.2299,-2.0863,263.7119,144.0,,6.0,invierno,enero,O,6.69
2013-01-07,1000.1829,998.94,1001.26,0.5552,94.1924,81.4,,3.5262,1.1108,0.29,2.22,0.4438,2.0877,0.64,6.85,1.0596,-0.3269,-0.7375,246.0943,144.0,2013.0,7.0,invierno,enero,SO,6.15
2013-01-09,992.0495,986.85,996.58,3.2472,92.1243,83.1,97.6,4.4309,6.46344,1.404,19.944,0.8839,3.0342,0.76,7.45,1.3259,-1.0761,-1.171,227.4196,144.0,2013.0,9.0,verano,abril,SO,4.93
2013-01-10,983.5062,980.25,986.83,2.1263,88.3167,,95.5,5.3359,2.1378,0.39,3.05093161,,3.9429,1.2,5.07660107,1.2091,-0.2241,-1.451,261.2198,144.0,2013.0,10.0,invierno,enero,O,0.3
2013-01-11,987.3069,982.91,990.29,2.6539,80.0279,,91.3,6.0262,5.932799999999999,2.592,9.828,0.4383,3.0907,1.36,5.99,0.7674,-0.0474,-1.4867,268.1732,144.0,2013.0,11.0,verano,septiembre,O,-0.3
2013-01-12,991.2617,989.72,992.63,,81.8668,64.37,,7.6642,4.234319999999999,0.864,11.052,0.7178,1.9872,0.46,4.37,0.9624,0.3467,-0.3916,311.5197,144.0,2013.0,12.0,verano,febrero,NO,-1.59
2013-01-13,991.1404,989.97,992.25,0.6613,86.966,76.0,93.5,4.6131,1.8009,0.29,5.04,1.3227,2.6511,0.64,7.65,1.7492,0.711,,49.8057,144.0,2013.0,13.0,invierno,enero,NE,-2.04
2013-01-14,986.754,984.7,989.92,1.6582,82.8896,76.7,91.2,3.6629,4.7689200000000005,0.972,10.188,0.5078,2.0284,0.56,3.97,0.706,-0.4095,-0.0803,191.0944,144.0,2013.0,14.0,verano,abril,S,-1.34
2013-01-15,982.1239,980.51,984.84,1.4919,81.8844,67.32,92.7,7.3943,1.0702,,0.2,0.6149,1.6357,0.6,3.25,0.7013,0.1506,-0.0277,349.5923,144.0,2013.0,15.0,invierno,enero,N,-3.11
2013-01-17,986.6973,983.85,989.33,1.745,91.3528,83.2,96.7,4.1324,3.1201,0.82,3.44239534,1.0703,4.7539,1.92,5.22573011,1.4517,2.8453,1.1602,22.1829,144.0,2013.0,17.0,invierno,enero,N,-2.87
2013-01-18,984.5922,979.76,988.79,2.5277,84.1424,78.3,93.5,3.6394,3.1528,1.77,5.62,0.7872,4.7672,2.84,8.35,1.0865,1.8899,2.3212,50.8481,144.0,2013.0,18.0,verano,marzo,NE,-6.25
2013-01-19,975.3576,973.86,,1.5129,84.9444,81.4,,1.5679,3.281,0.81,5.59,1.0356,5.024,1.96,7.57,1.1984,2.1788,2.3875,47.6172,144.0,2013.0,19.0,invierno,enero,NE,-4.71
2013-01-20,972.7519,971.13,974.34,0.7257,87.2896,81.8,93.2,2.9429,12.43188,5.22,20.592,0.8425,4.9912,2.72,8.03,1.0211,2.5711,2.246,41.1387,144.0,2013.0,20.0,verano,octubre,NE,-5.82
2013-01-21,973.8189,971.95,976.48,1.2243,90.3021,86.9,93.5,1.7314,2.3994,1.42,3.33,0.436,3.1952,2.08,9.73084482346172,0.5909,1.9972,1.2701,32.4549,,2013.0,21.0,invierno,enero,NE,-6.58
2013-01-22,979.4212,976.49,981.81,1.6655,86.5,81.5,91.1,2.606,2.4703,1.3,2.2990727,0.4809,3.1665,1.74,2.96393967,0.5943,2.0173,1.4134,35.0159,144.0,2013.0,22.0,invierno,enero,NE,-5.57
2013-01-23,982.3176,981.52,983.36,0.5578,84.7382,78.2,88.0,2.4933,1.7504,0.31,3.16,0.6324,2.3898,0.8,4.09,0.7347,1.4546,0.8812,31.2086,144.0,2013.0,23.0,verano,septiembre,NE,-4.84
2013-01-24,986.0415,983.1,990.68,2.3818,87.2139,82.8,92.9,2.3831,3.8322,1.116,9.468,0.5233,1.9567,0.82,3.97,0.7805,0.7918,-0.0031,359.7777,144.0,2013.0,24.0,verano,octubre,N,-5.56
2013-01-25,992.4308,989.98,993.9,1.1237,87.4486,80.3,94.2,3.6562,2.3563,0.65,2.70917756,0.8208,3.511,1.18,3.70958487,1.0504,1.0409,1.202,49.1084,144.0,2013.0,25.0,invierno,enero,NE,-1.96
2013-01-26,986.8038,985.28,989.97,,80.2021,69.1,88.2,5.2679,2.609,0.65,6.962439060972178,0.97,3.9428,1.08,7.41,1.4196,-2.4537,-0.4913,191.3216,144.0,2013.0,26.0,invierno,enero,S,2.4
2013-01-27,981.1551,976.93,986.04,3.1211,81.7549,74.9,88.8,3.8755,2.6656,0.61,4.96,0.9764,4.2285,1.24,8.13,1.3797,-2.4873,-0.0617,181.4217,144.0,2013.0,27.0,invierno,enero,S,5.54
2013-01-28,985.9401,979.79,989.52,3.0868,82.8799,71.5,93.9,6.567,2.5507,0.53,7.76,1.7401,4.0256,1.0,10.93,,-2.1944,-0.9637,203.7096,144.0,2013.0,28.0,invierno,enero,SO,8.17
2013-01-29,983.3854,981.63,988.28,1.4445,79.8,73.7,87.9,3.7368,19.64412,3.708,35.244,2.0651,8.2473,2.52,13.82,2.8321,-4.7119,-2.6596,209.4424,144.0,2013.0,29.0,verano,septiembre,SO,13.58
2013-01-30,980.7283,976.86,984.06,1.975,79.8832,68.79,93.8,5.103,5.4214,,6.2758471,2.347,8.6619,1.58,9.16522225,2.8254,-4.3189,-2.8931,213.8164,144.0,2013.0,30.0,verano,enero,SO,8.3
2013-01-31,984.192,980.83,992.1727169804614,2.1567,67.6999,,87.4,7.0941,3.6827,0.76,4.93989945,1.4002,7.2665,1.76,,2.1368,-2.5326,-2.5481,225.1744,144.0,2013.0,31.0,verano,enero,SO,6.73
2013-02-02,972.3381,962.6,982.49,6.7471,86.716,75.6,97.5,6.677,6.81876,,11.7,0.6411,3.7947,0.68,9.35131499923441,1.2807,-0.0875,-1.7631,267.159,144.0,2013.0,33.0,verano,diciembre,O,2.67
2013-02-03,985.4743,980.74,988.8,2.4721,81.3778,63.28,96.4,10.5572,2.5988,0.42,5.02689139,1.704,4.3865,0.76,7.120911660000001,2.2939,-1.4707,-1.7701,230.2775,144.0,2013.0,34.0,invierno,mayo,SO,6.96
2013-02-04,980.3585,978.22,981.6,,86.4021,72.6,97.9,5.4094,11.48724,2.3400000000000003,28.476000000000003,1.685,5.5012,1.28,11.21,2.2709,-2.1249,-1.9984,223.2417,144.0,2013.0,35.0,verano,diciembre,SO,6.42
2013-02-05,974.2289,970.74,981.14,3.3613,80.229,65.91,92.6,6.2175,2.9933,0.61,8.35,1.4506,4.9731,1.0,13.81,2.4119,-2.3773,-1.4509,211.3959,144.0,2013.0,36.0,invierno,febrero,SO,2.36
2013-02-06,972.8418,971.64,976.11,1.3688,,76.0,94.1,5.2667,1.4129,0.24,3.22,0.7574,2.2564,0.5,5.01,1.0667,-0.9116,-0.4148,204.4658,144.0,2013.0,37.0,invierno,febrero,SO,2.56
2013-02-07,979.9172,976.11,986.2057299467534,2.3652,78.9565,63.82,94.1,8.2489,1.622,0.2,1.80818961,0.6081,2.8381,0.4,3.93327843,1.2099,-0.388,-1.4203,254.7214,144.0,2013.0,38.0,invierno,febrero,O,-0.07
2013-02-08,984.6369,983.06,987.49,1.3454,88.6056,76.0,96.8,4.616,,0.648,10.656,50.07,1.5029,0.52,5.01,36.085,0.0254,-0.2613,275.5529,144.0,2013.0,39.0,verano,septiembre,O,-0.6
2013-02-09,989.9071,987.51,991.33,1.2206,88.9007,82.3,94.8,2.8947,1.0444,0.22,3.28,0.5528,1.6753,0.52,,0.6792,-0.3362,-0.5906,240.3482,144.0,2013.0,40.0,invierno,febrero,SO,1.24
2013-02-10,988.1295,984.12,990.85,2.1246,80.6644,57.44,,11.2741,1.4531,0.29,3.61,0.7381,2.3212,0.72,10.48375019148906,1.1335,-1.256,-0.16,187.2578,144.0,2013.0,41.0,invierno,julio,S,-0.36
2013-02-11,981.308,979.79,983.99,1.0961,75.4719,64.03,90.1,8.4323,2.0654,0.15,3.52317357,1.7864,3.4654,0.36,5.74768175,2.7379,0.4263,1.6572,75.5738,144.0,2013.0,42.0,verano,febrero,E,-1.87
2013-02-12,984.4798,981.49,988.97,2.2463,81.2055,66.66,89.0,7.2889,11.99592,1.944,21.204,140.13,5.0292,0.96,8.89,91.34,2.6536,1.6737,32.241,144.0,2013.0,43.0,verano,diciembre,NE,-1.18
2013-02-13,995.577,989.01,1000.44,3.6232,85.1431,77.8,95.9,4.9959,1.0326,0.28,2.23,,2.0151,0.6,3.81,0.6065,,-0.1169,344.3138,,2013.0,44.0,invierno,febrero,N,1.05
2013-02-14,995.8103,990.13,1000.61,3.4565,83.8931,65.69,96.3,11.3536,1.4392,0.31,3.21,0.7849,2.3356,0.64,5.41,1.1901,-0.8163,0.1115,,144.0,2013.0,45.0,verano,noviembre,S,3.92
2013-02-15,991.2324,,994.29,1.6634,76.635,51.94,92.0,10.3685,1.0977,0.18,1.64041944,0.5912,1.7768,0.44,2.74024611,0.7927,-0.504,-0.1174,193.1092,144.0,2013.0,46.0,invierno,febrero,S,3.29
2013-02-16,995.7242,994.29,996.98,0.7661,92.8042,88.6,96.9,,2.13156,0.5040000000000001,2.9080162800000005,24.88,1.0138,0.19883872,6.725036831186253,17.810000000000002,-0.3789,-0.0536,188.0518,144.0,2013.0,47.0,verano,febrero,S,1.83
2013-02-18,994.6773,991.88,996.74,1.236,84.0181,73.7,93.2,6.0454,4.72716,1.476,12.852,0.5512,1.9223,0.72,4.39,0.6566,0.6497,0.4323,33.6355,144.0,2013.0,49.0,verano,julio,NE,1.04
2013-02-19,988.1114,985.7,991.69,1.8104,88.7965,79.0,95.4,3.9711,6.00516,0.9,19.368,105.11,3.309,0.48,7.85,89.05999999999999,0.4143,-0.6025,304.5096,144.0,2013.0,50.0,verano,octubre,NO,-0.67
2013-02-20,993.9969,990.88,995.77,1.567,83.3046,64.62,89.0,5.321,2.2238,0.57,4.65,0.967,4.2621,1.56,6.97,1.2711,1.8368,0.4561,13.9459,144.0,2013.0,51.0,invierno,febrero,N,-3.15
2013-02-21,,992.96,995.55,0.8542,85.9167,72.2,91.1,5.1796,3.1603,0.94,5.19,0.8314,4.5066,1.96,7.09,1.1188,2.6481,1.5953,31.0662,144.0,2013.0,52.0,invierno,febrero,NE,-4.48
2013-02-22,,986.82,992.91,1.5758,86.9007,70.1,92.3,5.6141,15.79572,8.964,14.808513672000002,90.3,6.3492,3.63,6.021084989999999,67.565,3.4046,2.6368,37.7575,,2013.0,53.0,verano,febrero,NE,-3.0
2013-02-23,984.8315,983.75,986.78,0.7019,91.9347,89.7,97.0,1.7166,14.93784,4.572,23.22,1.3629,5.9751,2.34,9.25,1.8404,3.7201,1.7834,25.6128,144.0,2013.0,54.0,verano,febrero,NE,-0.07
2013-02-24,985.6483,983.67,989.02,,97.5917,92.4,99.5,1.9114,6.494400000000001,1.0080000000000002,13.032,83.31,2.9367,0.74,5.17,50.59,1.5672,0.6693,23.124,144.0,2013.0,55.0,verano,septiembre,NE,0.53
2013-02-25,,988.86,998.91,3.1918,99.5146,98.6,100.0,0.4059,2.6497,0.57,3.01986306,0.9832,3.8749,1.08,4.57950427,1.3418,2.4609,0.9445,20.9965,144.0,2013.0,56.0,invierno,febrero,N,0.57
2013-02-26,1002.1676,999.01,1004.35,1.5311,100.0,100.0,100.0,0.0,3.1219,0.75,3.18763323,1.067,4.5853,1.64,4.52979459,1.4701,,1.4363,27.6226,144.0,2013.0,57.0,invierno,febrero,NE,-0.1
2013-02-27,,1006.5756326706776,1003.46,0.389,97.65350000000001,1.013503651896238,,2.6339,10.54512,4.5,,0.7136,4.1562,1.56,6.77,1.0199,2.3526,1.7163,36.1127,144.0,2013.0,58.0,verano,julio,NE,1.35
2013-02-28,1000.1833,997.27,1003.47,1.8659,98.0271,90.3,,3.5405,,0.26,1.46643556,0.4566,1.675,0.56,1.91382268,0.5376,0.6856,0.1571,12.9096,144.0,2013.0,59.0,invierno,febrero,N,2.62
2013-03-01,996.2422,995.34,998.11,0.7553,86.7035,75.2,98.5,6.2569,3.62232,1.2240000000000002,7.956,0.439,1.9167,0.64,3.76,0.7431,-0.1792,-0.6337,254.2103,144.0,2013.0,60.0,primavera,abril,O,5.31
2013-03-02,996.6143,994.03,998.58,1.6799,80.8058,60.21,95.1,11.9505,5.16168,1.08,12.78,85.22,2.1737,0.68,5.53,55.755,-0.8163,-0.7952,224.251,144.0,2013.0,61.0,primavera,junio,SO,3.37
2013-03-03,995.1033,993.96,997.07,0.8445,79.3916,69.75,96.4,7.6076,1.751,0.28,4.29,0.8641,3.0932,0.74,6.29,1.3283,-0.4803,-1.502,252.2676,144.0,2013.0,62.0,primavera,marzo,O,8.45
2013-03-04,994.9383,991.71,997.11,1.6942,70.0228,44.31,95.1,16.0954,1.9338,0.33,4.08,0.9793,3.0658,0.68,6.37,1.5233,-1.7818,-0.028,180.8999,144.0,2013.0,63.0,primavera,marzo,S,12.53
2013-03-05,986.2384,982.33,991.63,2.9235,60.3568,,88.8,14.1918,1.9736,0.27,2.45441545,0.8343,3.2026,0.68,6.03,1.2458,-1.8015,0.0783,177.5103,144.0,2013.0,64.0,primavera,marzo,S,15.84
2013-03-06,979.069,976.48,982.35,1.9812,69.9244,27.43,92.4,18.3405,4.113,0.8280000000000001,6.733176156,60.440000000000005,2.0038,0.48,2.90801628,44.335,-0.2151,0.2197,134.3922,144.0,2013.0,65.0,primavera,enero,SE,7.71
2013-03-07,976.1608,975.25,977.64,0.7193,84.7785,73.6,93.9,5.5182,1.4653,0.23,3.87,0.8944,2.2169,0.4,4.81,1.1798,0.8843,0.6182,34.9572,144.0,2013.0,66.0,primavera,marzo,NE,5.11
2013-03-08,977.8694,976.87,979.29,0.7269,98.0229,94.1,99.8,1.2963,2.6949,0.83,2.9204437000000003,0.9229,3.8644,1.28,3.92085101,1.2256,1.8123,1.9269,46.7564,144.0,2013.0,67.0,primavera,febrero,NE,2.64
2013-03-09,976.841,974.27,,1.3047,98.7833,95.3,100.0,1.5131,6.7266,1.08,11.916,0.6554,2.5785,0.72,4.53,0.8237,1.1679,1.0242,41.2485,144.0,2013.0,,primavera,febrero,NE,8.0
2013-03-10,972.8478,,976.12,1.3885,95.97710000000001,87.2,100.0,4.3408,2.9023,0.44,6.63,1.6621,4.4883,1.04,10.05,2.2403,1.2513,0.607,25.877,144.0,2013.0,69.0,primavera,marzo,NE,-4.49
2013-03-11,978.5518,976.18,979.65,1.0403,87.8562,83.6,91.4,2.4011,10.91988,5.796,16.38,0.5902,4.5476,2.92,,0.7164,2.562,1.5154,30.6044,144.0,2013.0,70.0,primavera,julio,NE,-4.49
2013-03-12,977.0725,975.58,979.32,1.1878,89.8271,83.6,93.6,2.6873,3.8423,2.73,5.33,0.4971,5.4107,3.61,7.25,0.7665,3.2227,2.0555,32.5302,144.0,2013.0,71.0,primavera,marzo,NE,-3.3
2013-03-13,977.7805,975.59,981.31,1.8323,82.3053,66.3,93.2,8.8687,2.1305,0.16,4.27,1.0107,3.2646,0.36,6.21,1.358,1.6506,0.6567,21.6964,144.0,2013.0,72.0,primavera,octubre,N,0.43
2013-03-14,982.8098,981.27,985.01,1.1243,81.2031,64.02,91.4,8.0797,3.86712,0.756,9.28328274,0.7606,1.9488,0.62,3.92085101,1.1386,0.195,0.1421,36.0806,144.0,2013.0,73.0,primavera,diciembre,NE,-0.75
2013-03-15,988.1544,984.87,991.01,1.9639,69.3139,48.96999999999999,88.9,14.6403,1.4063,0.43,2.72,0.4859,2.5029,0.76,6.648891000441587,0.8345,-0.092,-1.0329,264.9114,144.0,2013.0,74.0,primavera,marzo,O,5.28
2013-03-16,988.9678,985.32,991.04,2.0442,65.6597,43.65,89.9,16.8045,2.6033,0.77,3.31812114,1.2286,4.0907,1.48,4.93989945,1.8246,-2.5268,0.12,,144.0,2013.0,75.0,verano,marzo,S,5.22
2013-03-17,979.1889,973.66,985.29,3.5476,48.7072,36.89,58.33,6.8643,3.4033,1.54,3.76550826,0.9668,5.6191,2.86,5.79739143,1.3967,-3.0959,1.0553,161.1772,144.0,2013.0,76.0,primavera,octubre,S,2.73
2013-03-18,969.7787,966.82,973.74,2.2809,84.5631,58.32,98.0,12.2917,2.4483,0.4,4.45,0.9099,3.8363,0.96,7.65,1.373,-0.881,0.6398,144.0118,144.0,2013.0,77.0,primavera,marzo,SE,2.0
2013-03-19,970.9612,966.89,975.61,2.7075,92.2375,85.5,96.8,2.5063,0.8844,0.27,1.3794436200000002,0.406,1.7642,0.64,2.49169771,0.7408,0.2584,-0.2102,320.8699,144.0,2013.0,78.0,primavera,marzo,NO,1.9
2013-03-20,977.8708,975.5,980.86,1.2668,92.1965,82.4,99.2,5.3908,2.3562,0.19,4.94,1.1579,3.2126,0.44,6.29,1.4249,1.8346,1.079,30.4623,144.0,2013.0,79.0,primavera,marzo,NE,2.03
2013-03-21,988.9167,980.88,992.81,3.4498,84.2042,64.16,99.2,10.5012,5.06628,1.0080000000000002,10.62,,2.7198,0.56,4.53,0.9093,0.5977,-0.552,317.2787,144.0,2013.0,80.0,primavera,noviembre,NO,-1.65
2013-03-22,993.3799,992.74,994.0,0.3602,84.8271,72.1,96.5,6.5384,3.0324,0.36,5.77,1.2889,4.519,0.72,8.21,1.7694,2.0745,2.0596,44.7935,144.0,2013.0,81.0,primavera,noviembre,NE,-3.14
2013-03-24,992.7822,990.77,995.04,1.3688,51.5878,35.88,64.66,9.9886,5.9042,2.85,8.88,1.3009,8.9267,5.09,13.36,2.0352,3.5556,4.661,52.6623,144.0,2013.0,83.0,primavera,noviembre,NE,-0.68
2013-03-25,989.2242,987.74,993.934442523818,1.0209,60.5381,46.46,73.4,8.6407,5.8092,3.83,8.76,1.1086,9.0816,6.53,13.5,1.5829,3.2997,4.7139,55.0085,144.0,2013.0,84.0,primavera,septiembre,NE,0.59
2013-03-26,986.6772,985.73,991.8855003441162,0.5205,56.373,40.39,72.5,11.2818,4.4269,2.04,2.94595764686083,1.1496,7.0188,3.36,7.40674232,1.96,2.6967,3.374,51.3665,144.0,2013.0,85.0,primavera,marzo,NE,0.21
2013-03-27,985.6493,984.79,986.78,0.4805,65.2878,49.63,86.8,10.0551,3.761,1.69,4.349597,1.1336,5.7852,2.48,5.97137531,1.7284,2.1948,2.8988,52.8693,144.0,2013.0,86.0,primavera,marzo,NE,3.31
2013-03-28,982.8083,979.69,985.18,1.5781,74.2431,51.59,89.4,12.8353,2.3099,0.73,2.87694773,0.806,3.5125,1.06,,1.2166,0.9977,1.5354,56.9852,144.0,2013.0,87.0,primavera,noviembre,NE,3.76
2013-03-29,979.2018,977.01,980.4,0.9887,79.2977,54.13,96.1,13.5095,6.20424,1.26,13.14,0.7859,3.3247,0.56,6.89,1.6999,0.5257,-0.9763,298.2996,144.0,2013.0,88.0,primavera,noviembre,NO,2.21
2013-03-30,980.1423,979.34,982.14,0.8115,80.1094,54.31,95.9,12.7704,1.9221,0.16,4.93,1.1829,2.857,0.36,6.85,1.6609,1.2923,0.8436,33.1351,144.0,2013.0,89.0,primavera,marzo,NE,0.78
2013-03-31,983.1923,981.91,984.7,0.8447,84.6609,66.02,92.7,6.5397,1.6538,0.15,4.01,1.0796,2.8297,0.32,6.69,1.6915,1.2598,0.221,9.948,144.0,2013.0,90.0,primavera,marzo,N,2.21
2013-04-01,984.1824,983.45,985.15,0.4899,70.982,42.27,91.8,15.5803,2.0926,0.37,3.19384694,1.0838,3.5687,0.84,4.60435911,1.6384,1.2638,0.8044,32.4761,144.0,2013.0,91.0,primavera,abril,NE,1.47
2013-04-02,986.1018,984.47,988.78,1.2602,69.8822,61.68,78.1,4.499,14.38812,1.836,25.056,152.75,6.166,,11.46,119.185,2.6425,2.8866,47.5278,144.0,2013.0,92.0,primavera,noviembre,NE,0.21
2013-04-03,989.476,988.51,990.23,0.3996,76.7309,65.89,84.4,4.1092,3.8017,2.16,5.96,0.8703,5.7562,3.04,8.75,1.2608,2.5409,2.7173,46.9213,144.0,2013.0,93.0,primavera,mayo,NE,1.22
2013-04-04,986.4375,984.35,988.5,1.0519,80.4292,74.5,84.8,2.8309,9.65124,3.672,16.164,0.739,3.9799,1.4,6.97,1.0263,1.7854,1.9115,46.9531,144.0,2013.0,94.0,primavera,septiembre,NE,1.31
2013-04-05,983.4072,982.07,986.3,1.3255,85.3479,81.4,89.1,2.2785,3.2069,0.35,5.71,1.3648,4.5171,0.92,7.73,1.6968,2.6606,1.6039,31.0825,144.0,2013.0,95.0,primavera,abril,NE,1.27
2013-04-06,990.6703,986.34,994.72,2.6834,91.2139,78.9,97.8,5.4689,,0.32,2.43577432,1.0568,2.7599,0.56,3.70958487,1.5479,1.2521,0.3779,16.7944,144.0,2013.0,96.0,primavera,agosto,N,6.92
2013-04-07,993.4301,989.83,995.52,1.8017,69.9274,40.06,94.4,19.8,1.5124,0.22,4.03,0.9539,2.5658,0.48,6.83,1.5273,0.2044,,58.4393,144.0,2013.0,97.0,otoño,abril,NE,7.87
2013-04-08,983.0177,,989.74,3.5271,61.8693,37.6,88.4,17.6937,2.044,0.27,6.15,1.6581,3.3497,0.52,8.65,2.4768,0.472,1.1568,67.806,,2013.0,98.0,primavera,abril,E,10.63
2013-04-09,977.0731,975.38,978.52,0.8572,67.665,49.24,,13.0799,1.9692,0.18,5.5,1.2171,3.1593,0.44,7.13,1.8177,-1.7429,0.0762,177.4975,144.0,2013.0,99.0,primavera,octubre,S,11.19
2013-04-10,979.0888,976.49,982.24,1.792,83.761,64.4,98.2,11.0456,2.6198,0.16,7.49,1.8463,4.0078,0.3,15.45828796899172,2.6767,-2.1069,-1.3324,212.3091,144.0,2013.0,100.0,primavera,abril,SO,16.13
2013-04-11,976.4721,973.26,982.14,2.7669,76.6099,57.97,92.9,10.1306,13.68216,1.2240000000000002,33.264,220.6,5.5003,0.72,14.51,164.365,-3.4081,-1.4602,203.1922,144.0,,101.0,otoño,mayo,SO,13.41
2013-04-12,976.7347,972.04,981.13,3.079,79.5043,55.49000000000001,97.9,14.0915,2.9047,0.1,8.37,1.5749,4.7293,0.2,11.37,,-1.9841,-1.803,222.262,144.0,2013.0,102.0,otoño,marzo,SO,14.42
2013-04-15,993.7347,990.95,997.12,2.1267,57.286,36.54,88.9,17.143,2.4719,0.31,5.92,1.3581,3.9917,0.84,8.49,2.0166,-2.1582,-0.1676,184.4405,144.0,2013.0,105.0,primavera,abril,S,20.64
2013-04-16,992.546,991.56,994.23,0.6613,68.8847,50.05,,11.8193,4.4352,0.684,7.113455208,67.58999999999999,2.1286,0.4,3.3554034,53.18000000000001,-0.2644,-0.0518,191.0743,144.0,2013.0,106.0,primavera,noviembre,S,21.59
2013-04-17,994.6549,991.68,997.03,1.556,62.5747,43.59,91.1157523042939,14.603,6.43968,0.684,16.344,102.14,2.9644,0.56,6.6,76.835,-1.3189,,202.9403,144.0,2013.0,107.0,primavera,junio,SO,25.32
2013-04-18,988.8101,986.83,992.35,1.6466,57.4956,38.65999999999999,86.4,15.8132,2.954,0.33,5.08902849,1.7782,5.149,0.76,7.36324635,2.6359,-1.7034,-1.6295,223.7298,,2013.0,108.0,primavera,abril,SO,14.96
2013-04-19,994.8643,992.38,999.11,1.7727,48.0761,36.11,,6.8641,5.3514,,14.76,0.7645,2.93,0.72,8.77,1.5396,0.184,-0.6767,285.2082,144.0,2013.0,109.0,primavera,diciembre,O,10.46
2013-04-20,1000.4455,998.46,1002.49,1.1632,60.7481,45.71,82.0,10.9518,17.659080000000003,7.38,23.544,77.24,7.145,3.72,9.41,54.325,4.1573,2.5121,31.1426,144.0,2013.0,110.0,primavera,enero,NE,61.412
2013-04-21,992.1833,987.77,998.32,3.5487,63.0029,53.26,81.9,7.0286,2.4063,0.23,4.83,1.0834,3.7688,0.48,7.69,1.6292,1.8924,1.2299,33.02,144.0,2013.0,111.0,otoño,septiembre,NE,14.2
2013-04-22,989.067,987.32,994.472901176255,1.1099,73.145899999999,58.72999999999999,87.6,10.1121,1.0701,0.19,1.65284686,0.5937,2.1318,0.4,5.0,1.2098,-0.2311,-0.5788,248.2352,144.0,2013.0,112.0,primavera,abril,O,18.1
2013-04-23,993.0088,990.72,997.45,1.7963,60.3435,34.9,90.5,20.3714,,0.38,,1.7908,4.4106,0.84,6.816439870000001,2.9112,-1.6142,-1.6343,225.3538,144.0,2013.0,113.0,primavera,junio,SO,21.42
2013-04-24,998.0351,996.23,999.71,1.0389,59.46130000000001,40.97999999999999,78.9,,6.69312,0.936,9.84251664,0.9283,3.1249,0.68,4.44901636,1.5821,-1.0808,-0.8271,217.4282,144.0,2013.0,114.0,primavera,junio,SO,23.28
2013-04-25,996.0353,991.3,998.72,2.418,61.2797,40.72,85.5,15.0885,4.417560000000001,0.432,9.954363420000002,0.7428,2.2796,0.24,3.6039518,1.3344,-0.1851,0.1278,145.3837,144.0,2013.0,115.0,primavera,octubre,SE,23.99
2013-04-26,982.9726,977.24,991.22,4.6166,69.0926,34.599999999999994,96.9,20.7047,2.2498,0.57,9.33,1.9471,3.9082,1.32,12.33,2.7636,-1.5408,-1.0209,213.5287,144.0,2013.0,116.0,primavera,abril,SO,10.72
2013-04-27,981.1566,977.69,984.56,1.9183,94.0264,89.6,96.8,1.5649,3.3847,0.74,3.52938728,1.3053,5.283,1.48,5.12631075,1.6309,2.6779,0.9941,20.3663,144.0,2013.0,117.0,primavera,abril,N,9.44
2013-04-28,988.6949,984.49,990.72,1.8383,80.7346,65.81,96.2,10.7924,1.8469,0.31,5.83,0.9697,3.0194,0.8,8.57,1.4262,0.6734,0.5898,41.2137,144.0,2013.0,118.0,primavera,abril,NE,14.45
2013-04-29,990.3533,988.42,993.76,1.6517,71.8996,45.22,93.1,15.7181,8.222760000000001,0.936,26.532,152.83,3.5678,0.52,10.65,115.575,-1.5775,-1.306,219.6206,144.0,2013.0,,primavera,septiembre,SO,10.31
2013-04-30,995.2635,993.74,997.32,0.9045,77.9273,61.7,91.9,10.5382,2.2277,0.17,3.6660889,1.6772,3.3094,0.3,5.35000431,2.2234,1.7129,0.8698,26.9207,144.0,2013.0,120.0,primavera,abril,NE,12.3
2013-05-03,990.5719,989.29,992.05,0.7078,73.8328,58.68,96.2,11.5355,2.8803,0.16,5.57,,4.3203,0.48,7.41,1.8282,1.9069,1.6455,40.7929,144.0,2013.0,123.0,primavera,mayo,NE,14.84
2013-05-04,991.2003,989.49,994.28,1.1649,83.8608,66.87,94.7,8.5026,3.50388,0.5040000000000001,6.173942255999999,0.5841,1.6289,0.3,2.485484,0.8367,-0.6985,-0.1278,190.368,144.0,2013.0,124.0,primavera,septiembre,S,20.9
2013-05-05,996.089,994.27,997.35,0.8832,69.1476,40.29999999999999,98.5,20.8144,5.14332,0.313170984,21.639312369053957,102.48,2.4375,0.36,,79.595,0.2414,0.7729,72.6519,144.0,2013.0,125.0,primavera,agosto,E,20.64
2013-05-06,993.1655,990.46,,2.1479,71.5334,49.09,92.4,14.0319,2.7676,0.18,6.05,1.9232,4.2682,,8.61,2.7773,1.3758,2.0593,56.2536,144.0,2013.0,126.0,otoño,noviembre,NE,16.5
2013-05-07,988.7423,987.28,990.48,0.8894,93.71390000000001,85.0,98.6,3.5552,1.8308,0.27,3.84,0.8076,2.6885,0.58,5.02,1.0639,1.0518,0.664,32.2639,,2013.0,127.0,primavera,mayo,NE,22.71
2013-05-08,986.9779,985.18,988.37,1.0169,73.277,46.03,99.9,21.6712,7.47648,1.404,11.40837156,1.0699,3.2284,1.04,5.39971399,1.6672,-1.6833,-0.5545,,144.0,2013.0,128.0,primavera,septiembre,S,21.67
2013-05-09,986.7519,985.63,988.41,0.7092,,47.66,96.2,15.392,2.0755,0.24,7.39,1.7937,3.3536,0.6,10.15,2.5525,,,203.9974,144.0,2013.0,129.0,primavera,mayo,SO,18.64
2013-05-10,987.1115,985.2,990.35,1.4792,69.4562,42.64,98.4,21.4113,1.6665,0.2,2.72781869,0.8458,3.0767,0.52,4.87776235,1.7044,-0.4439,-1.2798,250.8702,144.0,2013.0,130.0,otoño,mayo,O,15.06
2013-05-11,988.4913,986.57,990.34,1.1507,76.4049,65.51,88.9,5.5207,,0.18,3.61,0.8012,2.2097,0.42,7.36,1.3313,-0.6391,-0.2528,201.584,144.0,2013.0,131.0,primavera,mayo,S,13.73
2013-05-12,987.5551,985.26,991.29,1.7377,77.0045,56.12,97.0,13.0396,7.68348,1.908,26.46,121.18,3.7929,1.08,10.25,100.05,-1.0116,-1.3052,232.2237,144.0,2013.0,132.0,primavera,febrero,SO,12.89
2013-05-13,988.8235,986.47,991.22,1.5593,79.1096,,95.2,7.6438,3.2163,0.51,7.61,1.847,4.8653,0.96,11.33,2.6279,-2.8371,-1.281,204.2992,144.0,2013.0,,primavera,octubre,SO,17.53
2013-05-14,984.2355,980.87,986.73,1.6835,64.9719,44.85,90.6,14.9908,10.77948,1.0080000000000002,24.336,1.7511,4.6303,0.56,9.99,2.7432,-2.5426,-1.2404,206.0054,144.0,2013.0,134.0,primavera,octubre,SO,25.82
2013-05-15,976.4253,973.31,980.78,2.17,61.00829999999999,27.58,95.2,21.076,9.08712,0.756,26.82,1.8659,4.2329,0.52,10.85,2.9818,-2.0159,0.269,172.4,144.0,2013.0,135.0,primavera,septiembre,S,23.06
2013-05-16,,969.11,977.64,2.6627,73.9103,43.82,97.5,17.268,2.2183,0.22,8.183233449834963,1.3104,3.5462,0.46,7.77,2.0276,0.5172,1.1405,65.6068,143.0,2013.0,136.0,primavera,marzo,NE,23.05
2013-05-17,971.9419,970.5,975.52,1.1598,72.2067,54.67999999999999,95.6,13.7059,7.6752,0.756,21.564,1.5339,3.4303,0.4,10.36568104818778,2.1852,0.728,0.6259,40.6851,144.0,,137.0,primavera,julio,NE,17.74
2013-05-18,981.0316,975.43,984.4,2.8593,81.9358,54.57,95.6,14.1592,7.298640000000001,0.5040000000000001,24.24995847819348,1.2313,3.3732,0.44,7.55,1.7274,-0.8679,,233.3108,144.0,2013.0,138.0,primavera,mayo,SO,21.46
2013-05-19,981.2558,,,2.1635,83.7879,60.57,98.0,13.0743,2.8697,0.21,6.81,1.7439,4.4938,0.46,9.97,2.476,1.4475,0.7956,28.7949,144.0,2013.0,139.0,primavera,mayo,NE,16.52
2013-05-20,983.1692,980.15,985.68,1.5136,71.4604,51.53,94.8,13.1551,4.5397,,9.62,1.7915,6.8238,2.52,13.29,2.6238,-3.7948,-2.356,211.8339,144.0,2013.0,140.0,primavera,febrero,SO,16.27
2013-05-21,983.8244,981.22,985.73,1.4434,68.9828,52.24,83.3,8.4651,8.776440000000001,0.7200000000000001,20.808,143.85,3.7349,0.44,9.05,106.84,-1.8188,-1.3234,216.04,144.0,2013.0,141.0,primavera,julio,SO,10.9
2013-05-22,981.1996,978.13,988.2902607981408,2.1719,83.8208,,92.6,6.2439,6.5509200000000005,1.332,12.924,0.7263,3.5926,0.88,7.89,1.6419,-0.5153,-1.5104,251.1613,144.0,2013.0,142.0,primavera,diciembre,O,12.49
2013-05-23,981.3721,978.51,984.8,2.06,67.3294,51.55,88.7,12.5567,1.7433,0.39,3.53,0.7151,3.0418,0.68,6.25,1.1345,-1.0449,-0.4811,204.722,144.0,2013.0,143.0,primavera,mayo,SO,9.42
2013-05-24,984.1578,981.29,985.93,1.422,77.8894,65.39,91.2,8.6998,1.4266,0.29,4.2,0.7566,2.6753,,6.09,1.1347,0.5305,-0.2096,338.4437,144.0,2013.0,144.0,primavera,mayo,N,13.25
2013-05-25,984.1294,982.83,985.8,0.7683,78.3692,57.75,93.0,12.0447,4.9903200000000005,1.0080000000000002,11.196,,2.8234,0.56,10.860609645974275,63.9,-0.278,-0.8799,252.4668,144.0,2013.0,145.0,primavera,junio,O,9.75
2013-05-26,978.454,976.58,982.98,1.7472,93.3153,91.2,,0.8666,3.0104,1.05,2.93287112,0.8678,5.4906,2.28,5.07660107,1.3154,-1.0036,-2.7769,250.1299,144.0,2013.0,146.0,primavera,febrero,O,11.32
2013-05-27,981.0292,977.3,983.45,2.3509,90.1076,79.7,94.9,4.2039,2.4344,0.23,3.02607677,1.4348,4.1364,0.58,8.83,2.1544,-0.5832,-2.2811,255.6579,144.0,2013.0,147.0,primavera,octubre,O,19.72
2013-05-28,978.238,973.52,987.6092091425425,3.2012,71.3931,42.21,96.8,19.0213,4.95036,0.5760000000000001,8.522724636000001,78.47,2.5461,0.44,3.9146373,67.145,0.324,-0.1555,334.3699,144.0,2013.0,148.0,primavera,enero,NO,15.12
2013-05-29,974.2597,972.07,979.05,2.1663,84.4688,70.0,96.9,8.9043,7.09668,0.9,18.792,1.2934,3.1729,0.6,7.21,1.8561,-1.5221,-0.6732,203.8588,144.0,2013.0,149.0,primavera,abril,SO,12.21
2013-05-30,978.9253,973.37,980.97,,86.3861,75.6,96.9,6.1054,2.3087,0.45,6.33,1.5171,,1.16,8.89,2.1121,-0.6784,-1.9873,251.1528,144.0,2013.0,150.0,primavera,septiembre,O,15.18
2013-05-31,974.7229,971.64,979.87,2.4341,96.64580000000001,93.0,,1.2251,8.967600000000001,2.196,25.128000000000004,151.8,4.5362,1.4,9.49,101.94,1.3003,0.4444,18.8666,144.0,2013.0,151.0,primavera,enero,N,14.61
2013-06-01,982.3671,979.85,985.77,1.8408,95.1597,89.6,100.0,3.5764,9.04788,0.972,18.936,157.18,4.2632,0.64,8.73,115.595,-0.8883,-2.0172,246.2324,144.0,2013.0,152.0,invierno,septiembre,SO,11.01
2013-06-02,990.571,985.69,995.85,3.1341,88.8035,76.7,94.2,5.2895,8.51652,2.52,18.0,114.49,4.7489,1.36,9.25,85.385,-0.5055,-2.1157,256.5612,144.0,2013.0,153.0,invierno,marzo,O,14.51
2013-06-03,996.0268,,996.81,0.518,75.7544,61.07,91.5,10.7892,2.043,0.73,4.84,0.918,3.6439,1.64,6.89,1.1757,-0.0701,-1.2388,266.7605,144.0,2013.0,154.0,otoño,junio,O,17.82
2013-06-04,994.032,992.35,996.13,1.1295,76.7719,61.45,91.3,7.37,6.886080000000001,1.116,,117.9,3.3588,0.72,7.24,89.37,0.9369,0.4828,27.2627,144.0,2013.0,155.0,verano,marzo,NE,19.26
2013-06-05,993.7649,992.87,994.62,0.5148,56.0831,37.66,81.9,16.2919,2.3602,0.12,3.2311292000000003,1.2976,3.7887,0.24,4.87776235,2.1073,1.2769,1.7928,54.5403,144.0,2013.0,156.0,verano,junio,NE,21.09
2013-06-06,994.4862,993.58,995.25,0.4856,68.5945,55.49,90.9,11.9394,2.0195,0.16,5.08,1.5591,3.2154,0.32,7.53,2.3925,1.155,1.1263,44.28,144.0,2013.0,157.0,otoño,junio,NE,22.79
2013-06-07,993.8228,992.3,995.03,0.9664,72.3928,54.71,,,2.124,0.16,5.58,1.5739,3.2619,0.42,7.97,2.2734,1.1914,1.1379,43.6834,144.0,2013.0,158.0,verano,junio,NE,23.46
2013-06-08,989.8455,986.9,992.86,2.0727,72.0021,51.55,88.9,12.2468,1.8067,0.15,3.86492762,1.4223,2.9258,0.32,5.69797207,2.0853,0.8632,1.0344,50.154,144.0,2013.0,159.0,verano,diciembre,NE,19.15
2013-06-09,983.9046,982.09,986.79,1.3575,87.1021,72.7,95.8,6.2299,1.8832,0.28,4.93,1.2054,2.918,0.48,6.93,1.63,0.9179,0.2215,13.57,144.0,2013.0,160.0,otoño,junio,N,16.62
2013-06-10,983.9924,981.46,987.65,1.7808,91.8229,78.9,97.3,5.4971,,1.044,16.524,1.1027,2.5542,0.66,7.21,1.5623,0.4837,0.156,17.8727,144.0,2013.0,161.0,invierno,diciembre,N,21.32
2013-06-11,989.6989,987.65,994.2722832398912,1.1399,,45.3,100.0,20.7223,4.03272,0.792,9.324,0.4764,2.006,0.52,4.64,0.9197,0.0469,-0.3103,278.5896,144.0,2013.0,,invierno,septiembre,O,23.9
2013-06-12,992.4978,991.57,993.38,0.5354,65.6624,39.61,92.6,18.5327,1.6375,0.21,2.46684287,0.9228,2.706,0.44,4.07619376,1.5005,-1.1969,-0.4924,202.361,144.0,,163.0,verano,junio,S,27.26
2013-06-13,989.0174,984.72,992.28,2.5565,67.8053,46.39,92.5,14.146,2.7565,0.23,7.26,1.8608,4.3384,0.6,10.09,2.7756,-2.2089,-1.107,206.6176,144.0,2013.0,164.0,verano,junio,SO,19.05
2013-06-14,992.7849,989.16,994.45,1.2721,70.1682,48.16,95.2,16.1132,1.6145,0.18,4.51,1.0008,3.0935,0.36,7.13,1.7058,-0.312,-0.9919,252.5379,144.0,2013.0,165.0,verano,junio,O,22.48
2013-06-15,988.3688,986.38,995.0490762257664,1.791,68.0314,48.3,97.1,17.6318,8.97264,0.6120000000000001,23.652,161.82000000000002,4.0392,0.36,9.97,128.995,-1.9671,-1.0138,207.2659,144.0,2013.0,166.0,verano,mayo,SO,22.18
2013-06-16,989.982,988.93,991.06,0.5614,61.8265,40.33,79.5,10.842,1.8254,0.33,4.96,,3.2318,0.64,7.36,1.5688,-0.4392,-0.7948,,144.0,2013.0,167.0,verano,junio,SO,25.62
2013-06-17,989.5557,,991.4,1.4027,67.5617,50.91,91.8,13.5689,2.1944,0.15,5.23,1.6122,3.3436,0.28,7.4,2.3042,1.268,1.4841,49.4911,144.0,2013.0,168.0,otoño,junio,NE,29.9
2013-06-18,989.1738,987.61,991.13,0.9729,72.7821,56.46,91.8,11.6119,1.5019,0.2,4.02,1.0464,2.4531,0.44,5.96,1.6037,0.8291,0.7992,43.9499,144.0,2013.0,169.0,verano,junio,NE,34.36
2013-06-19,987.2912,984.08,990.77,2.3779,69.0692,37.29,,21.651,1.7443,0.13,4.82,1.2864,2.9212,0.32,8.61,2.0815,-0.1626,1.1049,98.373,144.0,,170.0,otoño,junio,E,31.0
2013-06-20,984.8119,982.49,987.07,1.2443,78.1829,,94.8,10.0495,2.3381,0.2,5.98,1.162,4.1062,0.48,11.01,1.838,0.1412,0.3089,65.431,144.0,2013.0,171.0,verano,junio,NE,23.54
2013-06-21,987.1413,982.63,990.57,1.7289,68.7328,47.58,95.0,15.5196,14.99256,1.692,33.552,209.87,6.3369,0.96,12.07,154.605,-3.316,-2.2835,214.5521,144.0,2013.0,172.0,invierno,marzo,SO,23.26
2013-06-22,989.1238,986.66,990.98,1.4986,64.34,48.19,91.0,13.5305,10.91592,1.62,24.948,1.6128,4.573,0.88,10.47,2.4752,-2.4235,-1.4636,211.1281,144.0,2013.0,173.0,invierno,octubre,SO,21.55
2013-06-23,986.8317,,989.32,0.9892,64.1747,43.26,87.4,14.0517,10.01412,0.864,,2.0677,4.5203,0.52,8.50656899,3.1845,-1.9267,-1.6498,220.5734,144.0,2013.0,174.0,invierno,septiembre,SO,20.13
2013-06-24,991.5472,989.34,994.1,1.2834,69.0266,50.57,82.7,8.2932,1.7959,0.47,4.41,0.7306,3.1252,1.06,7.83,1.2598,-0.5643,-1.4431,248.6419,144.0,2013.0,175.0,verano,junio,O,14.22
2013-06-25,995.518,994.0,997.39,1.1213,83.9347,73.7,95.32393560768328,4.5609,2.0851,0.75,3.68,0.7053,3.6862,1.6,5.77,0.7922,-0.3365,-1.8744,259.8228,144.0,2013.0,176.0,verano,enero,O,14.5
2013-06-26,998.0426,996.86,998.96,0.6869,71.2208,54.38,87.26912059120178,9.3871,9.30816,4.716,16.092,62.33,4.7468,2.24,8.09,55.685,-0.504,-2.5102,258.6472,144.0,2013.0,177.0,invierno,diciembre,O,16.77
2013-06-27,995.9938,994.46,998.27,1.0138,77.2603,59.13,95.5,9.3664,1.4728,0.27,4.14,0.7176,2.477,0.56,7.33,1.1789,-0.8818,-0.3956,204.1601,144.0,2013.0,178.0,invierno,junio,SO,18.88
2013-06-29,990.7155,988.56,995.7,2.0658,81.332,68.95,93.2,5.8354,9.518400000000002,3.24,21.24,,4.0285,1.64,7.97,72.595,-1.9859,-1.1422,209.9058,144.0,2013.0,180.0,invierno,octubre,SO,17.72
2013-06-30,995.4551,993.51,996.98,1.1476,66.6717,50.6,93.1875820740002,11.3112,1.7252,0.22,3.65,0.8997,3.2263,0.48,8.17,1.7047,-0.5023,-1.4917,251.3896,144.0,2013.0,181.0,verano,junio,O,24.65
2013-07-01,990.7959,988.73,,1.4163,60.07979999999999,41.959999999999994,81.7,12.6309,2.761,0.57,6.94,1.3114,4.4917,1.08,10.33,2.1381,-2.0967,-1.4003,213.7375,144.0,2013.0,182.0,verano,julio,SO,25.57
2013-07-02,988.3558,986.84,989.59,0.9544,,35.64,82.8,13.1042,4.5151200000000005,0.648,10.764,55.73,2.4087,0.44,5.52,56.915000000000006,0.2925,-0.3857,307.1724,144.0,2013.0,183.0,invierno,junio,NO,23.18
2013-07-03,985.0643,983.47,988.61,1.537,72.9647,57.4,89.1,10.5113,2.6879,0.26,4.2253228,1.7596,4.1952,0.48,6.59274631,2.6444,-2.4158,-0.6334,194.6926,144.0,2013.0,184.0,verano,julio,S,23.59
2013-07-04,993.2628,988.66,997.66,2.4734,76.2403,57.85,95.49693019044778,9.6361,1.46,0.27,2.5476211,0.6932,2.6731,0.3728226,9.476722815177618,,-0.116,-0.9735,263.2051,144.0,2013.0,185.0,verano,julio,O,23.49
2013-07-05,1000.2662,,1002.93,1.4293,,98.33849960572869,57.66,12.8981,1.0931,,3.28,0.6535,2.1546,0.44,5.76,1.3083,0.4263,-0.1211,344.1437,144.0,2013.0,186.0,verano,julio,N,23.99
2013-07-06,1002.9232,1001.55,1003.76,0.6711,71.9734,51.46,94.68232848716826,13.8491,2.2593,0.18,5.2,,3.5274,0.46,7.32,2.1866,1.7058,1.2228,35.6349,144.0,2013.0,187.0,verano,octubre,NE,24.07
2013-07-07,1003.3823,1002.27,1004.3,0.5581,63.7718,,90.3,16.7876,2.3483,0.11,3.29948001,,3.6864,0.24,4.97718171,2.6251,1.7292,1.2658,36.2043,144.0,2013.0,188.0,verano,julio,NE,24.72
2013-07-08,1002.7584,1000.77,1004.1,1.1792,62.9924,39.6,91.1,16.4656,2.0717,0.18,4.82,1.5687,3.4097,0.36,7.67,2.4961,1.2052,1.2606,46.2856,144.0,2013.0,,verano,julio,NE,26.2
2013-07-09,997.598,994.15,1001.31,2.5564,64.2722,45.61,90.50722976427711,13.7504,,0.16,5.04,1.4479,3.143,0.34,8.09,2.2149,1.2753,0.8514,33.7284,144.0,2013.0,190.0,invierno,diciembre,NE,24.85
2013-07-10,991.7049,989.79,994.14,1.2987,67.6969,46.53,89.9,12.4336,1.5795,,6.18,1.0649,3.109,0.52,10.45,1.8506,0.5682,-0.18,342.422,144.0,2013.0,191.0,verano,julio,N,19.87
2013-07-11,992.4516,991.73,993.54,0.4726,67.1789,50.2,81.1,9.6679,6.54012,1.872,16.56,0.9196,3.519,1.12,9.41,1.5799,0.3387,-0.6158,298.8113,144.0,,192.0,invierno,noviembre,NO,22.46
2013-07-12,993.9635,993.23,994.67,,64.653,,86.5,15.027,1.7905,0.18,2.82102434,1.0486,3.1824,0.56,6.07079467,1.7051,1.0469,0.3068,16.3316,144.0,2013.0,193.0,verano,octubre,N,23.45
2013-07-13,994.4329,993.41,995.54,0.5012,66.2965,44.65,,,1.6561,0.35,2.93287112,0.9909,2.8597,0.72,4.001629240000001,1.5244,0.8318,0.4638,29.1462,144.0,2013.0,194.0,verano,julio,NE,24.13
2013-07-14,994.7692,993.45,997.0519625592924,0.7423,69.9303,48.79,89.8,13.0865,1.5653,0.15,,0.903,2.9741,0.32,7.16,1.5115,0.5848,-0.2464,337.1509,144.0,2013.0,195.0,verano,julio,NO,24.11
2013-07-15,995.5109,,996.72,0.5115,65.5034,40.55,90.9,17.6344,1.5792,0.22,3.62,0.7392,2.8853,0.52,,1.3611,1.0057,0.2606,14.5278,144.0,2013.0,196.0,invierno,enero,N,25.87
2013-07-16,996.4238,994.95,999.9049022943552,0.8905,59.13,39.01,88.9,17.4042,1.4754,0.24,4.21,0.8707,2.5568,0.48,6.2,1.4133,0.4585,0.6295,53.9338,144.0,2013.0,197.0,verano,mayo,NE,25.69
2013-07-17,996.3102,995.47,997.04,0.464,61.8807,42.09,90.53997711013876,15.0929,6.7194,0.54,10.916245728,1.4586,3.091,0.36,4.4738712000000005,2.2772,1.1712,0.9634,39.4392,144.0,2013.0,198.0,invierno,abril,NE,26.23
2013-07-18,996.517,995.14,,0.8051,63.9462,46.04,87.6,12.5045,7.10424,,19.008000000000003,,3.2581,0.4,7.93,2.3455,1.379,1.0504,37.2955,144.0,2013.0,199.0,invierno,junio,NE,27.63
2013-07-19,994.735,992.12,996.35,1.3955,61.8639,43.42,84.0,12.8994,1.6057,0.13,5.69,1.2643,3.0101,0.32,8.45,2.1495,1.1714,0.4986,23.0563,144.0,2013.0,200.0,invierno,julio,NE,24.71
2013-07-20,994.6262,993.72,995.77,0.5779,70.4701,49.63,87.3,12.0955,1.5371,0.16,4.57,1.0064,2.5982,0.44,7.845059573436547,1.5325,0.9526,0.7874,39.5754,,2013.0,201.0,verano,febrero,NE,28.15
2013-07-21,994.7117,993.05,996.25,1.1377,59.0431,35.97999999999999,91.8,19.2306,5.867999999999999,0.432,16.92,1.2222,2.7556,0.28,7.24,1.9725,0.4778,1.0506,65.544,,2013.0,202.0,invierno,junio,NE,30.78
2013-07-22,991.0419,988.5,993.55,1.7622,,32.21,84.0,17.6612,1.7049,0.16,3.4610364700000003,1.2375,2.9161,0.44,,1.9812,0.8165,0.7458,42.4089,144.0,,203.0,verano,julio,NE,30.85
2013-07-23,987.7647,986.18,989.12,0.9462,49.4199,31.38,79.3,16.3135,4.678920000000001,0.648,14.328,0.8507,2.3044,0.44,6.04,1.4461,0.2688,0.5917,65.5693,144.0,2013.0,204.0,invierno,septiembre,NE,30.84
2013-07-24,987.7667,985.79,989.86,1.0045,,34.23,96.1,20.9939,1.7646,0.13,5.76,1.4557,2.8931,0.28,10.53,2.1922,-0.597,-0.0714,186.8239,144.0,2013.0,205.0,verano,julio,S,28.16
2013-07-25,989.7755,988.42,990.91,0.6701,76.1543,48.12,98.8,18.3729,4.1706,,9.216,0.5883,1.9817,0.32,4.46,,-0.3477,0.0186,176.9312,144.0,2013.0,206.0,invierno,febrero,S,31.43
2013-07-26,988.4276,986.37,989.95,1.2039,66.3087,38.09,94.6,20.8323,4.9518,0.864,6.912131004,0.7091,2.4943,,4.2253228,1.3865,-0.2519,0.0954,159.2604,144.0,2013.0,207.0,invierno,junio,S,35.48
2013-07-27,983.9933,980.93,987.43,2.245,63.3238,32.2,92.9,21.8152,1.5446,0.14,5.4,1.3237,2.6813,0.32,8.4,2.0995,-1.0641,-0.2142,191.3807,144.0,2013.0,208.0,invierno,julio,S,31.94
2013-07-28,984.4683,,988.94,1.8049,62.8292,41.57,98.93744599256488,15.8477,6.769080000000001,0.936,17.676000000000002,0.9763,3.5428,0.6,9.89,1.5994,-1.0545,-0.1114,186.0296,144.0,2013.0,209.0,invierno,enero,S,23.81
2013-07-29,987.9753,986.27,990.1,0.9379,87.6785,65.59,96.3,8.8916,6.31008,1.1880000000000002,14.472,0.9002,2.8348,0.6,7.38,1.3617,-1.0286,-0.8019,217.9392,144.0,2013.0,210.0,invierno,agosto,SO,24.88
2013-07-30,991.0965,989.99,992.29,0.5819,67.5012,41.86,94.0,17.0536,2.6549,0.51,5.7,1.2646,4.5552,0.98,14.418864733149867,2.2955,-1.3674,-1.9351,234.7526,144.0,2013.0,211.0,verano,julio,SO,23.76
2013-07-31,991.3051,989.44,993.5,,67.3151,52.77,86.1,8.9967,2.5868,0.75,5.34,1.1653,,1.3,10.59,2.1553,-1.2287,-1.9123,237.2783,144.0,2013.0,212.0,verano,julio,SO,30.81
2013-08-02,988.1422,986.24,989.98,1.2921,54.9219,27.1,93.4,23.153,2.3292,0.16,5.58,1.272,3.7207,0.4,9.65,1.9957,-2.0554,-0.529,194.4341,144.0,2013.0,214.0,verano,agosto,S,31.89
2013-08-03,990.0315,986.91,994.07,2.0808,58.45249999999999,,80.3,13.6488,4.914,1.116,11.484,0.4963,2.6866,0.68,7.57,1.1384,-0.3764,-0.2999,218.5501,144.0,2013.0,215.0,invierno,marzo,SO,26.55
2013-08-04,993.9126,992.5,995.12,0.5996,81.5362,60.15,94.4,7.8674,1.5058,,3.28705259,0.8309,2.5924,0.68,5.42456883,1.2855,0.5728,0.0817,8.1153,144.0,2013.0,216.0,invierno,mayo,N,28.98
2013-08-05,991.7281,988.48,995.18,2.4794,75.4224,50.36,99.3,18.2952,1.5581,0.2,3.72,0.7877,2.6538,0.36,6.18,1.3515,-0.1485,0.6247,103.3746,144.0,2013.0,217.0,verano,agosto,E,31.29
2013-08-06,987.9936,985.75,989.81,0.813,78.4437,44.58,95.4,14.5508,5.27004,0.936,24.48,94.95,2.655,0.72,14.97,93.735,-0.3292,-0.4724,235.1306,144.0,2013.0,218.0,invierno,abril,SO,25.37
2013-08-07,986.6036,984.64,,1.3403,83.596,65.43,97.9,10.7821,1.6509,0.27,4.64,1.0211,2.68,0.6,6.1,1.3889,0.4908,0.7191,55.6853,144.0,2013.0,219.0,verano,noviembre,NE,24.67
2013-08-08,988.9196,985.05,993.83,2.6061,75.2335,58.92000000000001,,10.2873,4.7030400000000006,0.936,10.728,0.5446,2.7012,0.58,5.36,1.1078,-0.0324,-0.8096,267.7093,144.0,2013.0,220.0,invierno,febrero,O,18.46
2013-08-09,,993.05,994.68,0.425,83.8396,71.6,94.4,6.0364,4.5871200000000005,0.9,10.476,54.61,1.9735,0.64,4.48,37.6,-0.2632,0.0901,161.0964,144.0,2013.0,221.0,invierno,octubre,S,24.51
2013-08-10,992.1734,990.33,994.22,1.0889,72.0757,42.35,98.5,20.3984,,0.24,3.34297598,1.1012,3.1698,0.72,10.13,1.8556,-1.1647,-0.9485,219.1577,144.0,2013.0,222.0,verano,agosto,SO,20.33
2013-08-11,992.1208,990.95,993.07,0.6628,58.0619,43.18,79.5,10.5026,2.1736,0.7,5.1,0.9318,3.9045,1.2,7.69,1.7107,-1.0568,-1.7004,238.1394,144.0,2013.0,223.0,invierno,noviembre,SO,23.57
2013-08-12,989.2183,986.54,991.58,1.6808,,39.41,94.3,19.6703,6.37164,1.1880000000000002,18.0,101.16,3.1696,0.68,7.73,81.52000000000001,-1.0851,-0.7617,215.0681,144.0,2013.0,224.0,invierno,febrero,SO,19.09
2013-08-13,990.6699,987.89,994.02,1.8049,77.8476,52.86,98.7,14.362,1.7978,0.32,4.4,0.8613,3.2608,0.78,8.93,1.5962,-0.7758,-1.2822,238.8242,144.0,2013.0,225.0,verano,agosto,SO,19.78
2013-08-14,995.8141,994.03,997.56,0.8871,65.2362,42.8,93.5,17.346,1.6028,0.36,,0.6897,2.989,0.88,4.25639135,1.384,-0.4264,-1.235,250.9547,144.0,2013.0,226.0,verano,agosto,O,22.72
2013-08-15,996.3687,994.64,998.03,1.1581,65.4667,39.83,94.7,19.8384,1.5099,0.29,4.47,0.897,2.4354,0.68,6.64,1.3794,-1.2679,-0.2691,191.981,144.0,2013.0,227.0,verano,agosto,S,28.0
2013-08-17,988.8344,987.47,990.6,0.9883,58.6109,38.379999999999995,79.7,14.2719,1.3987,0.29,4.28,0.6347,2.3658,0.8,6.85,1.006,-0.7266,-0.136,190.605,144.0,2013.0,,verano,agosto,S,24.7
2013-08-18,988.2217,987.73,989.11,0.3579,68.3167,47.98,86.8,11.9969,2.2403,0.19,3.59773809,1.4077,3.5781,0.52,5.673117230000001,2.1027,-1.7751,-0.9243,207.5057,144.0,,230.0,verano,agosto,SO,21.03
2013-08-19,989.1201,987.48,997.8413210182864,2.0488,74.5664,58.02,88.2,7.9149,1.5957,0.2,2.74024611,0.9029,2.8728,0.52,4.6230002400000005,1.5536,-0.8083,-0.7972,224.6049,144.0,2013.0,231.0,verano,agosto,SO,20.49
2013-08-20,999.4392,994.64,1001.94,1.9976,72.9446,54.21,93.6,13.2206,1.9189,0.14,2.96393967,1.1525,3.2945,0.32,,1.5573,0.2665,-0.6533,292.1917,144.0,2013.0,232.0,verano,agosto,O,21.96
2013-08-21,999.3854,996.8,1001.95,1.8602,65.4419,44.32,93.9,16.0069,1.2786,0.14,3.6,0.8086,2.2812,0.4,5.48,1.3037,0.0912,0.5734,80.9627,144.0,2013.0,233.0,verano,agosto,E,23.88
2013-08-22,994.3191,992.51,996.71,1.2795,63.01380000000001,41.22999999999999,90.0,16.9166,1.3656,0.13,3.92,0.8977,2.2844,0.32,5.68,1.3665,0.4862,0.5471,48.3722,144.0,2013.0,234.0,verano,agosto,NE,20.04
2013-08-23,992.7155,991.82,993.38,0.4943,73.5096,58.85,88.1,8.4028,1.5213,0.17,4.78,1.216,2.4851,0.4,7.0,1.8164,0.8384,0.6456,37.597,144.0,2013.0,235.0,verano,agosto,NE,24.41
2013-08-24,988.1105,985.17,991.93,,64.2651,44.02,92.8,16.5963,1.6553,0.16,2.49791142,1.2062,2.9435,0.36,4.37445184,2.012,-0.026,1.0969,91.3553,144.0,2013.0,236.0,verano,agosto,E,21.41
2013-08-25,985.6131,,987.73,1.0167,72.6776,45.03,89.6,12.0209,2.1695,0.31,3.64123406,1.1909,3.4839,0.76,5.35000431,1.8137,0.9589,,52.0002,144.0,2013.0,237.0,verano,agosto,NE,19.98
2013-08-26,989.0476,987.28,990.6,1.053,67.7403,54.06,88.3,9.783,2.9326,0.3,5.73,1.2772,4.4227,0.48,8.45,1.9176,1.5908,1.8235,48.8985,144.0,2013.0,238.0,verano,agosto,NE,21.07
2013-08-27,989.1077,987.52,990.45,0.897,63.373,46.28,80.2,10.317,7.91748,0.5760000000000001,22.464,1.305,3.5308,0.3,,2.0252,1.4255,1.2846,42.0241,144.0,2013.0,239.0,invierno,enero,NE,21.99
2013-08-28,991.3022,989.22,994.47,1.4579,68.0956,44.379999999999995,91.7,14.8242,5.29416,,10.983353796,1.2498,2.4642,0.4,4.85290751,1.9094,0.8884,0.6614,36.6664,144.0,2013.0,240.0,invierno,diciembre,NE,24.32
2013-08-29,994.9783,993.82,996.31,0.6737,63.723,37.07,93.9,19.8598,3.31272,0.468,8.172,0.5231,1.6,0.36,4.44,0.8469,-0.3281,0.2394,143.8831,144.0,2013.0,241.0,invierno,mayo,SE,25.06
2013-08-30,993.2005,991.44,994.93,1.2227,62.4904,38.15,90.5,18.6027,1.0981,0.19,2.31,0.4727,1.9208,0.62,5.42,0.8192,-0.7874,-0.1105,187.9888,144.0,2013.0,242.0,invierno,agosto,S,23.82
2013-08-31,992.6079,991.47,995.2,,68.9934,42.25,94.7,16.1523,1.4029,0.3,,0.7611,2.8222,,6.64,1.5628,-0.4151,-0.9673,246.7728,144.0,2013.0,243.0,invierno,marzo,SO,17.33
2013-09-01,997.3842,995.26,998.49,0.6599,65.7065,46.18,94.0,14.6682,1.914,0.43,4.689473630622013,0.5293,3.5469,1.28,6.49,1.1521,-0.2729,-1.6993,260.8747,144.0,2013.0,244.0,otoño,septiembre,O,18.12
2013-09-02,995.2072,994.14,997.25,0.7744,70.7448,64.75,85.48702414069481,3.7696,1.816,0.49,4.91,0.7992,3.8153,1.08,8.25,1.4613,-0.8144,-1.5469,242.2343,144.0,2013.0,245.0,otoño,septiembre,SO,21.94
2013-09-03,998.4683,995.78,1000.41,1.373,72.3953,63.16,81.4,4.595,1.8772,0.21,2.36742351,0.9645,3.8062,0.3728226,12.41836874811528,1.8016,-0.0148,-1.5611,269.4562,144.0,2013.0,246.0,invierno,septiembre,O,25.24
2013-09-04,997.7254,995.22,1000.15,1.8326,74.1481,51.38,95.5,13.8567,1.267,0.13,3.81,0.798,2.23,0.42,5.52,1.2635,-0.02,0.6685,91.7159,144.0,2013.0,247.0,invierno,noviembre,E,27.69
2013-09-05,991.6196,988.54,995.21,2.3842,68.809,42.14,97.6,,4.66668,0.684,7.38188748,0.8338,2.3694,0.44,3.9767744,1.4873,-0.5409,0.5531,134.3615,144.0,2013.0,248.0,otoño,abril,SE,27.78
2013-09-06,986.8956,985.01,988.56,0.9981,58.4794,35.09,91.1,18.0663,1.9334,0.19,4.92,1.1331,3.2299,0.44,7.93,1.7835,-1.5395,0.458,163.4323,144.0,2013.0,249.0,otoño,mayo,S,29.42
2013-09-07,989.6776,987.59,990.8,0.8739,57.3412,33.1,88.1,15.5069,1.5364,0.23,3.69,0.8571,2.5017,,6.28,1.2095,-0.0965,0.5972,99.1813,144.0,2013.0,250.0,otoño,septiembre,E,22.36
2013-09-08,990.5415,989.21,991.58,0.6699,76.9059,63.15,93.5,9.0357,1.3508,0.13,4.65,0.9808,2.3117,0.32,6.65,1.4188,0.016,-0.1267,277.1965,144.0,2013.0,251.0,invierno,septiembre,O,16.18
2013-09-09,990.2267,988.37,991.32,0.851,86.5063,62.33,97.2,10.9336,6.42492,1.4400000000000002,9.484606944,81.67999999999999,3.1749,0.88,4.33095587,67.17,-0.4173,-1.0097,247.5468,144.0,2013.0,252.0,otoño,octubre,O,15.92
2013-09-10,986.6664,984.73,989.73,1.1627,75.2892,58.599999999999994,93.5,10.2129,9.8046,1.332,40.58630854705007,,4.3586,1.04,9.01,93.155,-2.2056,-1.0688,205.8548,144.0,2013.0,253.0,otoño,marzo,SO,13.35
2013-09-11,985.0338,984.44,987.48,0.6998,83.6076,71.5,95.9,6.6809,3.5164,0.58,6.61,1.4839,5.2913,1.0,9.55,2.2293,-2.9871,-1.4725,206.2411,144.0,2013.0,254.0,otoño,septiembre,SO,14.44
2013-09-12,987.5453,985.19,990.97,1.8869,88.061,69.69,96.1,6.1635,1.4192,0.21,4.87,0.8876,2.4136,0.48,6.95,1.1973,-0.0048,-0.8061,269.6571,144.0,2013.0,255.0,otoño,julio,O,17.08
2013-09-13,992.1961,990.82,993.03,0.714,86.2833,68.09,97.3,8.1701,1.5358,0.13670162,5.8439975582586525,0.8079,2.5832,,3.70337116,1.1801,-0.625,-1.2004,,144.0,2013.0,256.0,otoño,agosto,SO,17.18
2013-09-14,988.3197,985.73,992.44,2.0711,89.9,75.0,99.5,8.0763,6.66216,,10.133318268000002,0.9715,2.9453,0.29825808,9.894057829477068,1.427,,-0.1795,186.1718,144.0,2013.0,257.0,otoño,mayo,S,15.85
2013-09-15,983.8835,980.56,985.93,1.7791,81.6076,69.25,96.7,8.3301,3.87612,0.864,9.36,0.4839,1.9749,0.6,3.88,0.6637,-0.1608,-0.6476,256.0542,144.0,2013.0,258.0,otoño,mayo,O,15.78
2013-09-16,976.2886,974.15,980.52,1.5798,81.6206,67.87,95.3,8.1954,3.4835,0.2,5.051746230000001,2.2668,5.279,0.32311292,16.27987620289241,3.2993,-2.8155,-1.6482,210.3445,144.0,2013.0,259.0,otoño,agosto,SO,13.53
2013-09-17,,975.27,978.82,,77.8172,52.84,99.5,15.8106,2.5452,0.4,6.43,1.2912,4.1422,0.72,10.15,2.1816,-1.7599,-1.5472,221.321,144.0,2013.0,260.0,otoño,junio,SO,14.23
2013-09-18,972.4492,968.61,978.43,2.9849,84.6126,69.0,96.2,8.188,1.7228,0.62,,0.671,3.0592,1.28,6.01,1.0493,-0.8264,-0.7452,222.0458,144.0,2013.0,261.0,otoño,septiembre,SO,14.53
2013-09-19,984.1062,978.59,986.84,2.5469,77.5212,59.45,89.6,8.1458,1.8367,0.17,4.51,0.8611,3.4394,0.4,8.68719864963668,1.7035,-0.6033,-1.5713,248.995,144.0,2013.0,262.0,invierno,septiembre,O,14.86
2013-09-20,987.9944,984.97,993.31,2.656,83.6396,70.8,93.4,5.5746,2.2431,0.42,3.9,0.7185,3.9215,0.92,7.49,1.1406,-1.0038,-1.6733,239.0407,144.0,2013.0,263.0,otoño,septiembre,SO,16.13
2013-09-21,998.2352,993.34,,2.3953,81.8994,63.79,94.8,9.0596,1.6092,0.25,2.95,0.6239,2.8124,0.6,5.73,0.9991,-0.3049,-1.4667,258.2558,,2013.0,264.0,otoño,septiembre,O,17.5
2013-09-22,999.9584,998.25,,0.9948,,100.0,64.99,11.8426,4.75056,1.152,6.889761648,0.5331,2.6124,0.72,3.5418147,1.093,-0.546,-0.8323,236.7351,,2013.0,265.0,otoño,noviembre,SO,17.57
2013-09-23,996.2963,993.56,1000.2571870354632,1.3035,79.2007,70.3,87.0,4.9586,2.0301,0.45,3.37,0.5715,3.9033,1.0,6.29,0.9125,-0.3749,-1.9308,259.0105,144.0,2013.0,266.0,otoño,febrero,O,18.25
2013-09-24,990.4781,988.41,993.47,1.6547,74.4381,61.419999999999995,85.0,7.0886,1.5071,0.16,3.12,0.5843,2.6966,0.4,6.21,1.0779,-0.1821,-1.314,262.1077,144.0,2013.0,267.0,otoño,septiembre,O,17.66
2013-09-25,985.788,982.93,988.73,1.9448,80.0335,60.28,95.2,12.2028,1.0531,0.1,2.44,0.5471,1.7004,0.28,,0.7637,-0.3042,,183.8903,144.0,2013.0,268.0,otoño,septiembre,S,17.02
2013-09-26,987.0938,982.57,992.93,3.781,82.9846,68.07,91.7,5.7466,2.3002,0.18,4.80941154,1.5685,3.8624,0.58,7.21411731,2.2031,1.2658,0.3822,16.8002,144.0,2013.0,269.0,otoño,julio,N,14.23
2013-09-27,992.2146,990.72,993.22,0.8015,81.7544,50.04,99.4,17.4526,1.2851,,,0.8754,2.1176,0.4,6.29,1.328,0.5628,0.3462,31.6003,144.0,2013.0,270.0,otoño,septiembre,NE,15.32
2013-09-28,989.6359,987.8,991.62,1.1741,76.8469,40.88,99.3,20.5195,1.9888,0.18,4.62,1.2115,3.0576,0.48,6.32,1.7125,0.7182,0.8584,50.0824,144.0,2013.0,271.0,otoño,agosto,NE,15.15
2013-09-29,987.8597,986.41,989.01,0.853,68.6942,42.6,90.7,14.7217,3.62,0.31,7.2,1.8304,5.8847,0.72,11.29,2.8853,1.6606,2.4516,55.8883,144.0,2013.0,272.0,otoño,septiembre,NE,13.51
2013-09-30,986.263,985.01,,0.6291,69.9743,51.6,90.6,12.5227,,0.78,3.96434698,1.088,5.7394,0.95691134,10.433016794653431,1.7052,2.7176,2.4715,42.2845,144.0,,273.0,otoño,marzo,NE,12.25
2013-10-01,989.2268,986.94,992.72,1.7165,70.991,48.59,94.8,14.9401,2.9656,0.81,3.24355662,0.8133,4.3899,0.8077823000000001,8.988642535631586,1.3692,2.2279,1.4778,33.5567,144.0,2013.0,274.0,otoño,diciembre,NE,13.22
2013-10-02,996.4096,992.68,999.21,1.7256,63.3962,35.05,94.9,20.1054,7.40772,0.5040000000000001,12.929487768,1.7594,3.4534,0.32,9.05,2.8323,-0.852,1.2676,123.9067,144.0,2013.0,275.0,otoño,junio,SE,15.89
2013-10-03,998.0139,996.33,999.35,1.1037,58.1573,28.66,89.8,,2.2191,0.18,2.4363031129347097,1.4667,3.7012,0.38,6.21992371,2.2806,-1.6722,0.6988,157.32,144.0,2013.0,276.0,otoño,abril,SE,15.36
2013-10-04,994.5822,992.04,996.75,1.3299,55.4773,37.18999999999999,69.38,9.009,3.2391,2.0,4.43,0.5226,4.9019,3.0,7.41,0.787,,0.4445,171.9911,144.0,,277.0,otoño,febrero,S,14.37
2013-10-05,991.0453,989.87,993.42,1.0744,68.5738,51.7,90.7,13.1464,,0.19,3.22,0.7792,2.2764,0.46,5.33,1.1188,-0.9098,0.1573,170.1914,144.0,2013.0,278.0,otoño,octubre,S,12.68
2013-10-06,997.2394,993.42,1000.29,2.1844,96.9007,90.2,98.7,1.6107,1.0238,0.12,4.02,0.926,1.5558,0.28,6.07,1.2329,0.6743,0.4682,34.7764,144.0,2013.0,279.0,otoño,marzo,NE,15.93
2013-10-07,1000.2312,999.43,1001.16,0.4696,86.2382,73.8,100.0,10.0069,0.9694,0.18,2.33,0.4531,1.6051,0.44,3.08,0.681,0.3695,0.4295,49.2957,144.0,2013.0,280.0,otoño,junio,NE,16.65
2013-10-08,998.2388,996.93,999.81,0.8989,,58.96,86.4,7.2117,1.1065,0.14,2.69,0.5913,1.9081,0.4,5.2,0.9868,0.1867,-0.0007,359.7967,144.0,2013.0,281.0,otoño,octubre,N,16.46
2013-10-09,990.9915,982.95,999.4496195587852,4.3186,75.5859,58.08,92.4,10.6354,7.22376,0.684,17.028000000000002,1.264,3.1718,0.48,6.99,1.7794,-1.6965,-0.7381,203.512,144.0,2013.0,282.0,otoño,marzo,SO,12.92
2013-10-10,,978.21,985.72,2.2248,93.72359999999999,83.5,98.3,2.9619,1.399,0.25,2.44820174,0.7181,2.3617,0.48,3.68473003,1.1473,-0.6188,-0.839,233.5887,144.0,2013.0,283.0,otoño,octubre,SO,8.16
2013-10-11,,985.31,993.54,2.2329,96.3972,90.3,98.1,1.5813,1.0899,0.29,3.37,0.7041,1.8235,0.56,5.09,0.9646,-0.1061,0.0754,144.5989,144.0,2013.0,284.0,otoño,octubre,SE,8.49
2013-10-12,991.642,989.49,994.09,1.5194,96.909,82.4,100.0,4.8995,4.22064,1.296,,0.6344,1.9678,0.72,6.09,0.9528,-0.6177,-0.3196,207.3558,144.0,2013.0,285.0,otoño,noviembre,SO,10.7
2013-10-16,986.1188,981.64,993.4966030473128,2.4498,82.9597,70.6,94.2,5.8726,1.5815,0.3,2.91,0.546,2.7312,0.9,5.65,0.8504,-0.7179,-1.1811,238.7083,144.0,2013.0,289.0,otoño,octubre,SO,14.2
2013-10-17,985.8075,984.24,987.57,0.8465,83.8328,66.98,97.8,10.0471,3.4035,0.6,4.40552039,1.7868,5.5439,1.64,7.437810870000001,2.5709,-2.741,-1.5788,209.9419,144.0,2013.0,290.0,otoño,octubre,SO,12.19
2013-10-18,991.8512,987.71,994.52,,77.7203,,,4.9038,5.13432,1.116,11.664,0.6683,2.8472,0.56,6.81,1.2538,-0.2902,-0.9761,253.4401,144.0,2013.0,291.0,otoño,diciembre,O,17.22
2013-10-19,989.4581,986.42,993.79,2.6161,81.0566,52.53,99.9,16.9504,2.2333,0.21,5.57,1.3725,3.3292,0.52,8.17,1.9994,-2.097,-0.314,188.5164,144.0,2013.0,292.0,otoño,octubre,S,17.81
2013-10-20,988.326,987.05,989.17,0.6138,81.1125,,90.4,4.1306,2.2594,,6.23,1.3431,3.6152,,,1.8244,-2.0101,-0.375,190.5681,144.0,2013.0,293.0,otoño,octubre,S,19.05
2013-10-21,989.5769,988.02,990.56,0.7528,76.8188,58.4,94.4,8.9904,2.9211,0.33,4.79077041,1.6266,4.3047,1.16,7.437810870000001,2.4081,-2.458,-1.4709,210.8978,144.0,2013.0,294.0,otoño,octubre,SO,23.95
2013-10-22,986.0608,981.69,990.4,2.7388,75.0462,46.24,98.6,17.5822,1.9608,0.17,1.72587558079527,1.0824,3.1733,0.36,4.6230002400000005,1.6824,-1.8415,-0.1112,,144.0,2013.0,295.0,otoño,octubre,S,19.93
2013-10-23,983.1695,981.45,986.76,1.5381,70.2654,59.23,76.9,4.5234,3.8636,0.64,9.78,2.3347,5.9033,1.44,15.29,3.1504,-3.4701,-1.2589,199.9409,144.0,2013.0,296.0,otoño,octubre,S,17.83
2013-10-24,991.2362,986.85,994.16,2.215,80.7549,61.5,97.1,9.4142,,0.16,,1.5979,3.4908,0.4,9.69,2.2838,-1.572,-1.0632,214.0721,144.0,2013.0,297.0,otoño,octubre,SO,17.1
2013-10-25,990.6553,988.29,993.53,1.7643,88.3332,69.05,100.0,11.4269,1.5026,0.39,3.07,0.6953,2.3219,0.68,4.97,0.9983,-1.4171,-0.067,182.7049,144.0,2013.0,298.0,otoño,octubre,S,20.81
2013-10-26,987.4685,986.2,988.35,0.507,71.2342,62.47,82.1,4.2832,11.56212,1.4400000000000002,28.008000000000003,1.6812,5.0233,0.84,13.21,2.6637,-2.8208,-0.9665,198.9133,144.0,2013.0,299.0,otoño,marzo,S,18.11
2013-10-27,982.3855,978.59,986.16,2.033,75.7342,56.46,95.7,10.7502,5.0557,1.1,12.14,2.7275,7.8052,1.72,16.68,4.0388,-4.4126,-2.1,205.4497,144.0,2013.0,300.0,otoño,octubre,SO,20.32
2013-10-28,977.3817,,982.37,2.9833,63.6609,45.09,82.7,9.9435,22.33008,3.96,29.505180564,314.31,9.8621,1.96,12.10430708,232.26,-5.4927,-2.6741,205.9587,144.0,2013.0,301.0,otoño,agosto,SO,14.24
2013-10-29,986.2444,981.63,990.53,2.6479,61.59060000000001,49.21999999999999,72.6,6.5557,3.919,0.7,4.89640348,1.5135,6.1258,1.72,8.108891550000001,,-3.0845,-2.3479,217.2779,144.0,2013.0,302.0,otoño,octubre,SO,13.36
2013-10-30,995.8577,990.63,1000.92,3.1466,68.9841,44.59,91.41669778097244,12.9798,2.4849,0.34,4.156971990000001,1.5038,3.8931,0.8,5.996230150000001,2.1855,-1.7552,-1.441,219.3866,144.0,2013.0,303.0,otoño,octubre,SO,13.12
2013-10-31,998.4426,,1001.15,2.3561,78.8292,,97.7,17.4156,5.643,1.044,15.156,0.7802,2.5204,0.58,6.09,1.0757,-1.3736,-0.1478,186.1408,144.0,2013.0,304.0,otoño,enero,S,9.25
2013-11-01,991.281,985.91,994.34,2.4749,81.0188,72.6,94.6,6.1438,8.31744,1.4400000000000002,9.305652096,0.9093,3.7126,0.98,3.65987519,1.2344,-2.1231,0.5533,165.3925,144.0,2013.0,305.0,otoño,enero,S,15.4
2013-11-02,978.8317,976.11,985.76,2.6754,82.2688,72.2,95.4,7.3052,3.6976,1.05,9.42,1.5538,5.6978,1.92,13.39,2.4375,-3.3108,-1.3252,201.8141,144.0,2013.0,306.0,otoño,noviembre,S,12.44
2013-11-03,976.9849,973.67,979.69,1.9243,77.7538,66.16,90.3,5.6122,3.1888,0.41,3.98920182,1.2991,5.0603,1.14,9.79,,-2.5628,-1.6214,212.3209,144.0,2013.0,307.0,otoño,noviembre,SO,12.36
2013-11-04,967.7644,961.54,978.49,5.4544,74.7144,69.04,88.0,4.67,18.53352,3.096,33.588,181.9,8.0946,1.76,13.59,126.54,-4.6374,-1.4252,197.0831,144.0,2013.0,308.0,otoño,febrero,S,8.81
2013-11-05,971.1944,967.72,974.13,,76.9213,64.1,86.1,5.0616,3.0444,0.44,3.9146373,1.5102,4.7412,1.12,5.80981885,1.9781,-2.5605,-1.2487,205.998,144.0,2013.0,309.0,otoño,julio,SO,9.37
2013-11-06,974.1515,967.27,978.94,4.0371,80.3928,67.07,98.4,9.2543,8.39664,2.3400000000000003,17.136,0.9777,,1.32,8.53,1.7718,-1.5909,-1.3318,219.9337,144.0,2013.0,310.0,otoño,agosto,SO,16.08
2013-11-07,980.3347,977.24,983.04,2.2078,79.6514,71.3,99.0,8.4894,18.05112,,,2.2316,7.5022,0.88,12.39,3.1205,-4.2361,-2.4797,210.3429,144.0,2013.0,,otoño,septiembre,SO,14.8
2013-11-08,982.7066,978.82,985.26,1.8883,88.6125,72.9,97.7,8.009,2.3124,0.53,6.88,1.713,3.6006,0.98,9.45,2.4822,-1.6005,-0.3584,192.6216,144.0,2013.0,312.0,otoño,noviembre,S,12.31
2013-11-09,982.8494,978.49,985.24,2.3211,72.2906,54.34,97.5,11.899,10.25352,2.484,22.284,1.2325,5.009,1.72,10.11,2.198,-2.1676,-1.5396,215.3858,144.0,2013.0,313.0,otoño,diciembre,SO,7.04
2013-11-10,980.9083,976.01,991.8,4.9584,81.5507,70.2,90.3,4.2189,2.3903,0.42,6.69,1.4714,3.9444,0.84,10.41,1.9898,-1.3287,,223.5996,144.0,2013.0,314.0,otoño,junio,SO,7.81
2013-11-11,1000.9128,992.01,1005.39,4.0582,84.4312,72.4,97.7,6.2923,5.76252,0.756,13.14,0.7886,2.7921,0.4,5.97,1.287,-0.3813,-1.3131,253.8061,144.0,2013.0,315.0,otoño,junio,O,8.49
2013-11-12,1000.2835,997.21,1004.74,2.4404,88.7838,62.4,99.5,13.0967,1.4691,0.23,2.35499609,0.6757,2.3194,0.56,3.4610364700000003,0.9898,-1.2924,-0.1458,186.4363,144.0,2013.0,316.0,otoño,noviembre,S,9.86
2013-11-13,1002.2085,998.89,1003.8,1.5841,88.2958,60.24,98.8,11.183,0.9871,0.27,1.5472137900000005,0.4209,1.8244,0.56,6.03,0.8207,-0.3496,-0.2162,211.7369,144.0,2013.0,317.0,otoño,noviembre,SO,3.95
2013-11-14,995.7476,992.79,1001.63,2.6967,94.2903,79.6,100.0,6.5666,1.5073,0.25,2.93,0.655,2.3853,,5.13,1.0036,-1.3376,-0.1427,186.0898,144.0,2013.0,318.0,primavera,diciembre,S,2.87
2013-11-15,1000.1453,994.45,1004.27,3.1651,93.63820000000001,88.9,96.2,2.0667,1.6611,0.15,4.48,1.0825,2.546,0.32,6.13,1.4714,1.115,0.6998,32.1149,144.0,2013.0,319.0,otoño,noviembre,NE,7.11
2013-11-16,1003.4249,1000.94,1005.37,1.4482,86.8317,67.77,97.5,7.995,1.2648,0.15,2.6,0.5427,,0.32,4.03,0.7525,-0.5085,-0.3404,213.8024,144.0,2013.0,320.0,primavera,noviembre,SO,2.98
2013-11-17,,993.34,1000.92,2.237,99.2035,97.0,100.0,0.5732,4.03632,0.864,5.681816424000001,0.4936,1.7194,0.48,2.24314931,0.6359,-0.1311,-0.0715,208.5979,144.0,,321.0,otoño,octubre,SO,5.85
2013-11-18,986.1628,982.24,993.29,3.1739,90.5889,80.9,98.6,6.7875,1.0912,0.24,3.24,0.5946,1.7592,0.56,7.3091012670867315,0.841,-0.843,-0.0444,183.0146,144.0,2013.0,322.0,otoño,febrero,S,5.99
2013-11-19,979.7595,977.9,982.12,1.1188,90.6444,85.0,97.9,3.5444,1.3403,0.28,3.4,0.6262,2.2734,0.72,,1.0182,-0.4245,0.2576,148.751,144.0,2013.0,,otoño,noviembre,SE,4.54
2013-11-20,976.8174,976.11,977.85,0.3714,95.9507,93.7,98.3,1.2311,1.6465,0.23,,0.799,2.9396,0.46,10.105482037954385,,-0.0683,,264.0199,144.0,2013.0,324.0,otoño,noviembre,O,2.4
2013-11-21,975.9187,974.86,977.45,0.6154,94.866,88.3,,3.8924,2.8537,0.17,3.78414939,1.9195,4.1749,0.4,5.26301237,2.5844,2.0754,1.4947,35.7605,144.0,2013.0,325.0,otoño,diciembre,NE,3.27
2013-11-22,981.2963,977.51,986.05,2.7114,99.6583,98.3,100.0,0.5676,3.3546,0.75,6.67,1.2138,5.2055,1.44,8.97,1.5699,3.0725,1.3056,23.0214,144.0,2013.0,326.0,otoño,noviembre,NE,5.29
2013-11-23,988.8147,985.92,990.84,1.3746,100.0,100.0,100.0,0.0,2.7354,0.37,3.51074615,1.2469,4.0411,0.96,8.53,1.5906,,1.0593,22.9178,144.0,2013.0,327.0,otoño,septiembre,NE,4.54
2013-11-24,992.6204,990.72,997.5,1.8855,87.2992,69.4,100.0,8.2782,1.6407,0.27,3.42375421,0.9522,3.2526,0.68,5.10145591,1.3733,0.3299,-0.5569,300.6443,144.0,,328.0,primavera,noviembre,NO,2.61
2013-11-25,999.885,997.47,1002.23,1.1622,77.0089,64.03,83.9,5.4963,6.44724,1.044,23.92008520164818,0.5705,3.0685,0.58,4.81,0.8427,-0.6134,-1.4713,247.3685,144.0,2013.0,329.0,otoño,enero,SO,2.22
2013-11-26,1004.6313,1002.24,1006.58,1.2793,82.0124,67.55,93.5,6.804,1.0443,0.29,1.3421613600000002,0.4828,2.041,0.52,2.96393967,0.9232,-0.2455,0.0698,164.1235,144.0,2013.0,330.0,otoño,abril,S,2.55
2013-11-27,1005.4999,1003.78,1006.99,0.9138,85.5758,66.4,96.4,9.9308,1.009,0.27,2.2,0.4003,1.7668,,3.69,0.5812,-0.8618,-0.0078,180.5157,144.0,2013.0,331.0,otoño,septiembre,S,5.2
2013-11-29,993.1374,983.07,1001.11,6.7495,82.891,73.6,,4.9833,3.6479,1.39,7.83,1.5003,5.7999,2.08,10.77,2.1153,-2.5302,-2.3153,222.4605,144.0,2013.0,333.0,otoño,noviembre,SO,5.06
2013-11-30,989.7689,983.31,999.09,5.3289,85.9556,80.3,91.8,2.8768,7.1928,2.592,11.736,0.4863,3.6625,1.56,6.53,0.9732,-0.6325,-1.8472,251.099,144.0,2013.0,334.0,otoño,noviembre,O,6.35
2013-12-01,1000.2387,998.95,1002.7,0.9898,85.125,76.2,91.1,3.6553,1.7796,0.3,3.63,0.761,3.0442,0.66,6.23,1.1998,-0.6405,-1.5365,247.3704,144.0,2013.0,335.0,invierno,diciembre,SO,7.0
2013-12-02,1006.6781,1002.68,1008.38,1.7142,84.4853,68.99,96.6,7.8164,1.2406,0.24,3.21,0.6208,2.0258,0.44,4.37,0.8194,0.1381,0.0146,6.0516,144.0,2013.0,336.0,verano,marzo,N,2.75
2013-12-03,1002.5918,999.15,1006.76,2.2511,,75.0,98.8,6.8677,0.7579,0.16,1.71,0.3387,1.3392,0.36,2.96,0.5284,-0.6251,-0.1026,189.3165,144.0,2013.0,337.0,invierno,agosto,S,4.03
2013-12-05,990.167,977.08,1000.06,8.7464,81.2492,64.28,92.9,8.8544,4.7326,0.65,7.65529072,3.031,7.6265,0.77050004,19.89591563170866,4.5555,-3.4624,-2.6029,216.9348,,2013.0,339.0,primavera,marzo,SO,2.41
2013-12-06,985.7336,981.47,991.68,2.5925,73.5492,60.04,93.8,9.0825,12.77532,3.456,12.482100648,80.80000000000001,7.3642,2.18,6.77915761,79.45,-0.8175,-3.3898,256.4415,144.0,2013.0,340.0,invierno,octubre,O,3.77
2013-12-07,995.3933,991.75,997.0,1.3497,80.6431,,90.3,5.4922,2.1415,0.38,3.59,0.7749,4.2103,0.76,10.25853087737332,1.555,-0.7802,-1.8561,247.2008,144.0,2013.0,341.0,primavera,diciembre,SO,7.14
2013-12-08,996.5203,995.26,998.31,0.724,80.5729,,86.8,3.4959,3.2701,0.49,6.72,1.4863,5.4183,1.2,9.73,1.9268,-2.352,-2.0619,221.2409,144.0,2013.0,342.0,invierno,diciembre,SO,8.46
2013-12-10,1007.623,1004.87,1008.94,1.1325,95.47710000000001,1.0328884429031504,,2.7489,3.798,0.972,,0.4507,1.6596,0.52,2.1126614,0.5497,-0.8165,-0.1131,187.8881,144.0,2013.0,344.0,verano,julio,S,5.44
2013-12-11,1007.5152,1006.35,1008.65,0.7452,98.6687,93.89999999999999,99.9,1.6467,1.2127,0.28,2.51,0.4451,1.8353,0.64,3.5,0.5156,-0.4698,-0.4772,225.4517,144.0,2013.0,345.0,invierno,diciembre,SO,5.36
2013-12-12,1003.433,1000.44,1006.61,1.888,99.2688,95.8,100.0,1.1263,3.47832,0.6120000000000001,7.092,0.3944,1.545,0.46,2.6,0.4848,-0.5546,-0.4326,217.9534,144.0,2013.0,346.0,verano,febrero,SO,5.7
2013-12-13,998.4951,997.15,1000.43,1.1008,95.83059999999999,77.5,100.0,5.9952,0.9749,0.15,3.95,0.6842,1.5565,0.36,5.13,0.9125,-0.3106,-0.4228,233.7006,144.0,2013.0,347.0,invierno,diciembre,SO,2.87
2013-12-14,999.4636,996.57,1003.87,2.3349,91.6736,82.3,97.6,5.3321,1.1907,0.17,3.78,0.8049,2.02,0.4,5.25,1.1547,-1.0138,,192.2367,144.0,2013.0,348.0,primavera,diciembre,S,5.76
2013-12-15,1002.7012,1000.92,1003.67,0.6276,83.6649,1.0058965936151891,,8.8578,2.3647,0.29,7.34,1.1978,3.9169,0.76,13.771071695789583,,-2.1882,-0.4491,,144.0,2013.0,349.0,invierno,diciembre,S,12.76
2013-12-16,1001.1459,999.75,1003.24,1.0638,62.7136,35.74,91.2,16.9141,2.7162,0.6,8.92,1.8685,4.0426,1.04,12.51,2.2871,-2.3891,-1.0463,203.651,144.0,2013.0,350.0,invierno,diciembre,SO,10.36
2013-12-17,999.1436,998.15,1000.39,0.5748,66.8093,48.65,84.9,9.074,1.3469,0.3,3.12,0.6703,2.3328,0.56,4.73,,-1.0506,-0.337,197.7835,144.0,2013.0,351.0,invierno,septiembre,S,7.11
2013-12-18,994.834,989.12,998.74,2.5057,76.9641,60.99,92.5,9.2749,1.5483,0.36,3.37,0.6752,2.635,0.84,4.51,0.834,-1.3459,-0.0542,182.3074,144.0,2013.0,352.0,invierno,diciembre,S,7.45
2013-12-19,984.6186,981.9,989.05,1.9955,73.5508,54.15,85.0,8.0412,2.8547,0.43,5.04,1.0008,4.2292,1.08,,1.1866,-2.722,-0.2429,185.0994,144.0,2013.0,353.0,primavera,diciembre,S,7.34
2013-12-20,995.7943,988.35,1003.85,4.9069,83.4528,71.2,94.1,7.165,5.85684,0.972,13.248,0.7058,2.9129,0.72,6.13,1.1347,-1.2829,-0.6555,207.0662,144.0,2013.0,354.0,verano,septiembre,SO,6.11
2013-12-22,,988.94,995.19,1.8324,72.0717,58.33,78.4,3.9369,5.3713,0.68,9.64,2.1755,8.3969,1.64,15.7,2.8773,-4.6959,-2.4548,207.5985,144.0,2013.0,356.0,invierno,diciembre,SO,9.6
2013-12-23,989.5276,983.01,993.04,2.6688,81.616,68.6,92.1,5.6081,2.8127,0.5,6.67,1.2576,4.2435,0.9,9.01,1.7456,-2.5158,-0.9537,200.761,144.0,2013.0,357.0,verano,diciembre,S,13.14
2013-12-24,975.9594,970.44,982.83,3.4418,56.2869,44.45,74.1,7.955,16.69176,8.856,27.540000000000003,1.0607,6.9522,3.68,10.97,1.5239,-4.6038,-0.2577,183.2041,144.0,2013.0,358.0,verano,julio,S,9.87
2013-12-25,967.9973,966.04,970.47,1.1936,71.8478,55.32,97.6,16.6212,5.93748,1.152,13.5,0.6909,2.6379,0.56,5.37,0.9931,-1.4241,-0.1066,184.2819,144.0,2013.0,359.0,verano,junio,S,5.93
2013-12-26,969.6269,966.64,976.76,2.6792,98.084,91.4,99.7,,1.3834,0.22,2.29285899,0.8055,2.3483,0.52,,1.2903,0.4354,-0.2616,329.0017,144.0,2013.0,360.0,invierno,agosto,NO,7.72
2013-12-27,978.8635,976.9,981.0,1.2001,73.4369,60.7,92.2,10.5062,3.6159,0.31,5.15116559,1.9536,5.6397,0.56,8.09646413,2.8454,-3.3876,-0.6133,190.2613,144.0,2013.0,361.0,invierno,diciembre,S,10.65
2013-12-28,977.172,975.94,979.5,0.9235,71.2519,53.06999999999999,91.4,10.5936,3.3679,0.63,5.3127220500000005,1.8307,5.1251,1.34,7.934907669999999,2.598,-3.1882,-0.6648,191.7794,144.0,2013.0,362.0,invierno,diciembre,S,7.89
2013-12-29,988.5479,979.29,997.77,5.7446,80.9132,70.7,91.1,5.1096,3.1254,0.3,4.63542766,1.942,4.708,0.84,7.18926247,2.628,-2.4874,-1.6551,213.6389,144.0,2013.0,363.0,invierno,diciembre,SO,5.61
2013-12-30,999.4041,997.57,1001.48,1.2349,83.3915,61.84,97.5,11.1339,1.7929,0.34,9.562762762891143,1.0039,2.8587,0.84,7.65,1.5035,-1.6068,-0.4486,195.6003,144.0,2013.0,364.0,invierno,diciembre,S,7.04
2013-12-31,993.0552,987.83,997.65,2.9191,74.9834,53.97,86.3,8.7029,8.293320000000001,2.3040000000000003,14.04,61.82,3.4882,1.56,5.23,39.54,-2.238,0.0881,177.7465,144.0,2013.0,365.0,verano,mayo,S,4.42
2014-01-01,986.5145,982.2,988.62,1.468,74.129,53.29,90.1,11.1723,9.0054,1.476,15.48,96.59,3.8698,0.8,6.41,63.35,-2.3323,0.0396,179.0264,144.0,2014.0,1.0,verano,julio,S,7.26
2014-01-02,980.2501,978.46,983.92,1.4348,77.9599,69.59,87.0,5.0577,2.6142,,6.26,1.2344,4.0392,0.84,9.45,1.7792,-2.4645,-0.3329,187.693,144.0,2014.0,2.0,invierno,enero,S,10.19
2014-01-03,983.4192,982.08,984.73,0.7368,81.3147,68.26,92.5,6.4753,2.8948,0.53,7.13,1.3681,,,11.25,1.9932,-2.7146,-0.5564,191.5829,144.0,2014.0,3.0,invierno,julio,S,10.2
2014-01-04,,973.16,986.66,5.1842,74.6075,62.01,83.1,5.0792,6.908040000000001,0.5760000000000001,14.629558824,130.24,3.0608,0.36,9.33,,-1.5244,-0.4336,195.8792,144.0,2014.0,4.0,verano,junio,S,7.7
2014-01-05,980.1154,973.15,987.66,5.3787,82.3132,75.4,93.1,4.3215,5.39352,0.8280000000000001,15.659999999999998,0.8683,2.5295,0.48,7.01,1.4133,-0.9367,-0.8879,223.4651,144.0,2014.0,5.0,verano,febrero,SO,9.77
2014-01-06,985.5942,984.21,987.65,0.8288,75.6376,59.45,88.2,7.826,3.3824,0.25,7.62,1.4839,5.0313,0.96,10.81,2.1716,-3.2554,-0.1623,182.8535,144.0,2014.0,6.0,invierno,enero,S,13.57
2014-01-07,988.7082,984.25,990.58,1.7006,72.9613,55.97,89.6,9.2611,13.2768,4.464,9.854865396916884,1.4421,5.3381,2.4,6.26963339,1.9984,-3.398,-1.2063,199.5444,144.0,2014.0,7.0,verano,mayo,S,13.41
2014-01-09,983.5359,,992.24,4.4172,79.4578,61.13000000000001,96.9,12.59,3.3942,0.32,6.08322209,2.2931,5.5784,0.6,8.94152869,3.3137,-2.8211,-1.2585,204.0423,144.0,2014.0,9.0,invierno,enero,SO,7.51
2014-01-10,988.1342,981.44,994.9078206250686,2.7621,69.7978,58.3,82.0,5.4904,2.472,,6.23,1.26,4.7003,0.68,10.49,2.1692,-1.5534,-1.721,227.9292,144.0,2014.0,10.0,invierno,enero,SO,7.31
2014-01-11,989.6091,986.51,993.39,1.6837,82.6331,66.03,94.2,7.627,2.4442,0.55,7.48,1.4532,4.107,1.32,10.73,2.1466,-1.7538,-1.2643,215.787,144.0,2014.0,11.0,invierno,enero,SO,5.92
2014-01-12,995.5628,992.41,997.9,1.4173,72.7809,56.54,89.4,9.1911,1.8022,0.25,3.91,0.7651,3.3488,0.5,7.81,1.4734,-0.8484,-1.3378,237.6174,144.0,2014.0,12.0,invierno,enero,SO,5.6
2014-01-13,,985.03,992.45,1.917,88.2972,77.9,96.9,5.2631,1.1162,0.27,2.33,0.4683,1.9151,0.64,3.61,0.6769,-0.9894,-0.2715,195.3431,144.0,2014.0,13.0,invierno,enero,S,3.08
2014-01-14,981.8038,979.9,985.0,1.2797,97.4299,96.0,98.7,0.6626,0.7783,0.18,1.03147586,0.3368,1.3972,0.4,3.28,0.5289,0.009,-0.2315,272.2268,144.0,2014.0,14.0,invierno,septiembre,O,5.19
2014-01-15,983.9914,982.34,985.08,0.6775,87.8556,71.0,98.7,8.5618,1.6692,0.23,4.42,1.0007,2.599,0.48,7.05,1.4392,-1.3263,-0.7305,208.8468,144.0,2014.0,15.0,verano,enero,SO,6.22
2014-01-16,978.7325,975.67,982.25,,88.3917,81.7,93.2,3.1664,2.2076,0.39,2.47927029,0.5604,3.4231,0.8,3.93327843,0.9206,-2.1231,0.0308,179.1678,144.0,2014.0,16.0,invierno,enero,S,8.66
2014-01-17,978.084,976.65,980.38,0.9886,83.9174,72.1,94.5,5.1625,1.9736,0.33,4.39,0.8514,2.9851,0.68,6.45,1.1097,-1.7547,-0.2735,188.8578,144.0,2014.0,17.0,invierno,enero,S,8.51
2014-01-18,979.4482,977.63,980.86,1.1018,88.3542,71.3,95.9,7.2034,6.72336,0.792,12.420000000000002,90.63,2.8358,0.44,5.13,59.605,-1.6518,0.1158,175.9896,144.0,2014.0,18.0,verano,diciembre,S,3.71
2014-01-19,976.5302,975.76,977.58,0.4418,99.2465,95.7,,0.7865,1.72,0.17,4.75,1.4001,2.5262,0.36,5.85,1.7783,1.1709,0.8139,34.8022,144.0,2014.0,19.0,verano,octubre,NE,1.27
2014-01-20,978.3763,975.99,981.47,1.7505,99.9174,99.5,100.0,0.1297,3.1995,1.37,4.72,0.7002,4.453,1.84,,0.9837,2.7173,1.6436,31.1684,144.0,2014.0,20.0,invierno,abril,NE,-0.9
2014-01-21,984.1192,981.43,986.42,1.547,97.4118,93.8,99.6,2.0709,1.2943,0.29,2.42,0.5007,1.8524,0.6,3.57,0.6757,1.0492,0.7271,34.7216,144.0,2014.0,21.0,invierno,enero,NE,-0.94
2014-01-22,987.7569,986.06,990.49,1.3768,97.0021,93.9,99.5,2.0941,8.8416,2.0160000000000005,13.14,0.7333,3.1334,0.72,4.65,0.8584,2.0678,1.286,31.8785,,2014.0,22.0,verano,octubre,NE,-1.05
2014-01-23,989.4953,985.57,991.57,1.6972,93.90690000000001,90.3,97.5,1.7809,1.892,0.2,3.58,0.905,2.4562,,4.33,,1.5206,0.9525,32.0627,144.0,2014.0,23.0,invierno,enero,NE,-1.24
2014-01-24,988.7223,984.55,993.93,3.3591,95.8688,92.5,98.7,,2.5065,0.19,4.14,1.0191,3.5017,0.4,5.45,1.3827,2.1334,1.2425,,144.0,2014.0,24.0,invierno,agosto,NE,-5.66
2014-01-25,993.223,984.48,995.7,2.6961,91.5549,87.3,96.7,3.2697,2.5879,0.97,4.07,0.6849,3.6843,1.68,5.33,0.8238,1.2303,1.4387,49.465,144.0,,25.0,invierno,enero,NE,-3.21
2014-01-26,980.942,972.65,984.45,3.0234,90.53609999999999,85.4,95.2,2.611,7.074000000000001,0.972,15.588,99.49,2.824,0.48,6.09,59.42,0.6927,0.3165,24.5522,144.0,2014.0,26.0,verano,septiembre,NE,4.63
2014-01-27,971.3433,967.29,975.08,2.3913,89.14439999999999,70.8,97.0,6.3506,1.9137,0.4,8.987811246249976,0.9635,2.9765,0.8,6.35,1.3101,-1.6817,-0.4382,194.6059,,,27.0,invierno,enero,S,3.05
2014-01-28,976.4178,975.04,977.75,0.7587,87.8264,76.0,95.0,5.7437,6.086880000000001,0.648,8.321400432,0.7887,2.5442,0.48,3.06335903,0.9735,-0.5285,0.207,158.6119,144.0,2014.0,28.0,verano,marzo,S,-1.53
2014-01-29,978.5856,976.91,981.68,1.4126,90.6181,87.2,94.9,2.6304,3.1631,1.26,4.63,0.7462,4.3333,1.96,,0.9095,2.5281,1.7415,34.5612,144.0,2014.0,29.0,invierno,enero,NE,2.92
2014-01-30,982.9751,981.4,984.0,0.7516,77.2785,61.93,89.1,8.1055,1.8336,0.43,3.4,0.7588,2.986,0.8,10.11629570364181,1.265,-0.9949,0.4007,158.0622,144.0,2014.0,30.0,invierno,enero,S,4.18
2014-01-31,982.7672,981.77,984.36,0.6419,84.0656,68.34,93.5,6.6055,4.1742,0.684,12.528,81.16,1.8233,0.46,4.93,53.115,-0.0268,0.1047,104.3289,144.0,2014.0,31.0,verano,mayo,E,8.77
2014-02-01,978.994,976.65,981.78,1.4777,80.1303,63.39,91.4,8.9651,2.2822,0.41,4.58,0.9604,3.5758,0.84,7.57,1.4481,-2.1016,0.0429,178.8297,144.0,2014.0,32.0,invierno,febrero,S,4.22
2014-02-02,987.0142,981.35,,3.4852,95.3222,,98.7,2.9729,3.12012,0.684,7.668,39.79,1.4299,0.48,3.06,27.03,-0.7265,-0.1353,190.5529,144.0,2014.0,33.0,verano,noviembre,S,3.33
2014-02-03,988.0833,983.73,992.37,3.2589,92.8549,81.0,100.0,7.658,,0.6120000000000001,15.48,1.0315,2.5233,0.36,6.55,1.6579,-1.2235,0.2233,169.6569,144.0,2014.0,34.0,verano,octubre,S,5.15
2014-02-04,984.8062,983.34,986.06,,79.6458,68.54,88.8,6.522,2.44,1.08,4.16,0.5561,3.7422,1.8,6.21,0.8352,-2.3432,,178.7862,144.0,2014.0,35.0,invierno,febrero,S,5.04
2014-02-05,977.2757,974.35,983.15,2.6309,79.053,65.26,89.9,8.4389,2.8195,0.75,4.93,0.9622,4.2476,1.32,7.01,1.3094,-2.7138,0.2007,175.7699,144.0,2014.0,36.0,invierno,febrero,S,9.22
2014-02-06,,975.6,982.32,1.6574,73.0815,56.09,84.8,7.8375,3.6406,0.37,9.44,1.8863,5.3007,0.88,12.93,2.6263,-3.2438,-1.3899,203.1941,144.0,2014.0,37.0,invierno,febrero,SO,13.39
2014-02-07,972.1305,968.88,978.16,2.6044,56.8173,46.8,70.7,,4.8838,1.1,12.63,2.8182,7.8067,2.76,18.78,4.1884,-4.3573,-1.7917,202.3517,144.0,2014.0,38.0,invierno,febrero,S,8.66
2014-02-08,973.0961,967.84,978.56,4.0827,67.6483,52.04,81.4,8.633,14.41944,4.572,26.568,1.5178,5.9502,2.16,14.914232458552124,2.3291,-3.8428,-0.581,188.5969,144.0,2014.0,,verano,junio,S,8.12
2014-02-09,971.2,967.9,975.15,2.05,67.5165,51.88,83.7,8.4113,4.7658,1.16,9.35,1.7048,7.4565,2.08,14.22,2.6428,-4.1202,-2.2497,208.6349,144.0,2014.0,40.0,invierno,febrero,SO,8.25
2014-02-10,972.4695,969.15,975.95,2.5855,67.9161,42.26,91.0,16.974,2.3487,0.64,,1.0715,3.6667,1.52,8.33,1.6189,-2.1626,-0.2027,185.3554,,2014.0,41.0,invierno,julio,S,6.74
2014-02-13,,965.31,977.03,3.7503,73.6144,58.3,90.5,8.2807,4.1844,1.28,3.1119814723064603,1.5273,6.5736,2.52,6.69216567,1.9411,-3.807,-0.9215,193.607,144.0,2014.0,44.0,invierno,febrero,S,7.7
2014-02-14,980.4106,972.53,984.19,2.9543,66.5081,51.58,82.7,8.6321,12.94308,4.5,26.604,1.3711,5.8053,2.7,9.51,1.7753,-3.0422,-1.3675,204.2041,144.0,2014.0,45.0,verano,enero,SO,11.43
2014-02-15,975.889,973.62,979.35,1.4685,63.5784,49.28,82.5,11.1158,3.9626,0.91,7.0,1.2263,6.2511,1.86,,1.8825,-3.7811,-0.7081,190.6075,144.0,2014.0,46.0,invierno,febrero,S,8.53
2014-02-16,982.5996,978.95,986.64,2.3452,75.5542,,89.2,7.4457,4.5866,1.1,5.78496401,2.0388,7.3494,2.04,9.00366579,2.9333,-3.6928,-2.5522,214.6496,144.0,2014.0,47.0,invierno,junio,SO,9.78
2014-02-17,988.9306,986.66,992.08,1.5906,78.0729,51.5,96.6,14.9799,8.99136,1.4400000000000002,23.040000000000003,1.717,3.7455,,9.17,2.3809,-2.0523,-1.2029,210.3749,144.0,2014.0,48.0,verano,febrero,SO,9.01
2014-02-18,989.663,985.56,992.62,2.618,81.0279,58.62,96.4,12.1608,1.3212,0.32,3.37,0.6523,2.2114,0.68,5.37,0.9142,-1.2198,-0.1805,188.4147,144.0,2014.0,49.0,invierno,febrero,S,9.98
2014-02-19,986.186,984.88,988.33,1.0441,75.2278,62.79,87.3,6.3059,2.1283,0.29,8.553771420400787,1.3893,3.6197,0.6,8.89,2.0338,-1.4418,-1.2066,219.9246,144.0,2014.0,50.0,invierno,enero,SO,10.45
2014-02-21,981.1401,979.22,985.7,,78.7091,65.94,91.5,6.7233,10.65636,1.26,11.495026351551854,1.75,4.506,0.72,7.95976251,2.4391,-2.4805,-1.2037,205.8857,144.0,2014.0,52.0,verano,mayo,SO,8.59
2014-02-22,,985.82,993.67,2.0619,74.0935,51.88,100.0,14.6486,2.8206,0.56,8.72,1.9292,4.4246,1.2,14.17,2.829,-2.316,-1.1057,205.5216,144.0,2014.0,53.0,invierno,febrero,SO,9.82
2014-02-23,995.8353,993.74,997.39,0.9404,73.6094,52.32,92.3,13.5579,1.937,0.22,6.52,1.605,3.0506,0.6,8.93,2.2204,-1.776,-0.4165,193.1973,144.0,2014.0,54.0,invierno,febrero,S,14.3
2014-02-24,992.1099,989.37,995.77,2.2277,64.4614,35.28,96.5,20.664,1.9594,0.23,10.097952900095418,1.136,3.1863,0.4,7.17,1.7471,-1.8157,-0.0186,180.5876,144.0,2014.0,55.0,invierno,febrero,S,14.03
2014-02-25,987.5483,985.78,989.58,1.0936,62.5394,35.26,86.2,15.4259,7.773840000000001,1.1880000000000002,22.428,1.4511,3.3906,0.72,8.85,1.9857,,-0.7243,200.9547,144.0,2014.0,56.0,verano,agosto,S,14.47
2014-02-26,989.3497,987.48,991.56,1.1132,67.1558,40.67,80.1,11.0143,3.996,0.396,6.017356764,0.5158,1.9485,0.28,2.7588872400000004,0.8846,-0.5721,,199.9433,144.0,2014.0,57.0,verano,febrero,S,9.75
2014-02-27,989.435,984.21,992.32,2.7271,78.9669,61.17,89.2,8.2103,1.7225,0.25,4.78,1.2899,2.7578,0.48,6.89,1.8169,-1.4621,-0.2532,189.8268,144.0,2014.0,58.0,invierno,febrero,S,7.52
2014-02-28,979.246,976.72,984.1,2.2548,75.9109,57.75,90.2,10.5917,1.8829,0.2,5.17,1.2603,2.8826,0.44,7.93,1.7601,-1.6672,-0.5598,198.5591,144.0,,59.0,invierno,marzo,S,12.09
2014-03-01,975.9073,974.5,977.28,0.9751,72.8424,39.01,94.6,18.01,1.4632,0.18,2.85209289,1.0418,2.4333,0.4,4.40552039,1.6244,-1.2481,0.2314,169.4943,144.0,2014.0,60.0,primavera,marzo,S,8.95
2014-03-02,976.8696,974.25,978.83,1.2505,79.4264,62.56,90.7,8.8838,0.9956,0.14,1.76469364,0.5938,1.7375,0.36,2.70917756,0.913,-0.1392,0.0277,168.7537,144.0,2014.0,61.0,verano,marzo,S,11.61
2014-03-03,969.3042,966.93,974.04,1.8051,75.9683,41.15999999999999,98.2,20.907,1.5615,0.17,7.04,1.593,2.4497,0.44,9.69,2.335,-1.0032,-0.7039,215.0564,144.0,2014.0,62.0,primavera,marzo,SO,7.72
2014-03-04,976.3878,971.36,982.42,3.2277,79.5097,71.6,89.7,4.4073,0.9111,0.16,1.94489123,,1.4892,0.36,2.64082675,0.7665,-0.0707,0.0412,149.7502,144.0,2014.0,63.0,primavera,marzo,SE,9.88
2014-03-05,990.2767,982.55,998.56,4.789,,59.099999999999994,98.1,12.4542,1.1722,0.25,2.82102434,0.8246,2.1015,0.48,4.57950427,1.4117,-0.1735,-0.4686,249.6877,144.0,2014.0,64.0,primavera,diciembre,O,10.26
2014-03-06,1002.1792,,1003.8,1.4323,85.61,60.01,97.4,12.2734,1.0063,0.2,3.17,0.671,1.7378,0.4,4.61,1.0223,0.364,0.2445,33.8871,144.0,2014.0,65.0,primavera,marzo,NE,10.48
2014-03-07,1000.3983,998.34,1002.84,1.2879,83.1037,53.78,99.5,17.5803,1.3915,0.13,3.41,0.6786,2.2499,0.34,5.53,0.9903,-0.4033,-0.0472,186.6699,144.0,2014.0,66.0,primavera,marzo,S,11.02
2014-03-08,1005.7219,,1007.48,1.911,81.9524,66.61,95.1,8.4655,1.0845,0.2,2.46684287,0.8264,1.7757,0.44,2.98879451,1.1139,-0.0985,0.3493,105.7538,144.0,2014.0,67.0,primavera,junio,E,19.33
2014-03-09,1004.9954,1003.39,1006.74,1.0534,73.9136,34.89,99.2,25.6407,1.084,0.22,1.73362509,0.5464,1.8394,0.48,2.58490336,0.7954,-0.6349,0.1842,163.8178,144.0,,68.0,primavera,febrero,S,17.98
2014-03-10,999.2451,996.89,1003.24,1.8597,64.7992,28.54,95.3,21.899,4.743720000000001,0.792,16.668,1.1137,2.1735,0.56,6.36,1.5229,0.0422,0.527,85.4251,144.0,2014.0,69.0,verano,abril,E,12.52
2014-03-11,1003.3102,998.86,1007.09,2.2924,75.4031,51.97,91.5,12.5022,1.7729,0.14,6.04,1.6399,2.7466,0.36,8.41,2.2738,1.0787,0.8077,36.8244,144.0,2014.0,70.0,primavera,enero,NE,13.55
2014-03-12,1006.1923,1004.18,1008.41,1.3385,73.3498,31.679999999999993,99.0,26.3416,1.1922,0.13,3.76,0.8515,1.9629,0.28,5.39,1.2799,0.1385,0.4649,73.4117,144.0,2014.0,71.0,primavera,marzo,E,17.7
2014-03-13,1001.3477,998.79,1004.19,1.6962,62.8631,35.85,92.48607962255193,18.686,0.8823,0.08699194,6.556936848409681,0.4518,1.6856,0.28,2.7588872400000004,,-0.2491,-0.0575,192.999,144.0,,72.0,verano,marzo,S,16.73
2014-03-14,997.3494,990.02,1001.2,3.5885,65.2675,36.39,92.7,,3.85272,0.468,5.70418578,61.82,1.8321,0.28,2.33635496,46.55,-0.5508,0.1854,161.3973,144.0,2014.0,73.0,primavera,abril,S,11.35
2014-03-15,988.2601,985.46,990.23,1.4795,64.663,41.24,87.9,9.9482,9.5256,2.3400000000000003,19.116,96.73,5.7172,1.44,10.77,99.47,-0.3804,-2.3112,,144.0,2014.0,74.0,primavera,junio,O,11.74
2014-03-16,986.5933,983.77,989.83,1.8914,78.2631,66.09,89.5,4.5496,3.3674,1.03,5.71,0.9835,7.0118,2.08,13.17,1.9228,-0.9654,-3.147,252.9461,144.0,2014.0,75.0,primavera,marzo,O,11.77
2014-03-17,990.8143,,992.54,0.9599,67.6494,60.040000000000006,75.3,4.594,1.9806,,2.47927029,0.7865,4.1331,1.12,5.523988190000001,1.5512,-0.5643,-1.6966,251.6012,144.0,2014.0,76.0,verano,marzo,O,12.85
2014-03-18,987.8017,984.48,991.69,2.4195,69.4992,56.53,82.4,6.7484,2.5138,0.37,6.65,1.4636,4.099,,9.15,2.1326,-1.8423,-1.5556,220.1777,144.0,2014.0,77.0,primavera,marzo,SO,13.17
2014-03-19,991.875,985.73,995.35,3.2916,66.6317,55.84,77.6,5.939,3.144,0.73,,0.9459,6.061,1.64,10.21,1.6056,-1.752,-2.388,233.7344,144.0,2014.0,78.0,primavera,diciembre,SO,20.52
2014-03-20,990.3983,984.78,997.0406311638482,3.608,46.6265,,83.1,17.4491,3.6486,0.66,6.12,1.2352,5.4782,1.56,9.69,1.6437,-3.4513,-0.2815,184.6636,144.0,2014.0,79.0,otoño,noviembre,S,19.92
2014-03-21,982.6692,979.96,984.97,1.5063,47.9029,36.16,78.3,9.2391,4.9416,0.7,12.21,3.4911,7.7055,1.46,18.13,5.2174,-4.1114,-2.3344,209.5877,144.0,2014.0,80.0,otoño,marzo,SO,11.57
2014-03-22,978.9374,976.47,984.01,2.1338,78.8364,67.36,91.4,6.6667,2.4794,0.48,6.87,1.5567,3.8163,0.96,11.03,2.2698,-1.8353,-0.8983,206.0781,144.0,2014.0,81.0,primavera,marzo,SO,8.5
2014-03-23,979.3338,977.46,981.37,0.9299,72.2712,58.2,84.2,7.7946,1.2592,0.31,3.25,0.6283,2.1495,0.48,4.85,,-0.1158,-0.7354,261.0529,144.0,2014.0,82.0,otoño,marzo,O,8.69
2014-03-24,983.9062,981.01,985.69,1.4305,77.1523,46.75,95.8058280787077,11.5278,1.431,0.27,1.90760897,0.6919,2.6486,0.64,3.08821387,1.1537,-0.2969,-1.03,253.9178,144.0,2014.0,83.0,primavera,marzo,O,7.68
2014-03-25,984.1702,982.62,985.74,0.8932,80.7,54.9,95.2,13.4642,1.3121,0.26,4.94,0.7964,2.1544,0.56,6.63,1.1513,-0.2079,-0.0803,201.129,144.0,2014.0,84.0,primavera,marzo,S,10.29
2014-03-26,987.6263,984.64,989.95,1.6368,73.1031,42.09,97.6,21.7104,2.3828,0.33,5.71,1.6179,4.1292,0.76,10.09,2.7042,0.2369,1.732,82.2124,144.0,2014.0,85.0,otoño,marzo,E,12.61
2014-03-27,988.4392,986.66,989.7,0.9775,63.9574,45.97,83.1,11.5443,4.0932,0.96,,1.3619,6.3543,2.76,7.18926247,2.1507,2.7311,2.4075,41.3974,144.0,2014.0,86.0,primavera,marzo,NE,7.36
2014-03-28,993.159,989.71,995.87,1.7532,84.935599999999,67.18,94.3,6.4318,2.5081,0.23,4.49,,3.5055,0.52,,1.5302,2.1438,1.0824,26.7892,144.0,2014.0,87.0,primavera,marzo,NE,15.67
2014-03-29,995.4552,993.25,997.6,1.475,80.1496,54.45,98.8,16.9498,6.61572,0.7200000000000001,18.576,1.4173,2.9636,0.52,7.95,1.9298,0.8814,1.0615,50.2954,144.0,2014.0,88.0,primavera,septiembre,NE,19.6
2014-03-30,990.643,988.36,993.28,1.6682,72.9338,38.75,99.1,23.4908,1.3248,0.17,4.84,1.0545,2.1724,0.4,7.63,1.4604,0.0983,0.3855,75.6948,144.0,2014.0,89.0,primavera,julio,E,17.43
2014-03-31,987.7712,986.66,990.7477989045144,0.5795,69.9704,46.27,88.9,13.6648,2.63808,0.5760000000000001,12.096,45.81,,0.32,4.8,39.04,-0.0854,0.108,128.3377,144.0,,90.0,primavera,mayo,SE,19.01
2014-04-01,986.2028,984.61,987.68,1.1147,69.2804,38.37,94.7,18.5963,1.3712,0.19,4.28,0.9958,2.2211,0.36,5.8,1.3524,0.1132,0.5498,78.3651,144.0,2014.0,91.0,otoño,abril,E,21.79
2014-04-02,982.26,979.54,986.1467670555654,2.2501,59.5044,32.75,85.1,18.0312,1.5571,0.17,4.17,0.9908,2.5942,0.44,6.32,1.5466,-0.7346,-0.0232,181.8103,144.0,2014.0,92.0,otoño,abril,S,22.85
2014-04-03,978.859,977.96,980.36,0.5914,59.4502,34.58,86.0,17.0027,1.2124,0.13,3.57,0.707,2.33,0.44,5.92,1.2852,-0.1756,-0.1925,227.6351,144.0,2014.0,93.0,primavera,abril,SO,16.2
2014-04-04,982.3479,980.38,984.68,1.3453,75.4183,64.04,83.2,4.2235,7.4574,0.5760000000000001,18.396,155.17000000000002,3.0147,0.4,6.65,104.175,1.5282,0.9318,31.3727,144.0,2014.0,94.0,primavera,octubre,NE,15.7
2014-04-05,987.131,984.4,990.54,1.7958,78.8821,63.3,89.9,8.3202,1.3579,0.16,4.11,0.9517,2.0816,0.4,5.48,1.232,1.0974,0.4793,23.5955,144.0,,95.0,primavera,abril,NE,18.67
2014-04-06,991.201,990.2,992.31,0.5941,67.6858,41.07,93.0,18.6247,4.5126,0.684,11.088,0.7013,2.3634,0.52,7.798076897250128,1.4588,-0.1623,-0.6065,255.0162,144.0,2014.0,96.0,primavera,agosto,O,21.44
2014-04-07,989.7513,985.13,992.38,2.5458,64.8967,47.1,86.9,12.6244,1.6476,0.34,4.18,0.8795,2.7544,0.76,6.24,1.2099,-1.3781,-0.0846,183.5126,144.0,2014.0,97.0,primavera,abril,S,18.24
2014-04-08,987.0324,983.26,992.84,3.1809,58.1615,37.76,83.1,9.4658,3.2399,0.96,4.87776235,1.5899,5.9182,1.76,7.81063347,2.8797,-1.6073,-2.4191,236.3998,144.0,2014.0,98.0,otoño,abril,SO,10.74
2014-04-09,994.3257,992.93,995.96,0.8716,62.8723,51.739999999999995,78.1,7.1802,10.2924,,16.632,0.7467,5.7918,2.04,9.53,1.3427,-0.59,-2.7705,257.9784,144.0,2014.0,99.0,primavera,agosto,O,11.75
2014-04-10,993.5949,992.32,996.5668227349436,0.6785,84.8024,67.73,96.3,8.4869,1.6983,0.29,3.25,0.7127,3.3575,0.56,6.33,1.5068,0.0892,-1.295,,144.0,2014.0,100.0,primavera,abril,O,14.05
2014-04-11,992.1678,990.47,994.12,0.9073,81.3068,58.32,100.0,13.0586,1.3132,0.27,3.04,0.4711,2.0769,0.64,4.4,0.72,-0.5606,0.0508,174.8253,144.0,2014.0,101.0,primavera,abril,S,15.39
2014-04-12,990.2311,988.03,992.16,1.5012,,,93.8,,1.2161,0.21,5.027745472120088,0.6043,2.0135,0.44,4.08,0.8563,0.3091,0.3085,44.9469,144.0,2014.0,102.0,primavera,abril,NE,14.52
2014-04-13,989.6699,988.36,991.21,0.8219,62.1604,49.13,80.7,8.7636,1.9832,0.82,2.47305658,0.6357,3.6789,1.32,5.01446397,1.4009,-0.37,-1.8642,258.7728,144.0,2014.0,103.0,primavera,abril,O,11.62
2014-04-14,986.3617,983.91,990.23,1.8857,73.4942,46.92,89.2,11.0792,2.551,0.46,5.05,0.9769,5.4304,1.08,12.45,2.3119,-0.3787,-2.3578,260.8743,144.0,2014.0,104.0,primavera,abril,O,7.83
2014-04-15,994.4229,990.1,999.11,2.6274,74.6232,57.38999999999999,89.5,12.121,2.6724,1.07,4.3,0.6487,5.1691,1.68,8.37,1.2004,-0.2168,-2.5738,265.1848,144.0,2014.0,105.0,primavera,abril,O,10.25
2014-04-16,1002.4419,999.19,1004.06,1.2356,67.1001,31.21,89.5,19.3718,2.1028,0.33,4.91,1.3001,3.4991,0.6,7.53,1.9452,0.8647,0.981,48.6081,144.0,2014.0,106.0,primavera,abril,NE,14.07
2014-04-17,995.3473,985.12,1002.75,5.8325,56.0298,31.46,92.6,22.8599,2.2961,0.4,5.18,1.3373,3.6494,0.72,8.69,2.1514,-2.0321,-0.4921,193.6121,144.0,2014.0,107.0,primavera,abril,S,10.43
2014-04-18,984.5772,981.9,988.26,1.6432,83.5793,46.90999999999999,95.2,11.6157,1.4331,0.2,3.53,0.6836,2.6559,0.56,7.35,1.3476,-0.3945,-0.7005,240.6159,144.0,2014.0,108.0,primavera,abril,SO,15.77
2014-04-19,988.8917,985.55,991.72,1.8731,90.3672,69.63,99.2,9.5765,6.63696,0.648,11.363632848000002,114.74,2.9362,0.27340324,10.649236228280216,85.17,1.1005,0.818,36.622,144.0,2014.0,109.0,primavera,junio,NE,18.35
2014-04-20,982.9925,981.08,985.49,1.0434,70.9654,46.91,91.9,13.7838,3.4281,0.17,6.91,1.9148,5.4464,0.36,10.61,2.6926,1.5204,2.2196,55.5891,144.0,2014.0,110.0,primavera,marzo,NE,15.66
2014-04-21,979.5032,,981.74,0.9152,78.5585,55.06,99.2,17.8179,7.18344,0.6120000000000001,13.913739432,166.1,3.3709,0.4,6.145359190000001,138.54999999999998,-0.6398,1.2771,116.6093,144.0,2014.0,111.0,primavera,marzo,SE,18.96
2014-04-22,985.0186,980.48,993.0402847746936,2.7748,71.0733,45.23,93.2,15.4676,,0.21,4.42,1.191,2.8489,0.42,7.28,1.831,-0.9939,-0.9056,222.3384,144.0,2014.0,112.0,primavera,septiembre,SO,20.02
2014-04-23,992.4969,990.16,993.66,0.9095,69.6828,43.84,95.4,17.3637,5.19768,0.792,15.48,93.79,2.5131,0.48,6.56,74.845,0.5699,0.3284,29.9571,144.0,2014.0,113.0,primavera,diciembre,NE,17.94
2014-04-24,992.756,990.57,994.42,1.2541,82.5337,68.12,95.3,7.7851,2.5465,0.26,6.06,1.7867,3.7235,0.56,7.49,2.3081,1.7118,1.241,35.9415,144.0,2014.0,114.0,primavera,abril,NE,21.46
2014-04-25,987.2624,984.82,990.54,1.714,76.7497,49.19,98.7,17.5579,2.6985,0.73,5.15,1.0427,4.0803,1.26,8.05,1.6504,2.0486,1.4725,35.7091,144.0,2014.0,115.0,primavera,abril,NE,20.87
2014-04-26,983.8672,980.87,986.04,1.8722,72.7869,53.04,95.7,14.5179,5.52636,0.792,15.732,108.75,2.5154,0.44,6.32,78.66499999999999,0.4472,0.682,56.7487,144.0,2014.0,116.0,primavera,julio,NE,19.84
2014-04-27,979.9775,978.44,982.13,0.9999,86.6183,55.78,95.7,11.3544,1.452,0.22,6.01,1.172,2.5454,0.52,8.21,1.7201,-0.2798,-0.2644,223.3728,144.0,2014.0,117.0,primavera,diciembre,SO,15.79
2014-04-28,983.0274,981.51,984.93,0.9227,91.0,82.1,97.7,4.7945,1.675,0.38,4.4,1.1029,2.711,0.88,6.17,1.3348,0.8959,0.4459,26.4586,144.0,2014.0,118.0,primavera,junio,NE,20.0
2014-04-29,984.6822,983.22,986.02,0.8242,76.2468,45.55,98.8,19.295,1.2186,0.16,3.03,0.738,2.061,0.36,4.8,1.1421,0.2904,0.5231,60.9617,144.0,2014.0,119.0,primavera,abril,NE,20.48
2014-04-30,983.2212,981.92,984.2,0.6656,66.4882,38.45,98.01898387107629,21.7023,1.6469,0.18,,1.1734,2.6421,0.36,4.17561312,1.8274,0.7352,0.6981,43.5209,144.0,2014.0,120.0,primavera,septiembre,NE,17.55
2014-05-01,983.998,983.45,984.91,0.3602,,65.25,95.9,7.7663,1.0676,0.24,3.72,0.6521,1.7892,0.52,7.964590440442773,1.0021,0.134,0.0809,31.1095,144.0,2014.0,121.0,primavera,mayo,NE,10.81
2014-05-02,988.3263,983.84,993.91,3.5091,94.7549,89.4,96.9,2.0448,3.5334,0.28,9.464820462670152,1.7441,5.2055,0.64,9.63,2.3989,3.0151,1.6041,28.0139,144.0,2014.0,122.0,primavera,mayo,NE,10.82
2014-05-03,995.1645,993.57,996.74,0.7587,69.2547,44.71,91.2,17.0711,3.0611,0.24,3.81521794,1.5788,4.7885,0.54,6.17021403,2.3284,2.3885,1.2255,27.1624,144.0,,123.0,otoño,enero,NE,12.18
2014-05-04,995.6599,994.19,996.97,0.9143,70.744,,93.5,14.5299,1.6276,0.13,3.69094374,1.3316,2.9838,0.28,5.02689139,2.1333,0.8715,0.2904,18.4307,144.0,2014.0,124.0,otoño,mayo,N,15.77
2014-05-05,991.7995,989.34,994.99,1.8509,67.6186,48.0,93.0,16.5209,1.5399,0.2,4.09,1.0619,2.5886,0.44,6.32,1.6751,0.4398,0.6555,56.138,144.0,2014.0,125.0,primavera,mayo,NE,21.22
2014-05-06,985.6488,983.02,989.59,2.0283,62.569,39.99,91.5,16.3076,2.6874,,6.75,1.5292,4.0888,0.68,10.09,2.3263,-2.2847,-0.9787,203.1883,,2014.0,126.0,primavera,mayo,SO,17.15
2014-05-07,983.903,981.19,987.14,1.6893,60.8926,41.58,78.4,9.085,2.939,0.69,9.572582324511206,1.0495,4.9297,1.38,12.36078259275672,1.9114,-1.7839,-2.0419,228.8566,144.0,2014.0,127.0,primavera,octubre,SO,17.19
2014-05-08,986.295,983.1,987.67,1.174,70.5422,48.52,94.5,15.5507,3.158,0.46,7.47,1.4713,5.1512,0.96,12.33,2.6658,-2.4216,-1.8975,218.0812,144.0,2014.0,128.0,primavera,mayo,SO,19.07
2014-05-09,984.3493,981.98,988.04,,71.1765,49.35,90.3,14.1355,12.6108,3.564,18.544196124,1.4639,6.048,1.72,7.33839151,2.257,-2.7089,-1.9429,215.6487,144.0,2014.0,129.0,primavera,marzo,SO,15.89
2014-05-10,985.1487,978.07,989.14,3.6021,76.5047,49.24,91.4,12.7877,3.2664,0.62,6.83,1.6582,5.0612,1.2,11.53,2.3641,-2.8496,-1.0795,200.7484,144.0,2014.0,130.0,primavera,mayo,S,14.85
2014-05-12,982.7341,981.06,984.8,0.9439,64.7776,39.57,88.4,14.141,3.3465,,4.13211715,1.4958,5.7651,1.04,7.26382699,2.798,-2.3715,-2.1729,222.497,144.0,2014.0,132.0,primavera,mayo,SO,14.1
2014-05-13,987.694,984.82,992.71,2.1953,78.279,54.44,,9.4396,6.981120000000001,1.116,13.968,75.22,3.4888,0.92,7.31,69.04,-0.5272,-1.7076,252.8422,144.0,2014.0,133.0,primavera,diciembre,O,13.14
2014-05-14,997.6089,992.86,1001.53,2.227,74.6139,48.64,88.3,11.9444,2.7862,0.97,2.64082675,0.6888,4.9095,2.3,8.37,1.055,-0.4808,-2.5783,259.4361,144.0,2014.0,134.0,primavera,mayo,O,13.43
2014-05-15,1003.7094,1001.52,1004.68,0.9088,76.2363,60.04,90.1,8.639,6.0156,1.944,13.68,0.6847,3.2339,1.04,6.85,1.2548,0.2796,-0.1522,331.4424,144.0,2014.0,135.0,otoño,mayo,NO,16.22
2014-05-16,1000.9394,997.33,1004.3,2.5723,65.3276,44.25,88.9,14.8679,2.9508,0.46,4.49251233,1.8528,5.0317,1.4,12.21,2.6658,1.8714,1.1345,31.2247,144.0,2014.0,136.0,otoño,mayo,NE,17.15
2014-05-17,993.8467,990.54,997.23,2.2663,67.9159,44.07,83.9,9.7734,1.9828,0.44,5.13,1.0459,3.8188,1.14,12.997205837016802,1.6127,0.9868,-0.0473,357.254,144.0,2014.0,137.0,otoño,mayo,N,12.15
2014-05-18,987.1952,984.74,991.05,1.8749,87.65,79.7,94.1,,1.1294,0.26,4.01,0.5418,2.0333,0.52,5.51,0.8357,-0.2667,-0.7019,249.1916,144.0,2014.0,138.0,primavera,julio,O,23.62
2014-05-19,983.951,983.07,985.42,0.5268,75.2432,40.08,97.82502988410587,18.4402,5.19264,1.0080000000000002,11.412,0.6453,2.3212,0.68,4.88,0.9835,-0.2057,0.3598,119.7596,144.0,2014.0,139.0,primavera,abril,SE,26.34
2014-05-20,987.0241,985.43,988.16,0.6399,61.7153,30.83,96.7596649794388,20.6065,1.2145,0.16,2.62839933,0.7884,2.1663,0.4,4.30610103,1.3347,-0.228,0.4702,115.8664,144.0,2014.0,140.0,primavera,mayo,SE,27.66
2014-05-21,986.9764,983.96,988.99,1.6748,57.6149,33.6,91.1,20.0428,6.78636,0.684,10.200426336,1.2223,3.2204,0.44,4.80319783,2.0362,-0.6644,1.1489,120.0418,144.0,2014.0,141.0,primavera,enero,SE,27.59
2014-05-22,981.9853,980.07,983.84,1.0248,61.518,45.88,85.2,11.4179,1.729,0.2,4.79,1.1464,2.9903,0.44,7.28,1.7697,0.3718,0.4473,50.2677,144.0,2014.0,142.0,primavera,mayo,NE,20.43
2014-05-23,984.0603,981.52,986.76,1.6357,71.5606,59.8,86.4,8.3336,5.55588,0.684,10.826768304,0.8549,3.1101,0.48,6.816439870000001,1.758,-0.0778,-0.995,265.53,144.0,2014.0,143.0,primavera,diciembre,O,20.8
2014-05-25,993.671,992.28,995.12,0.874,66.1203,41.01,98.5,21.1509,1.8024,0.16,4.59,1.095,3.0992,0.32,6.68,1.7742,0.6023,,47.9237,144.0,2014.0,145.0,primavera,mayo,NE,23.78
2014-05-26,988.6928,984.13,993.2,3.1187,61.7867,40.36,90.6,16.6812,3.7608,0.19,4.5360083,2.2136,5.8135,0.32,7.773351209999999,3.384,1.9289,2.9769,57.0585,144.0,2014.0,146.0,otoño,mayo,NE,18.31
2014-05-27,982.5199,981.9,984.03,0.4068,88.0711,66.06,96.6,8.4015,2.0615,0.49,3.51074615,1.0266,3.1559,0.7456452,11.980400116264978,1.2567,1.4916,0.6571,23.7741,144.0,2014.0,147.0,primavera,diciembre,NE,13.97
2014-05-28,984.2763,982.12,987.3,1.6652,93.3236,87.4,97.2,2.5495,1.6467,0.4,2.485484,0.7533,3.0557,0.92,3.58531067,0.9643,1.4052,0.5714,22.1263,144.0,2014.0,148.0,primavera,mayo,N,9.58
2014-05-29,989.9255,987.03,993.36,2.0714,91.5639,79.1,97.5,5.6546,9.24732,1.656,11.497848984,123.12,3.9967,1.22,4.45523007,74.75500000000001,2.2177,1.1602,27.6161,144.0,2014.0,,primavera,octubre,NE,17.72
2014-05-30,994.479,993.29,,0.6008,71.2165,46.88,95.06162288764428,15.2083,1.9813,0.22,4.98,1.0279,3.2003,0.46,6.81,1.5925,1.207,0.669,29.0002,144.0,2014.0,150.0,primavera,mayo,NE,20.12
2014-05-31,994.1938,,995.47,0.9483,62.9165,38.1,95.5,20.5675,,0.13,3.25,0.6949,2.4554,0.3,6.64,1.4073,0.1914,-0.5376,289.5955,144.0,2014.0,151.0,primavera,mayo,O,18.79
2014-06-01,993.5734,992.39,994.65,0.7058,64.1725,37.49,88.8,14.6091,1.7544,0.19,2.81481063,1.2214,3.0406,0.36,7.73606895,2.0608,0.935,0.767,39.366,144.0,2014.0,152.0,verano,junio,NE,18.6
2014-06-02,992.1694,990.46,993.66,1.2158,67.7495,47.89,91.6,15.5814,1.6967,0.18,8.402340505984954,1.3188,2.8419,0.4,7.2,2.0811,0.9976,0.8681,41.0289,144.0,2014.0,153.0,verano,junio,NE,21.07
2014-06-03,988.4721,986.53,990.75,1.4013,62.3335,36.75,91.0,17.634,1.6249,0.27,4.39,1.0723,2.8542,0.6,6.24,1.7668,0.6236,0.6468,46.0448,144.0,2014.0,154.0,verano,febrero,NE,21.92
2014-06-04,982.7552,979.95,986.49,2.0393,65.9567,43.66,91.9,15.77,5.75532,0.972,11.654434476,1.0634,2.7374,0.56,5.64826239,1.6727,-0.3189,0.3834,129.7461,144.0,2014.0,155.0,invierno,julio,SE,18.68
2014-06-05,986.7611,982.06,991.78,2.9036,61.8967,38.34,96.1,19.9577,3.0915,,7.15,1.6278,5.0674,0.48,11.25,2.6833,-2.3327,-1.8195,217.953,144.0,2014.0,156.0,verano,junio,SO,26.59
2014-06-06,991.0578,988.98,992.94,1.3791,,28.77,85.9,18.731,1.6793,0.32,4.12,0.8421,2.9366,0.62,7.69,1.4913,-0.7037,0.2907,157.5548,144.0,2014.0,157.0,verano,junio,S,30.62
2014-06-07,990.1403,988.74,,0.723,55.1995,,87.5,19.0245,1.7504,0.21,4.11,0.9346,2.9697,0.48,7.4,1.5302,-0.5095,0.3196,147.9024,144.0,2014.0,158.0,verano,junio,SE,33.74
2014-06-08,,990.22,992.68,0.6962,50.7084,26.59,85.5,20.8959,2.2787,0.25,4.8,1.2761,3.6012,0.72,7.63,1.9708,-1.9242,-0.2214,186.5644,144.0,2014.0,159.0,verano,junio,S,31.32
2014-06-09,991.8494,989.54,993.8,1.325,67.301,48.57,87.0,11.0736,9.31608,0.432,22.896,170.36,3.8173,0.26,8.81,117.17,1.712,1.4659,40.5713,144.0,2014.0,160.0,invierno,marzo,NE,29.02
2014-06-10,992.2509,990.51,994.47,0.8034,68.3551,52.77,83.0,8.3718,8.25444,0.6120000000000001,19.152,1.3107,3.769,0.4,7.36,1.7925,0.394,0.7717,62.951,144.0,2014.0,161.0,invierno,abril,NE,24.17
2014-06-11,996.1465,993.4,999.17,1.8826,78.4263,,89.2,5.4206,6.000120000000001,0.648,16.668,0.9336,3.1904,0.44,12.376136041515586,1.7265,0.7876,0.0087,0.6308,144.0,2014.0,162.0,invierno,octubre,N,23.32
2014-06-12,998.5857,996.64,1000.31,1.2232,65.4815,45.25,86.7,12.7969,7.60968,0.939512952,34.76912330706855,1.2424,3.7221,0.84,,1.6977,1.6889,0.7658,24.3893,144.0,2014.0,163.0,invierno,abril,NE,21.67
2014-06-13,993.454,990.84,997.4,2.0934,63.9928,,88.3,13.4818,1.5492,0.2,3.57,0.7204,3.0813,0.48,,1.4983,0.1731,-0.9492,280.3334,144.0,2014.0,164.0,verano,junio,O,17.92
2014-06-14,991.6363,990.81,994.0,0.7954,72.6098,53.97,90.1,,6.12756,1.4400000000000002,13.14,0.7062,3.2116,0.8,8.35,1.1676,-0.0314,-1.2114,268.5144,144.0,2014.0,165.0,invierno,septiembre,O,20.22
2014-06-15,994.2544,993.23,995.2,0.5549,,36.73,94.2,20.0249,1.8345,0.13,5.33,1.3222,3.1244,0.34,8.57,2.0525,1.1806,0.7857,33.6447,144.0,2014.0,166.0,verano,junio,NE,19.94
2014-06-16,992.8268,991.34,994.64,1.1196,69.2106,52.55,88.0,10.6667,4.75632,1.116,12.384,0.6067,2.6322,0.64,6.68,1.3905,-0.1444,-0.439,251.7894,144.0,2014.0,167.0,invierno,septiembre,O,21.25
2014-06-17,993.0606,991.92,994.14,0.6398,70.2683,46.59,88.9,13.6568,1.4869,0.2,3.97,0.9249,,0.4,6.16,1.5321,0.8449,,31.8949,144.0,2014.0,168.0,verano,junio,NE,23.46
2014-06-18,992.8274,991.23,994.04,0.8578,64.196,39.39,92.4,16.8038,1.4342,0.16,4.82,0.9298,2.7791,0.4,8.41,1.7459,0.7003,0.3162,24.2976,144.0,2014.0,169.0,otoño,junio,NE,18.35
2014-06-19,990.4567,988.87,992.76,1.2525,75.7356,54.77,90.5,12.0506,5.69736,0.6120000000000001,8.16481494,,3.316,0.4,4.35581071,1.8375,-0.0153,-1.4059,269.3774,144.0,2014.0,170.0,invierno,agosto,O,17.83
2014-06-20,989.0148,987.95,990.5,0.7147,72.9859,53.31,87.1,9.3559,2.2028,0.59,3.89,0.6906,4.1719,1.56,10.399028267603486,1.2906,-0.3191,-2.1062,261.3838,144.0,2014.0,171.0,verano,octubre,O,18.01
2014-06-21,990.7974,990.09,991.45,0.4039,65.4127,46.50999999999999,79.0,10.4281,2.3233,0.72,4.12,0.6012,4.2336,1.44,7.81,1.2677,-0.4276,-2.2379,259.1816,144.0,,172.0,verano,junio,O,19.35
2014-06-22,991.9814,990.47,994.5,1.0521,64.8419,43.63,86.3,12.9479,6.15528,0.648,12.492,82.64,3.3459,0.36,7.61,82.08,-0.1495,-1.4069,263.9336,144.0,2014.0,173.0,invierno,marzo,O,18.87
2014-06-24,,993.764203716976,987.76,1.6626,69.0891,44.19,89.9,12.1935,1.4624,0.19,4.52,0.8533,2.704,0.34,6.77,1.5104,0.2598,-0.1819,324.9972,144.0,2014.0,175.0,verano,junio,NO,16.55
2014-06-25,986.4566,985.07,989.0,1.1015,83.4961,57.8,95.0,9.5135,1.3764,0.27,6.14,0.7872,2.8219,0.56,9.73,1.4386,0.6689,-0.1622,346.3718,144.0,2014.0,,verano,junio,N,18.04
2014-06-26,989.5799,988.5,990.47,0.5468,75.0585,52.56,92.4,12.9856,6.50268,0.648,25.2,148.22,2.9648,0.4,9.93,,0.6476,0.8904,53.9721,144.0,2014.0,177.0,invierno,noviembre,NE,24.24
2014-06-28,985.2396,981.35,988.05,2.0433,74.2674,46.11,91.3,13.8734,9.02484,1.332,18.320502564,1.7133,3.9868,0.74,12.13,2.519,-1.7961,-1.2043,213.8418,144.0,2014.0,179.0,invierno,marzo,SO,19.32
2014-06-29,981.0251,978.35,984.81,1.9432,83.9665,67.92,94.1,6.7489,8.910359999999999,1.404,23.796000000000003,1.5266,3.7656,0.84,9.45,1.963,-1.7158,-1.2866,216.8658,144.0,2014.0,180.0,invierno,noviembre,SO,19.67
2014-07-01,991.6646,990.46,993.05,0.7121,63.6876,34.02,94.9,22.3969,4.77684,0.8280000000000001,14.652,0.8239,2.6183,0.52,7.2,1.5334,-0.2613,-0.8366,252.6544,144.0,2014.0,182.0,verano,enero,O,21.89
2014-07-02,994.1597,992.8,997.07,1.0904,59.4842,37.18,90.9,18.0353,4.99212,0.684,9.104327892000002,0.7502,2.7396,0.36,3.77793568,1.4629,0.3801,-0.262,325.4284,144.0,2014.0,183.0,invierno,enero,NO,27.3
2014-07-03,995.7534,993.14,997.72,1.7033,53.3959,,89.7,20.9244,1.8366,0.21,6.32,1.2844,3.2765,0.6,10.25,2.2945,-1.1061,-0.7841,215.3328,144.0,2014.0,184.0,verano,julio,SO,31.28
2014-07-04,987.0617,980.88,993.45,4.5651,44.85099999999999,23.77,77.3,17.6905,2.1267,,4.79,1.2877,3.709,0.36,8.33,2.1011,-1.6287,0.5173,162.3786,144.0,2014.0,185.0,verano,junio,S,27.52
2014-07-06,984.6573,982.39,986.33,1.3739,57.79220000000001,37.32,86.7,16.5918,7.360200000000001,0.5040000000000001,16.596,1.1444,3.389,0.28,7.38,1.8823,-1.7354,-0.2564,188.403,144.0,2014.0,187.0,invierno,noviembre,S,24.41
2014-07-07,988.4429,983.69,991.06,,67.0718,55.1,88.1914934349137,6.018,2.2113,,5.5,,3.8551,0.6,8.85,1.9072,1.3392,0.2777,11.7164,144.0,2014.0,188.0,verano,julio,N,19.82
2014-07-09,977.7925,974.94,980.95,1.9061,87.2514,71.2,97.0,7.8756,9.47916,2.0160000000000005,22.68,1.3818,4.2549,1.48,8.65,1.9512,-1.5239,-1.5816,226.0637,144.0,2014.0,190.0,invierno,mayo,SO,23.69
2014-07-10,981.6379,979.94,984.56,1.1177,88.6685,64.61,96.3,6.2496,1.2826,0.24,4.67,0.7185,2.2481,0.56,12.13,1.296,-0.1755,0.1,,144.0,2014.0,191.0,verano,julio,SE,24.37
2014-07-11,985.1879,983.43,986.34,0.7276,87.5567,60.08,99.5,12.773,4.5234,0.7200000000000001,17.208000000000002,83.21,2.3455,0.44,7.29,72.02,-0.2745,-0.2846,226.0318,144.0,2014.0,192.0,invierno,octubre,SO,22.92
2014-07-12,985.458,984.08,986.18,0.6629,70.2794,43.8,96.456451100042,13.1847,5.82408,0.8280000000000001,11.833389324,0.9016,2.991,0.88,4.5360083,1.2856,0.9039,-0.0051,359.6768,144.0,2014.0,193.0,invierno,enero,N,21.28
2014-07-13,983.0162,981.64,985.06,1.0088,82.9234,53.0,95.4,12.3387,1.9927,,6.81,1.3991,3.0797,0.8,10.39,1.9426,-1.5015,-0.6642,203.8637,144.0,2014.0,194.0,verano,junio,SO,25.84
2014-07-14,985.6881,982.39,995.1532838599228,2.3298,69.1016,40.72,94.2,18.0302,2.0776,0.28,5.09,0.9671,3.7338,0.68,9.25,1.8018,-1.1216,-1.3444,230.1625,144.0,2014.0,195.0,verano,julio,SO,26.3
2014-07-15,993.0519,991.32,995.38,0.8142,,43.56,92.3,16.473,1.2497,,2.98,0.5357,,0.44,5.4,0.8862,-0.2839,-0.3001,226.5884,144.0,2014.0,196.0,verano,julio,SO,25.56
2014-07-16,995.1272,993.89,995.75,0.5318,66.6712,50.61,86.9,10.5795,4.10688,0.288,10.728,67.22,2.0708,0.24,5.0,,0.28,0.1336,25.5021,144.0,2014.0,197.0,invierno,julio,NE,27.97
2014-07-17,994.8722,993.46,996.02,0.7885,62.1031,38.11,88.3,17.5737,1.3631,0.17,2.28043157,0.9484,2.3743,0.36,3.77793568,1.5619,0.5223,0.8023,56.9367,144.0,2014.0,198.0,verano,diciembre,NE,30.03
2014-07-18,993.0212,990.86,994.87,1.5412,55.864,34.5,84.9,17.2601,1.2876,0.19,2.10644769,0.763,2.2407,0.44,3.6039518,1.2689,,0.6043,72.5536,144.0,2014.0,199.0,verano,diciembre,E,32.93
2014-07-19,988.6897,985.92,991.59,2.096,51.2316,28.27,80.2,15.9368,1.2217,0.17,2.01324204,0.7505,2.2479,0.4,3.3554034,1.328,-0.2841,0.5903,115.6989,144.0,2014.0,200.0,verano,julio,SE,33.56
2014-07-20,983.622,981.51,986.05,1.4958,54.1206,30.19,81.2,16.3518,1.2093,0.2,2.0505243,0.6769,2.1508,0.44,3.8525002,1.1048,0.0965,0.4005,76.4475,144.0,2014.0,201.0,verano,julio,E,24.27
2014-07-21,983.7086,981.17,985.67,1.2522,86.0718,63.41,94.2,7.4703,1.5716,0.34,3.32433485,0.9937,2.7308,0.9,5.32514947,1.4869,0.1756,-0.3689,295.4598,144.0,2014.0,202.0,verano,julio,NO,27.44
2014-07-23,990.647,988.82,992.24,1.2112,57.8874,36.95,77.4,14.1271,11.16576,2.3040000000000003,24.948,1.5581,4.7526,1.28,9.37,2.1506,2.4686,1.3953,,144.0,2014.0,204.0,invierno,septiembre,NE,22.66
2014-07-24,988.7947,987.84,989.45,0.4054,71.0803,55.1,95.4,10.2479,11.92536,1.368,25.56,,5.2022,0.8,11.21,2.463,2.416,2.0241,39.9558,144.0,2014.0,205.0,invierno,agosto,NE,22.84
2014-07-25,987.3142,,988.36,0.6197,84.1407,61.83,96.6,12.0471,4.61736,0.6120000000000001,13.608,84.71,2.3101,0.44,5.32,62.755,0.9305,0.2808,16.7953,144.0,2014.0,206.0,invierno,marzo,N,26.77
2014-07-26,986.995,985.64,988.0,0.5871,81.5729,50.580000000000005,98.7,15.2034,4.71312,0.432,10.692552168,1.1065,2.2528,,,1.7292,,0.5493,52.1011,144.0,2014.0,207.0,invierno,noviembre,NE,27.43
2014-07-27,988.1112,986.82,989.13,0.6404,82.4993,54.63,96.9,14.7477,,0.8280000000000001,12.456,0.672,2.0347,0.48,9.284024229282805,1.1539,-0.1634,-0.0354,192.2334,144.0,2014.0,208.0,invierno,junio,S,26.76
2014-07-28,985.9892,983.43,988.73,1.9376,80.1105,57.52,99.4,15.6784,1.8261,0.29,4.52,0.9445,2.9263,,7.28,1.469,0.6754,0.8261,50.7288,144.0,2014.0,209.0,verano,julio,NE,24.5
2014-07-29,982.151,980.53,983.78,1.0121,86.7125,72.0,96.9,7.6547,1.3315,0.27,4.4,0.7325,2.2517,0.64,5.76,1.0442,0.7184,0.2218,17.1551,144.0,2014.0,210.0,verano,julio,N,21.0
2014-07-30,982.9054,980.4,986.93,2.009,91.7629,85.2,97.5,3.3002,4.54248,0.972,11.52,,2.1703,0.48,4.72,0.9115,0.098,-0.3648,285.0298,143.0,2014.0,211.0,invierno,mayo,O,25.58
2014-07-31,988.4836,986.97,989.61,0.7975,68.5559,,92.2,16.4056,4.945679999999999,0.6120000000000001,10.116,0.6736,2.2807,0.44,4.6,0.9998,0.2967,-0.0845,344.0975,144.0,2014.0,212.0,invierno,noviembre,N,26.1
2014-08-01,986.7412,984.67,989.1,1.6464,64.229,37.82,94.2,19.7,1.4763,0.2,2.12508882,0.8752,2.5329,0.48,3.62880664,1.3938,0.0277,0.7411,87.8581,144.0,2014.0,213.0,invierno,febrero,E,29.76
2014-08-02,982.5197,980.15,985.01,1.436,68.538,41.6,95.0,18.7095,1.4485,0.15,3.54802841,0.9601,2.6471,0.44,9.49,1.7364,-0.7879,0.421,151.8845,144.0,2014.0,214.0,verano,agosto,SE,23.48
2014-08-03,984.3576,,986.3,1.334,90.4201,76.8,98.8,6.3689,4.6818,1.2240000000000002,18.504,0.6741,2.2215,0.8,9.89,1.1518,-0.4242,-0.3748,221.466,144.0,2014.0,215.0,invierno,marzo,SO,24.36
2014-08-04,988.4269,986.06,990.91,1.2009,86.548,62.98,97.2,9.8114,5.38488,0.684,27.108,1.2896,2.5356,0.52,11.57,1.9456,-0.2247,-0.1106,206.2094,144.0,2014.0,216.0,invierno,mayo,SO,22.6
2014-08-05,991.461,990.04,993.18,0.8191,86.9012,61.1,99.3,10.7671,1.4096,0.19,9.656095930597935,0.7457,2.5498,0.6,7.36,1.2989,-0.2519,-0.4628,241.4426,144.0,2014.0,,verano,febrero,SO,24.12
2014-08-06,991.326,988.91,993.21,1.6746,76.5847,,99.4,20.0694,1.201,0.16,3.21,0.5435,2.0182,0.48,4.84,0.8649,-0.3656,0.0028,179.5659,144.0,2014.0,218.0,verano,agosto,S,22.42
2014-08-07,988.7031,988.0,990.1,0.4778,77.5498,57.81,,12.7674,1.0394,0.16,3.22,0.6044,1.8908,0.52,,0.9577,-0.4277,-0.2691,212.1772,144.0,2014.0,219.0,verano,diciembre,SO,26.7
2014-08-08,987.8424,983.85,990.23,2.2822,69.6414,42.15,100.0,21.95,1.3049,0.23,2.74,0.6035,2.3807,0.48,4.8,1.0847,-0.2731,0.4039,124.0702,144.0,2014.0,220.0,invierno,marzo,SE,25.59
2014-08-10,983.8905,979.14,989.05,3.0737,71.2569,48.77,93.6,17.1381,2.3744,0.32,7.33,1.819,3.8346,0.56,11.49,2.814,-1.9659,-0.6882,199.2946,144.0,2014.0,,invierno,agosto,S,21.91
2014-08-11,985.4231,981.33,987.43,1.8271,62.8699,39.72,93.1,17.7528,2.4997,0.48,6.27,1.1412,4.18,1.0,9.97,1.958,-1.4119,-1.8605,232.8043,144.0,2014.0,223.0,verano,agosto,SO,22.28
2014-08-12,986.0342,984.43,987.47,1.0115,60.4666,38.31,85.59238206688116,14.2991,2.7781,0.54,6.87,1.8642,4.5901,0.86,11.05,3.0636,-2.1052,-1.6231,217.6321,,2014.0,224.0,verano,agosto,SO,21.22
2014-08-13,980.4995,977.45,990.0453373505088,2.2977,75.7284,50.73,95.6,14.0623,1.8467,0.44,8.752512687640946,0.835,3.0819,1.24,9.890621091461597,1.2484,-1.436,-0.3184,192.5037,144.0,2014.0,225.0,verano,agosto,S,19.97
2014-08-14,984.1313,980.29,985.32,1.2015,73.5339,51.76,93.8,12.7767,2.8392,0.4,6.2,1.2063,4.5415,0.8,10.29,1.9046,,-1.6271,218.764,144.0,2014.0,226.0,verano,agosto,SO,18.41
2014-08-15,985.6394,984.67,987.7,0.7663,83.2202,61.26,,9.0511,1.5813,0.32,4.83,0.8975,2.651,0.68,9.41,1.3986,-1.1412,-0.6935,211.2881,144.0,2014.0,227.0,verano,agosto,SO,19.17
2014-08-17,986.1887,,982.05,2.801,69.4848,53.18000000000001,89.5,11.1842,3.2969,0.25,8.27,2.0466,5.2983,0.48,16.596154333981225,3.1317,-2.8102,-1.5966,209.6025,144.0,2014.0,229.0,verano,agosto,SO,17.53
2014-08-18,981.2935,980.27,,1.0384,71.2333,60.09,87.85334659235623,5.6897,4.098,0.79,7.92,1.4503,6.3062,2.28,12.37,2.1357,-3.4961,-2.0321,210.1675,144.0,2014.0,230.0,invierno,agosto,SO,19.63
2014-08-19,984.7756,983.12,987.29,1.1036,71.7649,44.49,92.0,16.8953,,0.864,25.812,2.0718,5.032,0.68,10.65,,-2.4542,-1.7363,215.2793,144.0,2014.0,231.0,invierno,enero,SO,18.21
2014-08-20,989.0453,987.32,990.01,0.7197,61.998,41.43,84.8,14.1626,1.8293,0.23,,0.9251,3.3234,0.56,8.07,1.6666,-0.6655,-1.3936,244.4744,144.0,2014.0,232.0,verano,agosto,SO,18.57
2014-08-21,989.7632,988.99,990.49,0.4129,66.7721,45.75,92.9,15.4921,1.3457,0.3,2.99,0.5633,2.4154,0.68,6.29,1.1251,-0.4539,-0.8573,242.1021,144.0,2014.0,233.0,verano,agosto,SO,19.19
2014-08-22,987.8269,986.16,989.82,1.1912,63.5249,34.44,95.3,21.8543,2.1058,0.34,3.36783082,1.2601,3.5273,0.8,6.05836725,1.9996,-1.6148,-1.0549,213.1556,144.0,2014.0,234.0,invierno,agosto,SO,16.46
2014-08-23,986.8015,985.93,988.25,0.6048,81.0262,63.580000000000005,94.7,8.1723,1.0793,0.27,3.16,0.5595,1.9332,0.64,5.41,0.9494,-0.2768,-0.2327,220.0477,144.0,2014.0,235.0,invierno,agosto,SO,15.89
2014-08-24,990.726,988.21,992.41,1.3538,74.558199999999,53.41,97.31087634940336,12.5826,1.9218,,3.9,0.9048,3.3214,0.52,7.93,1.5197,-0.5338,-1.6678,252.2531,144.0,2014.0,236.0,verano,agosto,O,18.7
2014-08-25,988.7851,984.28,992.31,2.4131,70.7078,45.54999999999999,94.8,17.7631,2.1086,0.27,3.58531067,1.321,3.3883,0.56,5.561270449999999,2.1286,-1.7356,-0.7961,204.6411,144.0,2014.0,237.0,invierno,agosto,SO,15.1
2014-08-26,981.2731,979.07,984.13,1.2825,91.6062,76.7,97.2,5.5037,4.28508,1.044,20.518498660376483,0.5857,1.8747,0.58,4.68,0.7607,0.3248,0.3789,49.3967,144.0,2014.0,238.0,invierno,enero,NE,19.65
2014-08-27,988.3897,983.15,992.03,2.7505,73.1145,47.69,96.5,17.9052,1.1948,0.14,2.75,0.5539,2.3049,0.26,5.24,1.0357,0.6249,-0.1139,349.6686,144.0,,239.0,verano,agosto,N,22.65
2014-08-28,991.2331,989.48,992.75,1.0952,71.3174,45.81,96.6,18.7364,1.361,0.19,3.61,0.8018,2.3319,0.44,6.4,1.2932,-1.1423,-0.2686,193.2333,144.0,2014.0,240.0,verano,agosto,S,22.4
2014-08-29,989.2879,988.5,994.5280329146096,0.5601,80.3256,55.9,91.0,9.2871,1.1158,0.19,,0.499,2.0103,0.52,3.96,0.7035,-0.6012,-0.2044,198.7787,144.0,2014.0,241.0,verano,octubre,S,20.69
2014-08-30,990.6901,989.6,,0.5366,78.7112,56.66,98.2,15.5524,5.9472,0.8280000000000001,8.813526264,0.9811,2.7411,0.54,4.64785508,1.6485,-1.1235,-0.907,218.9154,144.0,2014.0,242.0,invierno,diciembre,SO,17.69
2014-08-31,987.3284,985.46,989.62,1.1374,87.0863,67.07,100.0,9.2358,1.5672,0.34,3.58,0.9135,2.582,0.76,5.27,1.1756,-0.8004,-0.578,215.8339,144.0,2014.0,243.0,verano,agosto,SO,18.63
2014-09-01,991.5592,988.59,993.15,1.3069,79.7785,61.74,91.5,8.7045,7.26192,1.8,13.68,0.859,3.4497,1.1,5.93,1.0359,-0.3982,-1.5985,256.0121,144.0,2014.0,244.0,otoño,julio,O,17.81
2014-09-02,994.2557,,997.4,1.6459,86.7097,71.6,93.9,5.8425,8.22672,1.548,19.836,,3.5063,0.84,7.69,1.4848,0.9035,0.0309,1.9561,144.0,2014.0,245.0,otoño,diciembre,N,16.45
2014-09-03,996.8422,995.96,997.95,0.507,85.516,70.9,95.4,6.1991,2.6664,0.35,3.00743564,0.9604,3.9582,1.0,4.40552039,1.4402,2.0942,1.4087,33.9278,144.0,2014.0,246.0,otoño,septiembre,NE,18.04
2014-09-04,994.0931,991.94,995.89,1.2602,90.4528,80.6,,4.801,1.8309,0.11,3.84,,2.6768,0.26,5.29,1.2357,1.339,0.7936,30.6552,144.0,2014.0,247.0,otoño,mayo,NE,25.47
2014-09-05,988.9982,986.78,991.84,1.7254,85.3168,58.37,99.7,14.5164,1.3326,0.16,4.37,1.0085,2.1225,0.4,5.52,1.3702,0.2247,0.394,60.3086,144.0,2014.0,248.0,otoño,enero,NE,25.5
2014-09-06,986.3894,985.01,987.26,0.6831,82.0411,54.57,99.4,16.0349,1.4355,0.24,2.55383481,0.9519,2.3238,0.52,4.23153651,1.4446,-1.0607,-0.2365,192.5713,144.0,2014.0,249.0,otoño,julio,S,23.35
2014-09-07,987.5481,986.66,989.49,0.7245,90.8213,67.35,99.5,8.4601,1.158,0.2,3.53,0.6775,2.0357,0.42,6.04,1.0219,-0.2272,-0.2809,231.0304,144.0,2014.0,250.0,otoño,septiembre,SO,21.85
2014-09-08,990.239,989.25,991.83,0.6783,84.6058,65.48,96.7,9.7038,1.125,0.18,3.28,0.6117,1.9528,0.4,6.28,0.9819,0.8672,0.1282,8.4108,144.0,2014.0,251.0,otoño,enero,N,19.6
2014-09-09,992.0113,991.39,992.8,0.4164,74.6381,51.47999999999999,93.3,12.5077,1.1686,0.13,2.01945575,0.6012,2.2208,0.14912904,9.059775081631328,1.0956,0.1239,-0.5941,281.7761,144.0,2014.0,252.0,invierno,septiembre,O,16.86
2014-09-10,991.1003,989.62,992.3,0.8046,77.3281,,,10.5022,1.1122,0.19,2.03188317,0.6946,,0.4,3.5356009900000003,1.2602,0.221,-0.2,317.8583,144.0,2014.0,253.0,otoño,septiembre,NO,15.2
2014-09-11,990.1323,988.38,992.14,1.19,87.3014,71.0,97.4,8.2661,8.72208,0.7200000000000001,26.136,157.51,3.7496,0.4,9.45,113.775,1.668,1.2961,37.8484,144.0,2014.0,254.0,otoño,junio,NE,15.49
2014-09-12,990.4804,989.08,992.95,,96.6368,93.9,98.5,1.472,4.2199,1.09,7.12,1.5535,6.4086,2.52,12.84604712154219,1.9132,3.3125,1.7127,27.3413,144.0,2014.0,255.0,invierno,septiembre,NE,16.01
2014-09-13,994.2662,993.01,995.23,0.658,98.0111,95.9,99.3,1.0873,1.4307,0.44,2.6718953,0.8173,2.6921,0.8,4.082407470000001,1.0243,0.2897,0.1209,,144.0,2014.0,256.0,otoño,noviembre,NE,16.08
2014-09-14,993.4678,992.27,994.64,0.6652,93.5729,84.0,98.9,4.2655,7.68708,1.764,9.216174672,76.85,3.5356,1.14,3.5356009900000003,52.025,1.8322,0.7875,23.259,144.0,2014.0,257.0,otoño,enero,NE,20.99
2014-09-16,990.8264,989.56,992.06,0.7404,79.7544,52.39,99.6,17.8488,1.5657,0.14,4.36,1.335,2.6564,0.36,7.08,2.0866,-0.294,0.9376,107.4074,144.0,2014.0,259.0,otoño,septiembre,E,22.75
2014-09-17,988.6456,987.17,990.17,1.0523,78.8535,56.74,,14.6253,1.3102,0.13,2.19965334,0.9783,2.286,0.24,3.67851632,1.6345,-0.6352,0.6045,136.4178,144.0,,260.0,otoño,noviembre,SE,22.22
2014-09-18,987.2101,986.51,987.66,0.3019,84.0555,58.36,99.4,13.1187,3.727440000000001,0.5760000000000001,8.424,0.5239,1.7279,0.4,3.72,0.7722,-0.5144,0.096,169.4328,144.0,2014.0,261.0,otoño,junio,S,24.16
2014-09-19,986.893,985.81,987.89,0.5951,84.7793,60.63,97.4,9.6879,1.5816,0.36,7.972568366497685,0.8903,2.506,0.72,5.76,1.2098,-0.7118,-0.2488,199.2638,144.0,2014.0,262.0,otoño,noviembre,S,21.93
2014-09-20,987.7013,986.8,988.22,0.2631,94.2333,75.1,99.8,6.2357,1.0917,0.29,3.98,0.6414,,0.74,5.81,0.9017,-0.6895,-0.4082,210.6307,144.0,2014.0,263.0,otoño,febrero,SO,18.0
2014-09-21,987.1624,985.57,988.7,0.7531,93.7194,80.2,100.0,5.8278,5.7006,1.0080000000000002,7.71742782,0.8566,2.7876,0.7,6.17,,-0.602,-1.1993,243.3436,144.0,2014.0,264.0,otoño,marzo,SO,13.0
2014-09-22,988.5848,,991.07,1.1578,85.6106,69.13,93.1,6.5126,2.4389,0.91,4.19,0.5644,4.4253,2.28,9.31,1.1883,-0.5248,-2.3166,257.2347,144.0,2014.0,265.0,otoño,septiembre,O,14.97
2014-09-23,993.0228,991.22,994.62,0.9611,73.0494,49.84,92.5,13.1502,1.7635,0.22,3.17,0.6833,3.1838,0.64,6.41,1.1577,-0.2107,-1.4075,261.4878,144.0,2014.0,266.0,otoño,septiembre,O,15.2
2014-09-24,988.7142,984.5,992.31,2.3843,82.6451,57.54,99.6,17.5703,1.6935,0.57,4.09,0.7364,2.8056,1.04,5.37,1.1241,-1.519,-0.0637,182.4009,103.0,2014.0,267.0,primavera,septiembre,S,16.18
2014-09-25,992.212,989.73,995.0,1.6242,71.6984,62.81,,4.2226,1.8628,0.6,3.4,0.6366,3.5566,1.42,6.07,1.4396,-0.395,-1.7657,257.3896,90.0,2014.0,268.0,primavera,septiembre,O,16.1
2014-09-26,995.986,994.32,998.49,1.237,84.5979,76.1,92.4,4.792,1.356,0.3,2.14994366,0.6833,2.6393,0.68,3.18763323,1.05,-0.4004,-0.8895,245.7636,144.0,2014.0,269.0,otoño,septiembre,SO,19.56
2014-09-27,1001.0069,998.49,1002.21,1.1314,79.5833,,95.5,11.6499,1.4108,0.17,3.0,0.7684,2.3656,0.4,5.28,1.0785,0.1142,-0.5504,281.727,144.0,2014.0,270.0,otoño,septiembre,O,22.54
2014-09-28,999.4642,997.22,1002.15,1.7964,84.5837,54.12,99.9,16.806,1.2797,0.13,2.92,0.6047,2.135,0.32,4.76,0.891,-1.0796,-0.214,191.2094,144.0,2014.0,271.0,otoño,septiembre,S,24.87
2014-09-29,997.2503,995.93,998.2,0.6316,77.0168,46.97,98.0,17.3912,6.260400000000001,0.6120000000000001,13.712415228,1.3321,2.9592,0.4,5.72282691,2.1183,-1.4123,,199.7584,144.0,2014.0,272.0,primavera,junio,S,21.17
2014-09-30,998.0174,997.11,999.21,0.5986,81.7728,63.0,94.9,10.7227,3.2778,0.432,8.604000000000001,55.19,,0.24,4.4,,-0.1347,-0.5474,256.1721,144.0,2014.0,273.0,otoño,noviembre,O,20.46
2014-10-01,1000.0186,999.18,1001.39,0.6275,83.9158,63.66,96.3,11.4888,0.8639,0.16,2.92,0.5718,1.5292,0.36,4.76,0.9473,0.093,0.1918,64.1343,144.0,2014.0,274.0,primavera,octubre,NE,21.26
2014-10-02,1002.0772,1001.29,1003.14,0.524,,55.64,99.7,15.1414,1.0194,0.13,4.6,0.7704,1.7429,0.44,5.8,1.0849,-0.0503,0.2383,101.9279,144.0,2014.0,275.0,otoño,febrero,E,19.59
2014-10-03,999.9862,997.7,1001.95,1.4507,86.7946,58.82,99.7,14.3769,1.3683,0.18,3.84,0.7675,2.1717,0.44,5.4,1.0828,0.1218,0.319,69.1054,144.0,2014.0,276.0,otoño,octubre,E,19.11
2014-10-04,993.7998,991.24,997.61,2.1037,82.2751,49.95,99.8,16.6496,5.13936,,14.112,0.9209,2.3862,0.48,5.69,1.4678,-1.2395,0.1782,,144.0,2014.0,277.0,otoño,julio,S,17.28
2014-10-05,991.0628,990.37,996.7024533253742,0.516,78.7384,56.05,97.7,13.4473,1.2364,0.17,3.21,0.7341,2.1075,0.42,4.64,1.0794,-0.7927,0.1571,168.7921,144.0,2014.0,278.0,otoño,octubre,S,15.99
2014-10-06,987.9572,984.67,990.55,1.8214,82.0814,62.29,96.0,11.0075,1.5465,0.25,3.26841146,1.2114,2.6485,0.56,5.49913335,,-1.125,0.5547,153.7526,144.0,2014.0,279.0,otoño,octubre,SE,18.69
2014-10-07,981.9628,980.21,984.59,1.1745,78.3338,54.35,93.4,10.3134,13.44132,3.96,20.24426718,1.9814,5.7951,1.96,8.55627867,2.9344,-3.6219,-0.5019,187.8902,144.0,2014.0,280.0,otoño,abril,S,18.23
2014-10-08,984.0038,981.22,986.35,1.921,,70.7,89.5,4.4159,2.3901,0.35,4.52,0.8961,3.5445,0.84,7.73,1.1751,-2.2087,-0.3576,189.1972,144.0,2014.0,281.0,otoño,octubre,S,23.25
2014-10-09,982.4131,980.64,985.58,1.2711,66.5753,54.74,79.8,5.9833,2.6776,0.24,10.2,1.7545,4.1665,0.64,15.09,2.7011,-2.2754,-1.0106,203.948,144.0,2014.0,282.0,otoño,mayo,SO,19.43
2014-10-10,989.1261,985.84,990.53,1.404,82.2761,64.93,96.6,9.2893,4.10364,0.792,11.232,61.970000000000006,1.9599,0.42,4.92,49.285,-0.4224,-0.0955,192.7455,144.0,2014.0,283.0,otoño,junio,S,16.59
2014-10-11,987.642,986.69,989.12,0.5809,94.6431,87.1,97.6,2.679,1.2136,0.24,3.15,0.6852,1.8616,0.48,4.61,0.9197,0.4276,,352.6476,144.0,2014.0,284.0,otoño,octubre,N,18.01
2014-10-13,982.3177,981.1,984.7,0.8218,84.403,62.07,98.0,9.5267,1.1868,0.19,3.24,0.5912,2.0412,0.44,6.18,0.9337,-0.6785,-0.2862,202.8728,144.0,2014.0,286.0,otoño,octubre,SO,19.62
2014-10-14,982.71,982.11,983.84,0.5625,81.9819,58.040000000000006,96.7,13.9281,1.54,0.18,5.01,1.1596,2.532,0.52,7.44,1.668,-1.1867,-0.5513,204.9162,144.0,2014.0,287.0,otoño,octubre,SO,18.84
2014-10-15,981.4546,980.46,982.35,0.5325,80.5397,52.9,95.8,13.6865,1.1461,0.34,3.5,,2.0641,0.8,6.73,1.0796,-0.4429,-0.5251,229.8565,144.0,2014.0,288.0,otoño,octubre,SO,18.69
2014-10-16,980.9064,979.39,983.03,1.0171,85.6029,59.96,97.3,10.0849,1.459,0.25,3.64744777,1.356,2.525,0.6,5.42456883,2.0611,-1.1165,-0.5758,207.2818,144.0,2014.0,,otoño,octubre,SO,16.25
2014-10-17,987.313,981.83,993.94,4.1022,87.5847,71.5,95.1,6.4345,1.1348,0.16,3.25,0.6395,2.1115,0.48,5.53,1.093,-0.723,-0.4807,213.615,144.0,2014.0,290.0,otoño,octubre,SO,18.64
2014-10-18,996.0824,994.09,997.61,0.7687,88.2629,64.53,99.8,12.2508,1.7956,0.36,2.8396654700000004,0.9257,,0.8,4.50493975,1.4273,-1.6979,-0.1428,184.8066,144.0,2014.0,291.0,primavera,octubre,S,22.32
2014-10-19,991.7189,988.87,995.53,2.235,79.1971,56.47,97.38556802750114,11.8794,12.3066,3.204,31.392000000000003,1.7254,5.2224,1.92,12.43,2.5069,-2.9768,-1.4297,205.6545,144.0,2014.0,292.0,otoño,noviembre,SO,17.77
2014-10-20,989.2554,987.45,990.66,0.8377,71.5794,57.59,90.4,,1.8345,0.27,5.24,1.0545,3.5068,0.64,8.63,1.8341,-0.5352,-1.4214,249.3659,144.0,2014.0,293.0,otoño,octubre,O,14.2
2014-10-21,980.8047,972.79,987.36,4.8583,80.2815,62.01,93.9,11.1074,3.3367,0.54,7.44,2.1985,5.5024,0.94,17.54,3.3865,-2.7134,-1.5052,,144.0,2014.0,294.0,otoño,octubre,SO,8.51
2014-10-22,982.4313,978.72,988.49,2.3956,87.4806,,95.0,6.7834,3.3657,1.72,5.44,0.6598,6.575,4.01,12.509582633028351,1.2337,-0.7059,-3.2288,257.6682,144.0,2014.0,295.0,otoño,noviembre,O,11.52
2014-10-24,995.968,994.14,997.58,1.3626,83.7294,59.34,,12.9829,4.0194,0.6120000000000001,11.484,0.7831,1.9128,0.32,5.01,,-0.9868,-0.0091,,144.0,2014.0,297.0,otoño,octubre,S,11.84
2014-10-25,994.3584,993.07,997.12,1.1396,87.3826,71.4,96.4,6.7958,6.16824,1.836,12.744,0.613,,1.08,5.17,0.8396,-1.6179,0.1337,175.2749,144.0,2014.0,298.0,otoño,enero,S,14.24
2014-10-26,999.5116,997.25,1001.12,1.0606,85.5424,71.6,93.8,6.1584,1.5514,0.26,3.99,0.7938,2.4966,0.58,5.49,1.132,-1.4233,-0.2083,188.3246,144.0,2014.0,299.0,otoño,octubre,S,14.57
2014-10-27,999.9598,998.43,1001.28,0.7933,,65.74,97.1,9.7343,2.1867,0.43,1.73359761918809,0.8526,3.368,1.02,3.78414939,1.1965,,0.2117,174.1641,144.0,2014.0,300.0,otoño,octubre,S,12.99
2014-10-28,994.7199,991.72,998.43,2.2585,84.0665,60.18,97.9,12.4804,1.8609,0.34,3.43,0.7306,2.8487,0.72,4.95,1.0215,-1.7067,-0.1105,183.7044,,2014.0,301.0,otoño,octubre,S,12.28
2014-10-30,997.468,994.68,999.47,1.5108,90.7958,84.3,96.5,3.6411,0.8883,0.28,1.06254441,0.2964,1.4875,0.52,1.54100008,0.4074,-0.8071,-0.1659,191.6173,144.0,2014.0,303.0,otoño,octubre,S,17.46
2014-11-01,995.3647,993.29,997.36,1.1451,82.9208,55.779999999999994,96.9,13.1149,5.3802,0.54,6.308158391999999,55.46,2.5081,0.34,,41.205000000000005,-1.3933,-0.0521,182.1401,144.0,2014.0,305.0,otoño,abril,S,19.02
2014-11-02,989.8871,985.45,993.2,2.1726,84.2979,54.88,98.0,12.6438,1.6217,0.31,3.21870178,0.944,2.6426,0.68,4.02648408,1.2507,-1.4272,-0.2226,188.8644,144.0,2014.0,306.0,otoño,noviembre,S,18.16
2014-11-03,980.648,974.91,985.3,2.9294,72.9077,58.09,86.3,8.1462,3.1,0.8,5.95,1.0932,4.6328,1.4,8.63,1.7327,,-0.6164,191.9027,144.0,2014.0,307.0,otoño,enero,S,12.04
2014-11-04,971.6586,969.03,974.9,1.4371,73.7288,64.45,88.1,6.7405,1.5763,0.25,4.5,0.9415,2.7223,0.48,7.17,1.5101,-1.3659,-0.0192,180.8073,144.0,2014.0,308.0,otoño,noviembre,S,12.03
2014-11-05,974.3545,968.67,980.17,3.6714,89.8014,79.4,98.06167987043096,4.6177,0.9844,0.21,2.32,0.4948,1.8557,0.44,4.38,0.8115,-0.229,-0.5023,245.4888,144.0,2014.0,309.0,otoño,noviembre,SO,9.81
2014-11-06,984.6995,980.27,987.37,2.2055,91.3861,79.4,97.5,5.4594,1.1492,0.22,2.41713319,0.706,1.828,0.44,5.33,0.9722,-0.9034,-0.3538,201.3833,144.0,2014.0,310.0,otoño,noviembre,S,7.61
2014-11-07,984.0674,981.86,986.92,1.4653,93.9563,80.6,99.6,5.4544,6.88284,1.62,15.840000000000002,90.18,2.9751,1.12,7.61,63.095,-1.7823,-0.285,189.0845,144.0,2014.0,311.0,otoño,diciembre,S,12.33
2014-11-08,987.2187,,988.49,1.0952,83.3696,64.4,100.0,10.4776,1.8769,0.24,6.16,1.2693,3.0008,0.48,11.371341556781996,1.7911,-1.3788,-0.5858,203.0197,144.0,2014.0,312.0,otoño,noviembre,SO,10.32
2014-11-09,984.9278,983.84,987.03,0.8191,95.4938,78.5,99.7,5.7492,5.179320000000001,,10.8,0.6652,2.2696,0.72,4.73,0.9531,-1.2865,-0.2745,192.0463,144.0,2014.0,313.0,otoño,mayo,S,12.14
2014-11-10,985.7662,984.34,987.66,0.931,94.3167,72.5,99.9,7.724,1.3351,0.44,3.11,0.5717,2.2197,0.88,4.36,0.828,-1.2161,-0.1147,185.3858,144.0,2014.0,314.0,otoño,septiembre,S,8.78
2014-11-11,984.0925,979.65,987.58,2.7037,,95.9,100.0,1.1356,4.13676,0.792,11.736,0.7627,1.7585,,4.26,0.8893,0.3887,0.1682,23.4002,144.0,2014.0,315.0,otoño,mayo,NE,7.51
2014-11-12,978.9941,977.69,981.89,1.0808,99.9431,99.2,100.0,0.1283,,0.23,3.38,0.4732,1.4228,0.48,4.24,0.6525,0.2516,0.0626,13.9801,144.0,2014.0,316.0,otoño,noviembre,N,9.35
2014-11-13,986.3404,982.05,988.87,1.9943,96.5458,89.4,100.0,3.7206,0.6885,0.19,,0.3283,1.1503,0.48,2.52,0.4217,-0.5007,0.0092,178.9498,144.0,2014.0,317.0,otoño,noviembre,S,14.27
2014-11-14,985.3237,982.51,988.62,2.1087,88.0681,71.5,96.6,7.8447,1.2078,0.12,2.05673801,0.7806,2.012,0.24,5.69,1.203,-0.6836,0.1608,166.7621,144.0,2014.0,318.0,otoño,noviembre,S,14.37
2014-11-15,978.5284,975.54,982.37,1.9177,88.5799,71.0,99.8,10.152,0.8312,0.18,1.40429846,,1.4721,0.4,2.24936302,,-0.2076,0.0517,166.0257,144.0,2014.0,319.0,otoño,noviembre,S,10.1
2014-11-16,975.302,973.13,979.53,2.0549,89.4222,74.1,97.6,7.538,6.71364,0.8280000000000001,29.628000000000004,1.7715,2.9003,0.44,10.99,2.5473,-1.1761,-0.4799,202.1956,144.0,2014.0,320.0,otoño,febrero,S,10.39
2014-11-17,981.4435,979.59,982.41,0.7085,88.5458,71.8,98.3,7.104,,0.8280000000000001,10.872,69.23,2.0191,0.6,4.93,50.925,0.1041,0.2008,62.598,144.0,2014.0,,otoño,abril,NE,8.13
2014-11-18,981.7001,980.72,984.3,0.9923,95.2806,,97.2,1.8758,17.423640000000002,6.336,24.66,87.02,6.9531,4.12,9.73,53.025,3.8339,2.8925,37.0329,144.0,2014.0,322.0,otoño,junio,NE,4.91
2014-11-19,992.1147,984.41,998.5,4.6165,96.5361,92.7,99.3,1.4921,5.56632,1.152,15.768,1.1352,2.6059,0.48,6.53,1.6124,1.0618,0.434,22.2292,144.0,2014.0,323.0,otoño,noviembre,N,5.08
2014-11-20,1000.0792,998.61,1000.89,0.6675,97.5903,92.5,100.0,2.4771,1.5728,0.26,4.45,0.8928,2.2593,0.56,5.57,1.1609,1.0825,0.8914,39.4679,144.0,2014.0,324.0,otoño,noviembre,NE,5.89
2014-11-21,998.4978,996.83,1000.57,1.2591,88.0611,79.6,,5.4225,4.18716,0.756,5.323906728,45.23,1.7923,0.4,3.49,29.535,0.0123,0.4547,88.4485,144.0,2014.0,325.0,otoño,noviembre,E,9.49
2014-11-22,995.7819,994.92,996.8,0.4346,86.6033,69.57,93.8,7.4138,6.74676,1.4400000000000002,11.16,57.71,2.7599,1.04,4.53,35.120000000000005,-1.7548,-0.3475,191.2008,144.0,2014.0,326.0,otoño,noviembre,S,14.07
2014-11-23,995.2286,992.95,997.11,1.236,83.4828,,96.4,10.6241,2.1258,0.56,2.34878238,0.7811,,1.04,3.4113267900000004,0.9701,-2.0288,-0.2327,186.5429,144.0,2014.0,327.0,otoño,noviembre,S,9.02
2014-11-24,995.8894,991.12,1000.86,3.2015,84.9125,,97.2,6.6694,1.6707,0.19,2.69053643,1.1071,2.7494,0.44,4.156971990000001,,-1.1701,-0.3657,197.3574,144.0,2014.0,328.0,otoño,noviembre,S,3.23
2014-11-25,999.8384,997.71,1001.0,1.0628,99.5833,97.0,100.0,0.4895,1.1685,0.21,1.18147187410146,0.6318,1.9085,,2.7651009500000003,0.8581,-0.5637,0.0139,178.5834,144.0,2014.0,329.0,otoño,noviembre,S,3.51
2014-11-26,993.5913,990.35,,2.1114,95.2806,86.2,100.0,,0.9924,0.23,2.14,0.4441,1.5386,0.52,2.88,0.523,0.1751,0.009,2.9492,144.0,2014.0,330.0,primavera,febrero,N,4.65
2014-11-27,986.9719,985.38,990.27,1.2484,83.5188,71.7,91.7,5.605,1.4124,0.17,3.82,0.9231,2.364,0.32,5.57,1.441,-1.2297,,175.6415,144.0,2014.0,331.0,primavera,noviembre,S,2.93
2014-11-28,988.4669,986.56,994.9399559987232,1.2265,85.4,82.1,89.9,2.2496,2.2347,0.71,3.71,0.7846,3.2995,1.22,5.65,1.0133,0.9126,1.4431,57.6892,144.0,2014.0,332.0,otoño,noviembre,NE,2.46
2014-11-29,990.9483,990.49,991.74,0.3167,88.2174,84.4,91.9,2.3506,2.3427,0.69,3.67,0.5854,3.406,1.16,4.79,0.7589,1.3768,1.551,48.4037,,2014.0,333.0,otoño,noviembre,NE,3.28
2014-11-30,988.0889,986.36,990.46,1.2673,88.6431,83.2,91.5,1.8133,6.97608,1.836,14.292000000000002,82.47,2.8388,0.88,5.75,54.255,1.3416,0.4178,17.2961,144.0,2014.0,334.0,otoño,agosto,N,0.53
2014-12-01,986.7674,986.2,987.46,0.3665,85.3569,81.0,90.8,2.963,4.2728,1.83,8.2,1.1338,6.6521,3.73,11.98,1.455,2.8104,3.1733,48.47,144.0,2014.0,335.0,invierno,diciembre,NE,-1.19
2014-12-02,988.0556,986.54,990.81,1.2894,84.6687,78.8,94.2,5.6807,3.1679,1.74,4.58,,,2.73,6.69,0.7288,2.4907,1.8839,37.103,144.0,2014.0,336.0,invierno,diciembre,NE,-2.22
2014-12-03,993.2532,990.83,994.8,1.3954,95.8806,92.2,98.5,2.0468,2.8358,1.68,4.19,0.5578,3.9994,2.4,5.45,0.7577,2.4099,1.4522,31.0723,144.0,2014.0,337.0,invierno,diciembre,NE,0.16
2014-12-04,990.9372,989.29,995.4306128138212,1.4622,98.51180000000001,97.6,99.1,0.3148,1.394,0.18,2.01324204,0.8499,2.0853,0.44,4.41,1.1472,0.9081,0.4081,24.2003,144.0,2014.0,338.0,invierno,diciembre,NE,2.7
2014-12-06,995.2242,992.93,997.21,1.4258,92.4701,82.5,97.9,4.579,0.7199,0.19,1.09361296,0.3775,1.2519,0.48,1.83925816,0.5755,-0.3448,-0.3207,222.9302,144.0,2014.0,,invierno,diciembre,SO,4.5
2014-12-07,993.5562,988.98,996.89,2.5054,88.6083,71.7,98.0,,1.4823,0.16,6.92,1.3887,2.3256,0.28,9.37,1.9678,-1.3139,-0.3444,194.6888,144.0,2014.0,341.0,invierno,diciembre,S,5.28
2014-12-08,991.1814,988.96,995.3469532747844,1.0192,82.9349,62.88,95.6,8.7136,6.72912,1.26,19.224,1.1076,3.1065,0.68,8.45,,-1.2856,-1.0342,218.8132,144.0,2014.0,342.0,invierno,marzo,SO,3.34
2014-12-09,999.3013,993.16,1007.1193333827492,3.0056,90.0,73.6,96.8,6.7097,0.9552,0.25,2.73,0.423,1.6971,0.5,4.87,0.6619,-0.8132,-0.1487,190.3635,144.0,2014.0,343.0,invierno,diciembre,S,3.13
2014-12-11,984.1915,980.43,,2.5549,82.9069,76.3,92.1,3.8451,3.7942,0.74,9.43,1.7504,6.1183,,13.62,2.4205,-3.2305,-1.7871,208.9505,144.0,2014.0,345.0,invierno,junio,SO,9.46
2014-12-12,977.5717,973.6,983.73,3.6157,75.6406,68.8,88.0,5.8231,7.1358,1.23,7.99083106,3.116,10.8069,2.12,13.04257729,4.5375,-6.3235,-3.2219,206.9996,144.0,2014.0,346.0,primavera,diciembre,SO,9.38
2014-12-13,983.1892,975.56,987.63,3.3729,90.8743,73.5,97.6,4.9055,5.52492,0.972,16.308,94.27,2.6835,0.6,9.17,85.59,-0.6852,-1.175,239.7519,144.0,2014.0,347.0,verano,enero,SO,3.0
2014-12-14,989.3657,987.52,991.0,1.1344,95.2722,90.8,98.2,1.6679,3.5125200000000003,0.8280000000000001,5.569969644000001,0.4289,1.6066,0.68,2.16858479,0.5592,0.2359,-0.2848,309.6284,144.0,2014.0,348.0,verano,agosto,NO,8.59
2014-12-15,987.6995,986.53,989.65,0.7937,84.8526,58.61,100.0,13.2699,2.379,0.31,6.77,1.8608,3.6788,0.68,9.53,2.5172,-1.8765,-1.1835,212.2392,144.0,2014.0,349.0,invierno,diciembre,SO,7.68
2014-12-16,985.3376,983.7,987.73,0.9878,86.141,76.6,95.8,5.9324,5.40972,0.972,18.144,93.04,2.5172,0.64,7.17,67.97,-0.9583,-0.8331,221.0028,144.0,2014.0,350.0,verano,octubre,SO,5.59
2014-12-17,982.5114,978.02,986.66,3.1391,85.1701,71.6,90.9,3.812,3.2538,0.32,4.02648408,1.7791,4.8967,0.72,6.1577866100000005,2.643,-2.8001,-1.2491,204.0406,144.0,2014.0,351.0,verano,junio,SO,13.08
2014-12-18,,982.66,985.67,0.6423,84.1403,77.2,89.6,,13.06224,3.276,25.632,1.3441,5.8158,2.6,9.89,1.6613,-3.234,-1.4489,204.1337,144.0,2014.0,352.0,verano,enero,SO,13.06
2014-12-19,985.2374,982.98,990.33,1.7536,78.7993,70.9,90.4,4.7558,5.0247,0.7,11.05,2.5099,8.1283,1.6,15.68,3.1944,-3.8305,-2.8303,216.4601,144.0,2014.0,353.0,primavera,diciembre,SO,5.87
2014-12-20,990.6366,987.51,997.3449922131764,1.7263,73.9926,66.58,89.1,6.3829,3.2608,1.28,6.83,1.164,6.3987,2.68,11.86,1.9873,-2.0156,-2.3849,229.798,144.0,2014.0,354.0,invierno,septiembre,SO,6.74
2014-12-21,998.1937,994.62,1001.54,2.0178,75.4176,68.83,81.8,3.1004,3.7688,1.15,7.85,1.745,6.5432,2.76,12.1,2.0088,-2.5474,-2.484,224.2785,144.0,2014.0,355.0,verano,julio,SO,9.52
2014-12-22,990.969,989.15,994.51,1.3366,,73.0,78.9,1.5964,6.3522,2.09,10.04,1.8025,9.88,3.84,14.72,2.1336,-5.2682,-3.4848,213.4836,144.0,2014.0,356.0,invierno,mayo,SO,10.72
2014-12-23,990.5824,989.75,991.72,0.5089,72.3149,66.91,77.8,2.9088,4.2265,1.49,5.1573793000000006,1.5657,7.276,3.84,7.06498827,1.6458,-3.2892,-2.5889,218.2059,144.0,2014.0,357.0,verano,diciembre,SO,9.41
2014-12-24,,987.66,990.74,0.8612,75.2713,68.54,92.9,5.7932,4.2544,1.17,5.54262932,1.9578,7.0231,2.56,8.3885085,2.4588,-3.4785,-2.1873,,144.0,2014.0,358.0,invierno,diciembre,SO,6.21
2014-12-25,992.9331,990.12,996.82,1.3877,77.0537,63.73,92.5,6.9431,2.7513,0.5,6.29,1.2013,5.2865,1.12,10.33,2.1546,-1.1437,-2.2558,243.1145,144.0,2014.0,359.0,invierno,diciembre,SO,2.57
2014-12-26,998.8459,995.71,1000.37,1.0592,78.8708,63.35,94.1,7.1624,1.2817,0.3,3.58,0.5251,2.5698,0.56,6.71,1.1651,0.0674,-0.7962,274.8392,144.0,2014.0,360.0,invierno,diciembre,O,-0.53
2014-12-27,982.7655,976.79,995.48,5.9712,77.764,55.17,95.1,12.7871,9.87336,2.592,23.616,1.4228,4.381,1.44,10.49,2.1955,0.1052,1.2963,85.3593,144.0,2014.0,361.0,verano,septiembre,E,-2.86
2014-12-28,993.6367,980.84,1002.11,7.0819,80.8005,66.1,85.2,4.3124,3.9299,0.31,5.80360514,2.6091,5.7447,0.6,11.5,3.3883,3.1446,1.7242,28.7362,144.0,2014.0,362.0,verano,octubre,NE,0.0
2014-12-30,1004.3228,1002.78,1007.31,1.2034,93.9049,88.7,96.9,2.3653,1.886,0.37,3.76,0.8798,2.9645,0.56,5.61,1.2254,-1.0982,-0.9194,219.9357,144.0,2014.0,364.0,invierno,diciembre,SO,3.21
2014-12-31,1005.2214,1004.17,1007.24,0.8911,93.3333,85.6,98.9,4.3831,0.9967,0.25,1.99460091,0.6961,1.7735,,0.29825808,0.9026,-0.4755,-0.1297,195.2508,144.0,2014.0,365.0,invierno,septiembre,S,6.53
2015-01-01,1006.468,,1009.07,1.7023,92.3896,76.7,99.1,6.6097,1.4349,0.21,4.15,1.0051,2.3583,0.48,6.21,1.4239,-1.2041,-0.2414,191.3381,144.0,2015.0,1.0,invierno,enero,S,4.98
2015-01-02,998.098,995.01,1001.64,2.2605,79.4693,63.93,91.2,6.102,11.98584,2.4480000000000004,,1.9581,5.738,1.8,7.49373426,2.6319,-2.6131,-1.6036,211.536,144.0,2015.0,2.0,verano,enero,SO,3.93
2015-01-03,995.6049,988.19,1002.31,5.2495,79.2022,,94.3,7.4552,2.715,,7.04,1.517,4.7299,0.68,9.89,2.2642,-2.0047,-1.5644,217.9662,144.0,2015.0,3.0,invierno,enero,SO,4.08
2015-01-04,999.0252,990.71,1004.74,4.0748,84.2604,78.1,91.4,3.4834,9.50508,5.4,13.5,0.4919,5.1375,2.52,10.45181763407914,0.9252,-0.2649,-2.6014,264.1857,144.0,2015.0,4.0,verano,noviembre,O,3.17
2015-01-05,1003.3024,1001.51,1005.29,1.0482,77.3969,63.55,,5.9809,1.9662,0.53,3.64,0.6565,3.9337,1.16,7.51,1.3445,-0.2535,-1.8165,262.055,144.0,2015.0,5.0,invierno,enero,O,3.35
2015-01-06,998.1798,995.46,1001.35,1.8443,81.2773,69.04,94.1,8.5212,5.91336,0.936,8.50035528,87.08,2.5493,0.54,3.26219775,64.69,-1.5095,-0.0478,181.8137,144.0,2015.0,6.0,verano,enero,S,5.06
2015-01-07,999.4615,995.59,1002.04,2.0521,81.1486,70.0,92.0,6.0815,5.57748,1.368,11.772,65.32,2.7024,0.96,5.57,43.835,-1.0755,-0.6137,209.7104,144.0,2015.0,7.0,verano,mayo,SO,44.978
2015-01-08,995.611,989.99,1000.79,,83.7792,76.4,90.6,3.7202,4.0428,0.64,7.82,1.7003,6.3356,1.2,12.3,2.4864,-3.4458,-1.577,204.5916,144.0,2015.0,8.0,verano,marzo,SO,10.18
2015-01-09,990.8044,984.33,999.42,5.2899,73.2474,59.43,82.5,5.4879,4.1764,0.93,8.79,1.7948,,2.04,14.57,2.924,-2.8026,-2.7201,224.1443,144.0,2015.0,9.0,invierno,abril,SO,15.95
2015-01-10,981.3463,977.58,985.29,2.142,75.3149,58.71,89.7,9.7951,3.6624,1.58,4.74727444,1.3081,7.5428,2.76,9.70581502,2.6261,-2.1173,-2.7278,232.1821,144.0,2015.0,,invierno,enero,SO,4.33
2015-01-11,986.9139,983.82,991.5,2.3602,69.9334,60.62,92.5,7.5656,3.3162,0.72,7.24,1.2313,6.813,1.68,14.3,2.3333,-1.5675,-2.8106,240.8513,144.0,2015.0,11.0,invierno,junio,SO,6.74
2015-01-12,990.2726,988.32,992.41,1.4284,74.1533,68.46,78.7,2.5686,23.74128,6.264,37.044,2.1952,9.9738,3.32,14.8,2.5597,-5.4668,-3.5446,212.9587,144.0,2015.0,12.0,verano,abril,SO,12.39
2015-01-14,983.7969,980.41,989.67,2.4614,74.8176,60.93,89.6,7.3715,3.7928,0.81,9.06,1.8828,6.2723,1.32,14.98,2.6554,-3.0596,-1.9437,212.4265,144.0,2015.0,14.0,invierno,enero,SO,7.81
2015-01-15,982.0063,977.25,989.8,4.153,,60.94,86.9,7.2908,15.420240000000002,1.836,17.380989612,146.4,6.55,1.58,8.23937946,107.305,-4.1823,-0.5299,187.2204,144.0,2015.0,15.0,verano,marzo,S,8.8
2015-01-16,980.17,977.97,982.37,1.0746,81.3104,61.89,97.2,12.3248,7.466760000000001,1.116,18.648,1.2897,3.2094,0.64,8.61,1.7878,-1.609,-0.5829,199.9135,144.0,2015.0,16.0,verano,mayo,S,4.9
2015-01-17,986.2192,979.5,990.94,3.5476,91.3035,76.9,98.4,6.3431,1.0997,0.21,2.47,0.4635,1.9652,0.48,5.21,0.8995,-0.3988,-0.7592,242.2876,144.0,2015.0,17.0,invierno,enero,SO,3.49
2015-01-18,989.8131,988.51,990.98,0.9285,89.7414,63.75,98.9,11.529,6.04116,0.936,10.73729088,1.0221,2.5944,0.72,4.60435911,1.4251,-1.3646,-0.5005,200.1424,144.0,2015.0,18.0,verano,septiembre,S,2.47
2015-01-19,985.9664,983.94,988.77,1.6204,91.1153,82.3,96.0,3.4528,0.4933,0.15,1.48,0.2254,0.9125,0.32,1.94,0.3187,-0.2151,-0.0934,203.4691,144.0,2015.0,19.0,invierno,enero,SO,1.22
2015-01-20,984.1382,982.98,986.68,0.9837,95.1667,91.0,,1.7624,3.67812,1.152,4.630456692,41.23,,0.62,1.9883872,29.735,-0.3967,-0.2229,209.3308,144.0,2015.0,20.0,verano,septiembre,SO,0.28
2015-01-21,987.4147,986.57,988.18,0.4772,88.3153,80.7,96.0,4.3384,5.97348,0.8280000000000001,15.984000000000002,0.9148,2.6906,0.6,6.61,,0.7923,1.0966,54.1524,144.0,,21.0,verano,abril,NE,-0.6
2015-01-22,989.0906,987.08,992.56,1.6377,94.8826,90.7,97.7,2.1029,2.5533,0.94,4.92,0.6855,3.9424,1.68,6.37,0.8982,2.2405,1.1627,27.4276,144.0,2015.0,22.0,invierno,enero,NE,-1.27
2015-01-23,996.1928,992.63,998.72,1.9759,95.5569,92.0,98.7,2.0739,1.6865,0.27,2.98,0.6412,3.1619,0.88,5.11,0.9826,1.5435,0.5427,19.3706,144.0,2015.0,23.0,invierno,enero,N,1.77
2015-01-24,993.6361,990.72,997.91,1.9367,89.2014,77.5,98.8,6.7411,1.731,0.41,3.12,0.7418,2.7244,0.88,4.89,1.035,-1.3131,-0.2657,191.4373,144.0,2015.0,24.0,invierno,enero,S,3.05
2015-01-25,998.4933,994.56,1000.17,1.5578,90.6833,80.4,98.87624711375886,3.8256,8.096400000000001,1.908,14.436,0.828,3.8202,1.08,5.89,1.0366,-0.638,-2.1154,253.2179,144.0,2015.0,25.0,verano,agosto,O,2.75
2015-01-26,993.8109,987.54,999.45,4.2775,93.0111,81.6,98.9,5.1149,2.196,0.36,6.38,1.5417,3.5493,0.58,10.41,2.2618,-1.9512,-0.647,198.3457,144.0,2015.0,26.0,invierno,enero,S,4.36
2015-01-27,990.152,987.41,992.66,1.6394,85.0653,75.4,93.6,4.0201,2.4113,1.21,3.81,0.4553,4.4602,,6.41,0.8795,-0.5112,-2.3319,257.6342,144.0,2015.0,27.0,verano,agosto,O,4.22
2015-01-28,982.7781,968.68,992.61,8.428,,70.7,91.1,5.9534,4.582,0.69,6.9593552,2.8243,6.896,1.28,10.52602474,4.2317,-3.9459,-2.0993,208.0141,144.0,2015.0,28.0,invierno,enero,SO,2.82
2015-01-29,963.1994,949.73,969.63,6.3753,78.3472,67.31,86.2,5.812,3.5938,0.79,9.99,1.9453,5.7759,1.7,16.86,2.8103,-3.1644,-1.2347,201.3154,144.0,2015.0,29.0,invierno,enero,S,2.42
2015-01-30,948.996,945.64,951.94,1.9265,82.5175,65.22,93.8,8.5488,8.496360000000001,1.26,23.904,1.3599,4.1019,0.8,9.77,2.2094,,-1.2081,213.6836,144.0,2015.0,30.0,verano,septiembre,SO,2.81
2015-01-31,955.5374,952.02,960.36,2.7965,79.1569,70.1,93.9,5.7776,2.3724,0.55,4.19,0.7977,3.7641,1.32,7.45,1.3207,-1.7379,-1.4228,219.3055,144.0,2015.0,31.0,invierno,enero,SO,1.17
2015-02-01,963.814,960.37,967.55,2.3952,86.5611,79.5,,4.8525,3.27096,0.648,3.377619593019468,0.5396,1.5188,0.44,1.9883872,0.6669,-0.5714,-0.2362,202.4564,144.0,2015.0,32.0,verano,octubre,S,3.21
2015-02-02,970.6642,967.55,972.54,1.5309,80.2319,63.57,90.3,8.4701,1.618,0.25,4.13,0.8403,2.9929,0.6,7.57,1.4556,-0.8552,-1.1849,234.1784,144.0,2015.0,33.0,verano,febrero,SO,2.31
2015-02-03,975.4255,972.47,979.12,1.988,77.9695,64.36,92.1,7.2394,2.1142,0.14,3.03850419,1.1206,3.477,0.32,8.01,1.7039,-1.2791,-1.5389,230.2684,144.0,,34.0,verano,junio,SO,-0.58
2015-02-04,985.0017,979.18,990.67,3.3747,82.6861,72.8,91.4,5.3263,1.1767,0.34,5.06,0.7606,,0.72,6.97,1.0919,0.5994,-0.1196,348.7157,144.0,2015.0,35.0,verano,febrero,N,-1.14
2015-02-05,994.0517,990.65,998.31,2.5006,83.046,69.83,93.1,,10.68264,1.368,,1.5171,4.5133,0.88,9.15,2.2381,1.9708,1.6789,40.4273,144.0,2015.0,36.0,verano,mayo,NE,-2.37
2015-02-06,1000.1858,997.53,1002.92,1.6689,79.8556,75.1,84.2,2.2334,16.567200000000003,9.504,24.804,0.8297,7.1839,3.97,11.14,1.3441,2.9766,3.4377,49.1118,144.0,2015.0,37.0,verano,octubre,NE,3.21
2015-02-07,1000.3842,993.54,1003.74,3.2608,76.9506,48.59,90.6,10.4702,1.8015,0.37,4.07,0.8566,3.2638,0.64,6.65,1.4095,-0.0247,-0.9278,268.4751,144.0,2015.0,38.0,invierno,febrero,O,2.38
2015-02-08,995.8265,991.02,1000.24,3.1937,65.5734,47.02,91.3,12.669,8.898119999999999,3.78,20.232,93.98,5.1731,2.64,9.77,80.67,0.7496,-0.9207,309.1493,144.0,2015.0,,verano,noviembre,NO,4.74
2015-02-10,1001.0601,998.83,1002.78,1.2765,86.7806,80.2,93.4,4.6812,4.93092,1.1880000000000002,5.659447068,38.67,2.6277,0.84,2.75267353,38.34,-0.2826,-1.2872,257.6184,144.0,2015.0,41.0,verano,agosto,O,6.05
2015-02-11,1000.2217,997.43,1002.53,1.6399,81.4483,69.09,96.2,6.6667,1.3887,0.3,2.7,0.591,2.2351,0.64,4.29,0.8513,-1.0719,-0.1857,189.8267,144.0,2015.0,42.0,invierno,mayo,S,6.72
2015-02-12,995.9842,994.77,997.41,,88.5129,64.43,96.5,8.8955,1.3274,0.17,3.13,0.7453,2.0378,0.36,4.04,0.9424,-0.5615,-0.1539,195.3254,144.0,2015.0,43.0,invierno,octubre,S,9.01
2015-02-13,991.9135,988.56,995.28,2.1911,79.9274,53.23,94.9,13.9482,2.2822,1.34,3.97,0.5325,3.4231,2.28,5.37,0.704,-2.1696,-0.0344,180.9096,144.0,2015.0,44.0,invierno,febrero,S,10.23
2015-02-14,985.9797,984.3,988.55,1.0928,74.3035,43.309999999999995,90.3,15.3883,1.6297,0.22,3.02,0.5847,2.6128,0.6,4.21,0.7718,-1.4448,-0.1899,187.4871,144.0,2015.0,45.0,invierno,febrero,S,3.1
2015-02-15,988.5638,985.99,991.33,1.6825,86.2081,68.17,93.7,6.4604,5.52024,0.7200000000000001,18.324,117.47,2.2924,0.36,6.41,74.63499999999999,0.9413,0.3507,20.4362,,2015.0,46.0,verano,octubre,N,9.55
2015-02-16,993.2787,991.33,995.44,1.0319,79.5885,54.39,97.3,14.3411,0.9852,,0.98842091428096,0.7007,1.7233,0.32,2.8396654700000004,1.1571,-0.5564,0.1987,160.3495,144.0,2015.0,47.0,invierno,abril,S,1.87
2015-02-17,1003.3202,995.47,1011.56,5.231,89.7778,83.6,96.0,4.1459,0.8415,0.19,1.77090735,0.4533,1.7006,0.4,2.86452031,0.9707,-0.0659,-0.2356,254.3628,144.0,2015.0,48.0,verano,febrero,O,4.14
2015-02-18,1011.6538,1008.31,1013.94,1.55,86.6694,75.5,95.2,5.3505,3.0744,0.936,3.981745368,0.3774,1.5131,0.56,1.77712106,0.5817,-0.4158,-0.2712,213.1207,144.0,2015.0,49.0,verano,enero,SO,7.54
2015-02-19,1002.3519,997.0,1008.32,3.4971,80.7745,50.24,96.5,13.5816,1.9797,0.38,5.29,1.4272,3.1076,0.72,7.89,2.1316,-1.8403,0.0635,178.0233,144.0,2015.0,50.0,invierno,julio,S,9.45
2015-02-20,988.1046,978.21,996.83,5.4032,71.8961,55.06,92.79300615116033,11.8951,3.156,0.54,6.06458096,1.9338,4.7422,1.08,7.785778629999999,2.7101,-2.8732,-0.5849,191.507,144.0,2015.0,51.0,verano,febrero,S,7.79
2015-02-21,973.7097,970.55,978.05,2.1288,68.2728,53.47,89.6,12.4035,11.43864,1.116,29.376,197.47,4.7947,0.96,13.94,146.22,-2.7167,-1.184,203.5486,144.0,2015.0,52.0,verano,diciembre,SO,5.02
2015-02-23,974.2248,970.2,981.66,3.0388,82.3258,64.64,93.9,8.0989,2.8049,0.6,6.24,1.4113,4.3633,1.2,9.45,2.0863,-2.6336,-0.4034,188.7083,144.0,,54.0,verano,agosto,S,6.03
2015-02-24,980.0022,973.56,987.38,4.4748,75.1967,59.42,91.6,9.0431,11.22552,1.152,30.708,1.9158,4.68,0.74,11.13,2.671,,-1.6397,213.5851,144.0,2015.0,55.0,verano,marzo,SO,7.74
2015-02-25,991.1885,987.3,994.73,1.932,74.6133,50.58,95.0,14.3462,5.49108,0.864,11.945236104,0.9721,2.6417,0.68,7.65,1.5512,-1.0642,-0.6412,211.0691,144.0,2015.0,56.0,verano,diciembre,SO,9.66
2015-02-26,992.849,987.47,995.69,2.688,70.9819,42.86,94.8,18.4177,6.76476,1.512,9.954363420000002,105.27,2.9998,0.76,4.156971990000001,76.58,-1.8079,0.0251,179.2058,144.0,2015.0,57.0,verano,enero,S,10.34
2015-02-27,986.1447,983.98,991.63,2.3086,68.6316,38.39,93.6,14.6422,1.764,,2.9,0.5683,3.0923,1.44,5.21,0.9132,-1.0576,-0.6469,211.4553,144.0,2015.0,58.0,invierno,febrero,SO,6.08
2015-02-28,992.032,987.42,994.37,1.7117,73.4816,51.29,94.5,15.6686,2.1144,0.29,3.34297598,0.83,,0.68,4.67892363,1.3732,-1.3126,-1.4574,227.9918,144.0,2015.0,59.0,invierno,febrero,SO,7.38
2015-03-01,979.8756,976.59,987.35,2.926,76.0478,69.69,84.3,3.1113,16.34292,5.724,32.4,1.8419,6.7133,2.48,13.26,2.6701,-4.2176,-1.3414,197.6434,144.0,2015.0,60.0,primavera,enero,S,8.27
2015-03-02,977.0121,970.93,985.25,3.7597,68.264,42.7,91.5,16.524,10.04688,3.996,24.66,0.9695,5.3003,2.08,12.94,2.1434,-1.3377,-2.1259,237.8214,144.0,2015.0,61.0,primavera,marzo,SO,8.14
2015-03-03,989.7763,985.39,992.25,1.6975,62.7897,42.66,93.4,13.3736,4.3799,0.67,5.17602043,1.7455,7.4158,1.56,8.21452462,2.3943,-3.2908,-2.6034,218.3481,144.0,2015.0,62.0,verano,marzo,SO,5.97
2015-03-04,995.3748,989.94,999.11,2.6492,76.2428,57.06,93.9,11.5923,2.3924,0.72,3.51695986,1.0431,4.1043,1.66,8.85,1.656,-1.3074,-1.8954,,144.0,2015.0,63.0,primavera,noviembre,SO,6.03
2015-03-05,1005.4548,999.29,1008.68,2.8812,73.9857,59.94,,8.971,1.9546,0.65,2.06916543,0.5477,3.8653,1.36,4.10726231,,0.0709,-1.6162,272.5109,144.0,2015.0,64.0,verano,septiembre,O,7.44
2015-03-06,1008.1967,1007.18,1008.9,0.4562,71.9397,56.92,82.9,6.3722,5.46588,0.648,10.728,0.7026,2.6717,0.44,6.01,1.1609,-0.5717,-1.173,244.016,144.0,2015.0,65.0,primavera,julio,SO,11.29
2015-03-07,1005.2676,1002.28,1008.16,,67.5272,43.83,94.6,16.4517,7.32708,0.5760000000000001,32.03918219553451,1.4619,3.1492,0.32,7.77,1.9814,-1.7148,-0.7006,202.2234,144.0,2015.0,66.0,primavera,julio,S,16.54
2015-03-08,999.1377,996.49,1002.43,1.9655,55.4772,,74.0,13.2513,2.1228,0.37,5.46,1.0552,3.2716,0.8,7.09,1.4561,-1.9591,-0.061,181.783,,2015.0,67.0,primavera,marzo,S,10.15
2015-03-09,,996.72,1001.19,1.328,79.024,59.95,95.9,7.8678,3.5265600000000004,0.6120000000000001,10.584,65.38000000000001,1.6496,0.4,4.24,43.635000000000005,0.0867,0.3046,74.1048,144.0,2015.0,68.0,primavera,enero,E,11.73
2015-03-10,998.9328,997.92,1000.16,0.5757,93.0698,66.31,99.6,8.5626,1.2594,0.3,3.07,0.5236,2.3713,0.92,5.21,0.8572,-0.4253,-0.545,232.034,,2015.0,,primavera,marzo,SO,8.15
2015-03-11,1001.2783,1000.25,1002.64,0.6966,77.0991,58.91,95.8,11.7767,1.3643,0.1864113,6.6260156931247,0.7245,2.6358,0.68,3.38647195,1.2473,0.0618,-0.8002,274.415,144.0,2015.0,70.0,primavera,marzo,O,5.17
2015-03-12,1003.5992,1001.99,1004.98,0.8418,84.4208,74.4,95.6,5.5026,8.08164,,10.938615084,119.07,3.3633,0.88,4.3930929700000005,74.18,1.5552,0.9909,32.5037,144.0,2015.0,71.0,primavera,enero,NE,1.95
2015-03-13,999.6194,998.69,1001.91,0.7926,90.2549,79.5,96.9,5.5903,2.2864,0.21,4.4,1.2257,3.484,0.36,6.45,1.7692,,1.119,33.3772,144.0,2015.0,72.0,primavera,marzo,NE,3.07
2015-03-15,999.9376,999.32,1000.66,0.3499,87.1542,72.8,95.8,7.4375,10.7802,1.512,19.908,0.8198,4.534,0.88,8.09,1.2829,1.804,2.1319,49.7631,144.0,2015.0,74.0,primavera,marzo,NE,13.06
2015-03-16,999.134,997.62,1000.4,0.7661,,49.29,94.9,16.4272,1.7965,0.18,4.9,1.3626,3.1185,0.36,8.21,2.2322,-0.8442,0.9796,130.7521,144.0,2015.0,75.0,verano,marzo,SE,15.43
2015-03-17,999.315,998.1,1000.61,0.748,67.3656,49.67,93.1,14.7903,1.4356,0.12,2.16858479,0.9434,2.4794,0.32,3.95191956,1.5747,-0.4745,0.5541,130.5735,144.0,2015.0,76.0,primavera,marzo,SE,16.23
2015-03-18,998.1251,996.83,999.08,0.6765,61.4294,37.43,90.1,15.6708,1.4724,0.16,3.4051130800000005,1.1933,2.5261,0.36,4.80319783,1.7593,0.2095,0.7823,75.0088,144.0,2015.0,77.0,primavera,marzo,E,12.9
2015-03-19,998.8267,997.83,1000.01,0.6548,67.1863,40.35,94.6,18.0772,1.5376,0.16,4.64,1.3228,2.4429,0.36,6.57,1.851,0.8033,0.6238,37.8319,144.0,2015.0,78.0,primavera,marzo,NE,12.5
2015-03-20,996.2599,991.45,999.44,2.7117,62.1875,33.19,90.5,19.0732,3.44808,,11.232,53.190000000000005,1.6856,0.3,4.36,42.69,-0.2933,0.2067,144.8239,144.0,2015.0,79.0,primavera,enero,SE,6.52
2015-03-21,989.0728,987.65,995.3428090677936,1.2848,77.8991,65.66,86.9,5.2122,4.74192,0.972,8.858264976,0.8038,2.5644,0.58,4.35581071,1.6682,-0.2471,-0.857,253.9139,144.0,2015.0,80.0,primavera,enero,O,3.51
2015-03-22,997.1898,992.08,999.79,2.0241,89.0181,79.4,96.2,,3.4687,0.18,8.12,2.1353,5.2831,0.34,11.54,2.9961,2.3539,2.0131,40.5376,144.0,2015.0,81.0,primavera,marzo,NE,11.23
2015-03-23,990.2049,984.91,996.15,3.4966,76.1807,49.95,95.1,15.7031,0.9641,0.16,3.66,,1.6167,0.32,5.17,0.8851,-0.5808,-0.0017,180.1724,144.0,2015.0,82.0,otoño,marzo,S,9.01
2015-03-24,982.7803,981.74,984.87,0.8324,78.7185,60.61,96.15482604820826,10.8285,1.2632,0.13,4.41,1.0809,2.1235,0.4,7.05,1.5453,-0.919,-0.313,198.8099,144.0,2015.0,83.0,otoño,marzo,S,17.84
2015-03-25,979.2253,976.23,982.37,2.3518,66.0401,35.28,96.1,21.6837,1.5378,0.18,2.9825808,1.3408,2.5949,0.32,4.44901636,2.0447,0.1943,0.9104,77.9522,144.0,2015.0,84.0,otoño,marzo,E,9.98
2015-03-26,980.0162,975.98,982.15,1.8709,79.2769,64.94,89.0,5.008,1.6736,0.21,3.26,0.7661,2.919,0.48,5.81,1.2691,-0.9301,-1.0127,227.4333,144.0,2015.0,85.0,primavera,marzo,SO,10.49
2015-03-27,987.6603,,,3.7799,72.4304,50.67,85.8,10.5617,2.5412,0.71,6.59,1.3532,4.6729,1.3,11.21,2.3259,-1.2868,-2.0396,237.7524,144.0,2015.0,86.0,primavera,marzo,SO,10.97
2015-03-28,991.734,984.66,995.64,3.6658,61.3075,41.81,78.3,14.4476,9.51408,2.3400000000000003,22.428,145.4,4.4212,1.04,8.53,105.64499999999998,-1.9083,-1.452,217.2667,144.0,,87.0,primavera,julio,SO,11.26
2015-03-29,974.7876,964.22,984.48,6.2049,80.1222,72.5,87.7,3.4699,5.31,2.18,10.41,1.5547,8.1371,4.2,14.53,2.168,-4.5285,-2.5083,208.9819,144.0,2015.0,88.0,primavera,diciembre,SO,8.94
2015-03-30,973.9794,965.61,982.49,5.694,68.1526,47.27,86.9,8.4073,11.17476,2.8800000000000003,22.032,118.67000000000002,6.7258,2.08,12.65,129.18,-0.8413,-2.8267,253.4254,144.0,2015.0,89.0,primavera,mayo,O,12.48
2015-03-31,971.2821,962.63,981.31,5.6798,72.3298,50.24000000000001,94.9,13.2953,4.2227,1.1,7.97,,8.3533,2.92,16.5,3.0557,-2.0416,-2.8876,234.7386,,2015.0,90.0,otoño,marzo,SO,7.09
2015-04-01,984.4565,977.61,988.79,3.4039,79.6978,47.56,93.6,11.2638,11.39184,4.5,7.408523634071509,0.8967,6.3873,2.8,6.89100439,1.8638,-0.6655,-3.001,257.4961,144.0,2015.0,91.0,primavera,febrero,O,4.94
2015-04-02,984.4169,978.4,992.17,4.171,82.8436,66.55,94.9,7.7867,3.333,0.36,6.69,1.5182,5.9285,0.84,10.07,1.9877,-1.5258,-2.4359,237.9371,144.0,2015.0,92.0,primavera,mayo,SO,7.89
2015-04-03,992.0984,,993.88,1.3278,68.3365,46.65,,10.2149,6.37992,1.296,9.5069763,80.61,3.4085,0.74,4.60435911,77.075,-0.2305,-1.315,260.0582,144.0,2015.0,93.0,primavera,junio,O,6.67
2015-04-04,989.5612,988.58,992.67,1.0998,71.554,38.93,92.9,17.1582,6.93072,0.792,23.616,165.53,3.0878,0.44,9.35,122.235,1.1551,0.8565,36.5577,144.0,2015.0,94.0,primavera,diciembre,NE,8.36
2015-04-05,995.4978,992.44,997.44,1.5865,65.771,40.25,92.6,17.8634,1.4717,0.14,2.81481063,1.1016,2.5938,0.26,4.7037784700000005,1.8864,0.7705,0.3186,22.4629,144.0,2015.0,95.0,primavera,enero,N,7.9
2015-04-06,1000.3309,996.72,,3.0544,59.51650000000001,44.16,87.3,11.9483,2.8104,0.24,7.06,1.8793,4.6121,0.48,10.37,2.8829,2.0546,,24.9235,144.0,2015.0,96.0,primavera,abril,NE,12.6
2015-04-07,1006.6178,1004.17,1009.06,1.6449,58.7497,34.08,87.1,16.7902,1.646,0.23,3.45,,3.0919,0.64,6.91,1.5709,-0.3435,-1.2252,254.3392,144.0,2015.0,97.0,primavera,abril,O,13.81
2015-04-08,1004.287,1003.24,1005.67,0.6812,70.6499,55.48,82.0,7.6327,7.366319999999999,1.26,13.443982956,1.0601,3.6477,0.88,4.52979459,1.4811,0.6562,-0.2548,338.7822,144.0,2015.0,98.0,primavera,abril,N,16.42
2015-04-09,1001.192,997.96,1005.3,2.7392,69.8333,52.239999999999995,83.7,10.8157,1.79,0.22,4.16,0.9873,2.9189,0.56,6.32,,-0.2302,0.6476,109.5726,144.0,2015.0,99.0,primavera,abril,E,20.53
2015-04-10,995.091,992.06,998.01,2.2069,64.9279,38.26,95.3,20.709,1.2811,0.21,3.26,0.6969,2.2628,0.42,5.76,1.1691,-0.8381,0.2649,162.4571,144.0,2015.0,100.0,primavera,abril,S,19.28
2015-04-11,992.8574,991.38,997.6,1.6531,63.1722,40.7,89.1,16.2954,3.1963,0.58,9.06,2.2327,5.245,1.18,12.93,3.2575,-2.7041,-1.4626,208.4087,144.0,2015.0,101.0,primavera,abril,SO,16.3
2015-04-13,1000.2933,995.66,1003.01,,55.0991,36.79,,10.3078,1.8832,0.5,2.44198803,0.7916,3.9718,0.84,5.08902849,1.6978,,-1.4125,267.083,144.0,2015.0,103.0,primavera,abril,O,17.06
2015-04-14,999.0558,994.12,1003.19,3.3433,,41.18,88.2,15.3017,2.1535,0.31,5.52,1.3851,3.6801,0.6,9.21,2.3971,-1.5595,-1.1578,216.5919,144.0,2015.0,104.0,primavera,abril,SO,23.71
2015-04-15,990.0878,985.94,994.04,3.0177,47.4407,26.12,79.6,,2.3208,0.4,3.89599617,1.4667,,0.68,5.996230150000001,2.6218,-1.188,-1.6534,234.3008,144.0,2015.0,105.0,primavera,mayo,SO,16.48
2015-04-16,987.0288,985.88,988.01,0.6688,61.6969,50.28,77.0,6.7937,2.265,0.35,3.5356009900000003,1.4948,3.6442,0.8,,2.1318,1.4916,0.8791,30.5145,144.0,2015.0,106.0,primavera,diciembre,NE,9.34
2015-04-17,989.0675,987.07,993.45,1.6544,59.8443,48.97,72.8,6.8208,2.4131,0.32,3.42996792,1.2826,4.0573,0.78,6.182641449999999,1.8799,1.759,0.6981,21.6454,144.0,2015.0,107.0,primavera,abril,N,9.98
2015-04-18,997.1031,993.51,998.94,1.4192,59.7462,42.18,82.2,13.0599,,0.21,5.72,,3.4779,0.52,8.45,1.9422,1.0989,0.5578,26.9118,144.0,2015.0,108.0,primavera,abril,NE,13.39
2015-04-19,995.8201,994.63,999.5093733050354,0.6723,59.4131,38.34,88.3,17.3747,1.8232,0.23,7.4215722122746755,1.3275,3.1117,0.48,7.85,2.0988,0.7487,0.7766,46.0478,144.0,2015.0,109.0,primavera,abril,NE,17.07
2015-04-20,998.2371,997.02,999.96,0.7638,57.0702,38.87,87.1,16.2664,1.9462,0.21,5.86,1.5222,3.5379,0.44,8.69,2.4943,1.2294,0.5904,25.654,144.0,2015.0,110.0,primavera,abril,NE,20.7
2015-04-21,1000.058,998.21,1001.58,1.0558,47.9479,24.95,81.3,18.7658,5.802840000000001,0.54,12.6,0.8816,3.2099,0.36,9.09,2.0191,0.0428,-1.1106,,144.0,2015.0,111.0,primavera,diciembre,O,10.37
2015-04-22,998.261,996.21,1000.11,1.3408,72.4694,56.06,89.4,8.8353,1.2822,0.27,3.59,0.5988,2.2755,0.52,4.61,0.8578,0.0956,-0.532,,144.0,2015.0,112.0,primavera,abril,O,17.74
2015-04-23,992.0242,988.74,996.25,2.5844,71.878,33.32,98.4,23.4222,4.90176,0.6120000000000001,10.8,0.5627,2.3808,0.52,4.92,1.0172,-0.7731,-0.1099,188.0889,144.0,2015.0,113.0,primavera,marzo,S,19.72
2015-04-24,987.0933,984.72,989.37,1.7892,56.7093,33.51,91.1,20.3066,2.2679,0.27,5.34,1.4601,3.6769,0.6,8.73,2.3613,-1.7364,-0.8544,206.2001,144.0,2015.0,114.0,otoño,abril,SO,19.69
2015-04-25,982.9117,981.15,985.19,1.1768,57.7855,34.17,76.2,13.8543,2.9599,0.5,12.013265488803842,1.6713,4.6696,0.96,10.53,2.2997,-2.5783,-1.0189,201.564,,2015.0,115.0,primavera,abril,S,19.81
2015-04-26,980.8306,978.24,982.69,1.5805,75.2154,47.85,94.2,15.4507,2.2336,0.25,3.77793568,1.4984,3.6423,0.48,5.72282691,2.4411,-1.515,-1.2279,219.0247,144.0,2015.0,116.0,primavera,abril,SO,17.87
2015-04-27,977.1594,975.1,980.71,1.7613,88.559,66.22,96.3,7.2917,2.7567,0.3,9.93803084783498,2.0061,4.4612,0.64,10.73,2.8683,1.9703,0.8934,24.3909,144.0,2015.0,117.0,primavera,marzo,NE,12.54
2015-04-28,,980.51,994.25,4.1127,71.5692,30.89,94.9,22.6041,6.78024,,5.267974591581805,77.03,3.722,1.08,5.374859150000001,70.125,,-0.5749,328.2368,144.0,2015.0,118.0,primavera,noviembre,NO,14.82
2015-04-29,992.461,988.99,995.48,2.5708,57.9254,30.92,93.1,21.2976,5.75136,1.2240000000000002,12.744,83.77,2.8645,0.64,6.93,80.39,-0.7644,0.4401,150.0702,144.0,2015.0,119.0,primavera,septiembre,SE,16.01
2015-04-30,986.5649,983.7,989.13,1.6438,68.234,38.85,91.7,15.4473,8.73648,,23.292,1.8847,3.9683,0.7,13.69,2.9835,-1.8663,-0.8835,205.3329,144.0,2015.0,120.0,primavera,febrero,SO,13.67
2015-05-01,981.6033,979.74,983.6,1.1401,66.9785,41.03,93.9,,1.5896,0.38,3.38,0.6058,2.8657,0.68,8.53,1.1487,0.2698,-0.5487,296.182,144.0,2015.0,121.0,primavera,mayo,NO,15.0
2015-05-02,984.7338,982.09,986.04,1.1194,59.5549,40.37,89.5,15.7452,1.2774,0.2,3.62,0.7553,2.3524,0.36,6.48,1.4005,0.3968,0.0525,7.5336,144.0,2015.0,122.0,primavera,mayo,N,15.9
2015-05-03,981.4681,978.82,985.03,1.8878,79.4132,63.09,,10.5097,2.2341,0.27,3.62259293,1.4807,3.5542,0.52,9.65,2.2803,-2.1324,0.0007,179.9821,144.0,2015.0,123.0,otoño,mayo,S,22.32
2015-05-04,982.3698,979.42,983.84,,68.5881,41.959999999999994,97.7,20.578,2.4639,0.21,7.87,,3.8803,0.52,11.21,2.8713,-1.9114,-1.1331,210.6595,144.0,2015.0,124.0,primavera,mayo,SO,24.68
2015-05-05,978.9974,976.35,985.34,2.3901,67.5563,47.13,90.7,12.7677,2.9946,0.27,5.685544650000001,1.7681,4.8025,0.42253228,17.305810072391363,2.5328,-2.637,-0.7711,196.2995,144.0,2015.0,125.0,primavera,septiembre,S,19.72
2015-05-06,986.5425,985.48,989.46,,57.4962,31.32,87.6,18.0622,3.1526,0.25,4.68513734,2.2185,5.0927,0.64,7.139552790000001,3.4071,-2.3031,-1.8181,218.2876,144.0,2015.0,126.0,otoño,mayo,SO,17.12
2015-05-07,991.0452,989.49,993.15,1.0682,55.9433,35.99,89.03182036366022,14.9623,2.1402,0.19,6.41,1.5723,3.9528,0.42,10.85,2.669,,-1.3371,232.9959,144.0,2015.0,127.0,primavera,mayo,SO,20.58
2015-05-08,,986.89,992.84,2.0721,58.2462,36.44,86.8,17.87,1.8062,0.22,3.45482276,1.2204,3.0418,0.4,4.85290751,1.833,0.0486,,86.198,144.0,2015.0,128.0,primavera,mayo,E,20.06
2015-05-09,990.2835,988.11,993.99,1.4589,70.1124,49.77,91.2,14.1706,2.349,0.22,6.44,1.2942,4.0322,0.48,17.403224302784075,2.3099,-1.4486,-1.4337,224.7036,144.0,2015.0,,primavera,julio,SO,18.27
2015-05-10,998.0779,993.99,1001.65,2.1473,59.8588,34.14,84.4,16.7867,1.9634,0.27,4.26,0.94,3.9722,0.68,8.87,1.9952,-0.0851,-1.4939,266.74,144.0,2015.0,130.0,primavera,mayo,O,24.21
2015-05-11,998.0015,994.46,1001.51,2.6653,56.4682,32.56,90.6,19.7073,7.542000000000001,0.54,16.956,1.1868,3.384,0.28,7.89,1.9493,-1.8767,-0.0194,180.5918,144.0,2015.0,131.0,primavera,agosto,S,27.73
2015-05-12,990.6045,985.18,994.36,2.8153,57.1331,31.48,84.2,15.7179,3.181,0.56,8.69,2.119,5.2108,1.42,11.73,3.122,-2.5788,-1.0637,202.4151,144.0,2015.0,132.0,primavera,febrero,S,19.9
2015-05-14,985.9006,984.51,987.61,0.9364,61.6999,39.6,,11.6783,2.1078,0.33,2.64704046,0.8349,3.6692,0.72,7.09,1.222,1.7047,0.8098,25.4088,144.0,2015.0,134.0,primavera,diciembre,NE,17.32
2015-05-15,988.4361,985.41,993.05,2.2035,62.3932,39.75,90.8,16.6053,2.0172,0.2,5.07,1.3765,3.2536,0.44,7.77,2.1817,1.2493,1.1719,43.1707,144.0,2015.0,135.0,primavera,mayo,NE,19.38
2015-05-16,994.1599,,996.5,,65.294,33.44,91.0,17.8367,1.589,0.23,4.31,0.9322,3.1228,0.56,9.33,1.9094,-0.504,-0.991,243.0422,144.0,2015.0,136.0,primavera,mayo,SO,16.51
2015-05-17,996.3888,993.41,998.89,1.6571,54.2584,37.44,76.92799317695105,12.8542,1.8298,0.32,4.01,0.7978,3.7857,0.72,8.33,1.71,-0.0047,-1.5391,269.826,144.0,2015.0,137.0,otoño,mayo,O,22.22
2015-05-18,984.7261,978.17,993.29,5.3356,52.95029999999999,34.849999999999994,82.1,18.4129,2.949,0.27,6.8,1.8289,4.6457,0.6,9.99,2.9282,-2.4821,-1.2294,206.35,144.0,2015.0,138.0,otoño,septiembre,SO,19.64
2015-05-20,986.8454,983.98,991.47,2.2554,66.4803,51.79,89.3,10.6046,1.1887,0.33,2.62,0.5085,2.0706,0.8,4.3,0.7231,-0.5671,-0.3488,211.5935,144.0,2015.0,140.0,otoño,mayo,SO,15.82
2015-05-21,996.0435,991.54,1002.018184799398,2.295,63.073,41.05,91.0,17.3718,1.2722,0.28,,0.7477,2.5894,0.52,12.04403934818528,1.5457,0.2157,-0.1816,319.8996,144.0,2015.0,141.0,primavera,mayo,NO,18.49
2015-05-22,,995.23,1000.39,2.0565,57.33279999999999,34.14999999999999,89.8,18.5728,1.426,0.16,4.24,0.8648,2.5504,0.32,6.24,1.487,0.1977,0.5693,70.8463,144.0,2015.0,142.0,primavera,mayo,E,19.14
2015-05-23,992.7809,990.84,995.44,1.2875,65.874,44.38,80.6,11.9363,1.7563,0.23,2.8458791800000003,1.1901,3.1384,0.52,4.6292139500000005,1.9841,0.9424,0.6125,33.0233,144.0,2015.0,143.0,primavera,mayo,NE,19.4
2015-05-24,991.9529,989.57,993.66,1.3987,70.1108,51.17,84.5,10.4993,1.601,0.2,4.16,0.696,2.6808,0.36,5.97,1.0056,0.7521,0.7093,43.3191,144.0,2015.0,144.0,primavera,mayo,NE,16.85
2015-05-25,987.0985,985.48,989.47,1.1036,78.4974,,92.1,7.9874,5.21964,1.62,12.924,0.7184,2.4778,0.9,5.08,1.0279,-1.0112,-0.3782,200.5082,144.0,2015.0,145.0,primavera,abril,S,13.33
2015-05-26,990.5422,987.07,994.1,2.0531,69.6051,52.47,,11.0787,1.5995,0.3,3.19,0.6144,3.0562,0.72,6.41,,-0.0315,-1.1385,268.4142,144.0,2015.0,146.0,primavera,mayo,O,12.78
2015-05-27,995.0814,993.42,996.26,0.6979,65.3659,54.85,82.0,8.9738,6.2046,0.972,7.806905244000001,0.5438,3.3621,0.88,,1.1918,-0.214,-1.5898,262.334,,2015.0,147.0,primavera,octubre,O,19.17
2015-05-28,989.114,985.78,,2.5359,61.1051,40.78,90.3,16.2886,3.1705,0.55,6.97,1.9241,5.069,1.12,,2.8518,-2.5178,-1.4278,209.5561,144.0,2015.0,148.0,primavera,mayo,SO,19.37
2015-05-29,984.5657,981.37,987.91,2.4244,65.3241,40.31,89.6,16.9461,3.3261,0.32,7.91,1.9964,5.076,0.6,11.69,2.9483,-2.6503,-1.5847,210.8762,144.0,2015.0,149.0,primavera,mayo,SO,16.33
2015-05-31,988.5365,985.81,991.33,2.1187,58.6136,40.91,89.9,17.2281,11.37564,2.52,26.028,1.9604,4.9139,1.14,10.49,2.9358,-2.7625,-1.2205,203.8362,144.0,2015.0,151.0,primavera,febrero,SO,18.28
2015-06-01,988.8734,985.62,991.53,2.1214,82.4647,58.21999999999999,95.5,13.4674,2.5794,0.35,5.97,1.4651,4.0365,,10.33,2.1489,-0.812,-0.1825,192.6698,144.0,2015.0,152.0,verano,junio,S,23.44
2015-06-02,,987.79,990.0,0.5865,63.650600000000004,38.45,98.7,21.78,18.05292,2.268,23.510193156,281.27,7.269,0.7456452,17.984902084542735,209.375,-4.4123,-2.2708,207.2325,144.0,2015.0,153.0,invierno,diciembre,SO,25.19
2015-06-03,993.3135,989.68,1000.18,3.2814,54.4514,43.14,69.0,6.8785,2.5835,0.44,6.71,1.6152,4.7099,0.8,11.33,2.6744,-0.8112,-1.4549,240.8559,144.0,2015.0,154.0,verano,mayo,SO,21.79
2015-06-04,1000.3471,998.45,1002.11,1.2135,56.818,,79.8,12.8678,7.598159999999999,0.648,16.56,135.11,3.5181,0.44,7.85,108.07500000000002,1.2168,1.2994,46.8791,144.0,2015.0,155.0,invierno,septiembre,NE,31.75
2015-06-05,994.7343,990.71,998.6,2.6895,50.6917,30.47,83.3,17.1867,1.475,0.19,1.93246381,0.8581,2.6744,0.4,3.95191956,1.5557,-0.8938,0.6816,142.6682,144.0,2015.0,156.0,verano,junio,SE,30.59
2015-06-06,994.1217,991.98,998.36,,56.4722,38.47,72.0,8.7314,6.70212,1.8,,0.8184,3.5728,1.3,7.65,1.5098,-0.1098,-0.0923,220.0614,144.0,2015.0,157.0,invierno,junio,SO,19.7
2015-06-07,1000.2176,998.13,1006.7780213185262,0.9775,62.2591,52.84,77.2,7.2961,2.4003,,4.39,1.0339,3.8985,0.4,6.18,1.4551,2.0469,1.0953,28.1517,144.0,2015.0,158.0,verano,junio,NE,16.04
2015-06-08,999.2923,997.78,1000.58,0.903,66.312,56.78,80.6,6.6249,3.3626,0.21,7.37,1.712,5.3108,0.48,15.332332371675069,2.4859,2.794,1.6073,29.9105,144.0,2015.0,159.0,verano,junio,NE,15.49
2015-06-09,999.5227,998.48,1000.53,0.5925,66.4065,51.1,82.2,10.0147,13.185,4.5,25.128000000000004,1.157,5.5722,2.14,9.77,1.7176,2.7313,2.301,40.1128,144.0,2015.0,160.0,invierno,junio,NE,20.2
2015-06-10,998.7844,996.59,1000.39,1.273,65.0813,44.74,87.5,15.6894,10.77516,0.792,20.592,128.70999999999998,4.7674,0.5,9.17,104.57,1.4668,2.4374,58.9617,144.0,2015.0,161.0,invierno,junio,NE,19.27
2015-06-11,994.3777,990.67,997.5,2.1516,61.7321,47.34,80.0,7.0821,2.1303,0.2,2.72160498,1.1267,3.3678,0.4,4.44901636,1.7085,0.7927,1.5444,62.8294,144.0,2015.0,162.0,verano,junio,NE,27.15
2015-06-12,986.3366,983.35,990.54,2.3352,70.9057,50.9,94.0,14.3893,1.6022,0.21,3.91,0.8598,2.7244,0.6,9.351348154432904,1.2359,0.0469,0.6073,85.58,144.0,2015.0,163.0,verano,junio,E,28.95
2015-06-13,982.7906,980.79,984.47,0.856,72.1314,41.9,93.7,13.9717,1.6401,0.2,7.986698295273817,1.1062,2.941,0.44,8.49,1.8181,-0.5799,-0.8602,236.0133,144.0,2015.0,164.0,otoño,junio,SO,24.52
2015-06-14,983.911,981.86,985.67,0.9398,62.044,39.58,87.0,15.8517,8.74836,,13.86900072,,4.2012,0.64,5.47427851,2.0773,1.2524,0.3857,17.1168,,2015.0,165.0,invierno,julio,N,17.97
2015-06-15,990.2714,985.77,993.93,2.3654,69.046,52.55,87.9,13.3448,2.3591,0.18,5.43,1.295,3.9544,0.46,7.39,1.7924,2.0493,0.9294,24.3941,144.0,2015.0,166.0,verano,junio,NE,17.29
2015-06-16,995.3555,994.09,997.34,0.7636,59.3651,45.5,71.3,7.5331,2.5981,0.37,8.76279629914134,1.5647,4.3618,0.68,9.85,2.28,2.2129,0.9696,23.6612,144.0,2015.0,167.0,verano,noviembre,NE,21.26
2015-06-18,987.484,985.55,991.06,1.4746,77.7763,51.58,96.6,15.7063,1.5774,0.21,2.16237108,,2.8282,0.6,3.57909696,1.1606,-0.6049,-0.2842,205.1605,144.0,2015.0,169.0,otoño,junio,SO,15.14
2015-06-19,989.229,988.01,990.1,0.587,76.0426,55.24,89.5,9.8845,6.180840000000001,1.1880000000000002,7.829274600000001,0.6678,3.2005,0.4473871199999999,7.9030506872826995,1.248,-0.2534,-1.5597,260.7717,144.0,2015.0,170.0,invierno,febrero,O,15.75
2015-06-20,991.0126,989.67,992.8,0.9184,74.0714,54.98,90.6,10.8478,2.0022,0.49,3.52,0.5801,3.9063,1.08,7.33,1.2171,-0.231,-1.8695,262.9554,144.0,2015.0,171.0,verano,junio,O,16.11
2015-06-21,990.0204,986.31,992.6,1.8715,72.4163,56.97,85.9,9.2079,8.19072,1.476,12.012344172,122.3,3.6181,0.8,4.97718171,91.4,-1.5883,-1.1937,216.9266,,2015.0,172.0,invierno,octubre,SO,16.77
2015-06-22,,978.09,986.2,2.3364,79.2475,61.91,95.7,8.9431,9.20988,2.592,,1.3658,4.2258,1.28,10.89,2.0944,-2.0061,-1.2771,212.4805,,2015.0,173.0,invierno,diciembre,SO,14.66
2015-06-23,983.484,977.2,989.35,3.6345,83.9806,59.57,96.9,10.7273,7.7436,1.944,16.272,0.994,4.0147,1.08,8.05,1.7766,-0.8565,-1.6198,242.1317,144.0,2015.0,174.0,invierno,enero,SO,18.13
2015-06-24,994.0406,989.44,996.7,2.1849,77.3414,57.6,94.0,11.64,1.4992,0.2,2.19965334,0.6848,2.9407,0.48,3.73443971,1.2582,0.3122,-0.6805,294.6412,144.0,2015.0,175.0,verano,febrero,NO,23.19
2015-06-25,996.1059,994.96,997.01,0.6952,64.4485,39.17,95.3,19.8153,1.2353,0.13,2.41,0.5031,2.1365,0.28,4.6,0.9113,-0.2804,0.0052,178.9384,144.0,2015.0,176.0,verano,junio,S,24.39
2015-06-26,993.1068,990.6,995.53,1.4689,,41.35,89.0,14.5859,1.2715,0.27,3.45,0.6502,2.3824,0.6,6.28,1.3409,-0.4801,-0.5426,228.4981,144.0,2015.0,177.0,verano,junio,SO,20.63
2015-06-27,989.9126,988.58,993.09,0.9944,81.031,69.76,92.3,6.788,,1.0080000000000002,19.044,0.9541,2.5233,0.56,8.77,1.5307,-0.8913,-0.5787,212.9936,144.0,2015.0,178.0,invierno,marzo,SO,21.86
2015-06-28,994.7494,993.16,995.73,0.621,61.23,40.28,88.2,15.6493,6.40368,0.684,19.341644650432958,1.027,,10.533385990434894,0.32,1.4466,0.19,-0.9285,281.5681,144.0,2015.0,179.0,invierno,enero,O,27.19
2015-06-29,993.9453,992.57,995.07,0.8207,59.131299999999996,38.99,83.5,15.2125,1.3276,0.21,3.88,0.7199,2.539,0.48,10.328007302375768,1.3472,-0.109,-0.398,254.6828,144.0,2015.0,,verano,junio,O,25.8
2015-06-30,994.9762,993.99,999.8107237389636,0.5696,60.139,41.36,86.8,15.4318,1.6799,0.17,4.18,1.1701,2.8885,0.38,7.04,1.9009,0.9767,0.9476,44.1342,144.0,2015.0,181.0,invierno,agosto,NE,27.97
2015-07-01,995.1365,993.89,996.13,0.689,53.3917,36.97,81.3,14.6782,1.9617,0.16,4.78,1.4053,3.2806,0.36,8.25,2.1999,0.7827,1.2834,58.6216,144.0,2015.0,182.0,verano,julio,NE,31.29
2015-07-04,993.2569,990.48,996.08,1.9352,50.8033,27.85,86.3,20.9644,1.9984,0.35,5.85,1.2103,3.4128,0.7,10.35,1.9431,-1.4982,-0.4249,195.8318,144.0,2015.0,185.0,verano,julio,S,37.01
2015-07-05,989.0127,984.31,992.18,2.7171,55.3552,27.53,83.2,17.6256,,1.728,22.176,138.45000000000002,3.911,0.92,9.25,110.205,-0.7869,0.1275,170.7963,144.0,2015.0,186.0,invierno,febrero,S,26.66
2015-07-06,992.5441,988.09,994.85,1.6695,63.4753,39.14,93.2,19.0326,1.6555,0.1242742,6.028412917879562,0.7159,3.4417,0.44,4.67892363,1.5086,0.3682,-0.983,290.5357,144.0,2015.0,187.0,verano,julio,O,33.81
2015-07-07,985.3499,978.37,992.42,4.7979,59.3524,32.81,93.2,21.7991,2.2399,0.16,6.67,1.4718,3.9125,0.36,10.05,2.5167,-1.6393,-0.7035,203.2259,144.0,2015.0,188.0,invierno,agosto,SO,20.99
2015-07-09,990.1396,985.56,995.87,3.3385,67.2394,42.8,91.7,15.5597,2.3173,0.31,4.27,0.8941,4.6409,0.8,8.61,2.005,-0.4309,-2.0949,258.3767,144.0,2015.0,190.0,verano,julio,O,19.88
2015-07-10,995.7356,994.11,997.06,0.9892,56.1881,40.61,73.6,11.4331,1.8578,0.23,3.34,0.755,3.5495,0.64,7.61,1.6836,0.0233,-1.4763,270.9058,144.0,2015.0,191.0,verano,julio,O,26.12
2015-07-11,990.9117,988.63,994.41,1.8101,54.9174,35.62,84.8,16.8041,1.2661,0.21,2.21208076,0.711,2.2106,0.48,3.55424212,1.1192,0.219,0.4928,66.0374,144.0,2015.0,192.0,verano,julio,NE,25.6
2015-07-12,989.8599,988.63,991.51,0.7825,69.2534,43.41,94.9,18.2961,5.115600000000001,0.396,8.612202060000001,0.7466,2.9647,0.3,4.93989945,1.7027,-0.0669,-0.7447,264.8688,144.0,2015.0,193.0,invierno,marzo,O,19.96
2015-07-14,988.7146,987.94,990.96,0.7997,81.5137,67.1,96.8,8.6066,7.06356,1.08,15.732,98.28,3.6617,0.84,7.65,83.315,-0.6556,-1.6104,247.8502,144.0,2015.0,195.0,invierno,abril,O,25.65
2015-07-15,992.1322,990.89,993.6,0.8193,63.2202,43.59,84.0,14.1393,1.5708,0.12,3.09,0.6368,3.0197,0.24,5.48,1.208,0.2265,-0.8956,284.1899,144.0,2015.0,196.0,verano,julio,O,29.02
2015-07-16,991.2459,989.82,992.55,0.7961,64.2743,40.51,95.2,20.4162,1.4935,0.13,3.96,0.804,2.954,0.28,8.29,1.6141,0.0722,-0.6692,276.1604,144.0,2015.0,197.0,verano,diciembre,O,34.4
2015-07-17,988.2302,985.61,990.58,1.4793,55.6212,29.95,87.5343534709642,19.6421,2.0435,0.49,4.61057282,1.5072,3.3938,0.88,6.915859230000001,2.3163,-1.4951,-0.7737,207.3607,144.0,2015.0,198.0,invierno,noviembre,SO,30.03
2015-07-18,988.2637,986.42,990.0,0.9391,60.1349,39.63,93.2,14.7977,2.5138,0.23,6.98,1.5649,4.4352,0.64,11.97,2.4597,-0.3329,-1.1622,254.0153,144.0,2015.0,199.0,verano,julio,O,28.63
2015-07-19,984.2394,980.92,989.5,2.3909,80.1801,43.64,96.8,18.0259,,0.26,8.05,1.8813,4.0861,0.52,13.61,3.2524,-1.1346,-1.3141,229.1915,144.0,2015.0,200.0,verano,julio,SO,25.27
2015-07-20,987.6142,986.62,988.58,0.5112,74.3491,57.57,97.4,12.9204,1.8525,0.27,3.43618163,0.9852,3.2084,0.6,4.75348815,,-1.0561,-1.2382,229.5397,144.0,2015.0,201.0,verano,julio,SO,30.12
2015-07-21,987.5311,986.92,988.24,0.3075,64.0827,41.9,93.0,18.1272,8.24328,1.332,18.936,1.2518,4.0092,0.84,9.29,2.4515,-1.2172,-1.6628,233.7962,144.0,2015.0,202.0,invierno,agosto,SO,32.57
2015-07-22,986.6294,983.91,988.61,,64.0516,42.15,95.4,17.1626,1.5413,0.18,5.76,1.1202,2.9883,0.36,12.09,1.9993,0.1652,0.2321,54.5482,144.0,2015.0,203.0,verano,julio,NE,23.21
2015-07-23,988.8999,986.91,990.07,0.8142,67.5409,49.02,95.2,16.5908,4.5396,1.0080000000000002,9.462237588,0.6737,2.2772,0.56,3.8525002,1.0041,0.049,-0.8405,273.3389,,2015.0,204.0,invierno,diciembre,O,27.53
2015-07-24,985.5569,978.93,989.85,3.6889,63.2476,48.11,83.5,10.9682,2.3666,0.22,5.25,1.2689,3.8503,0.4,8.25,1.9193,1.5786,1.5365,44.2261,144.0,2015.0,205.0,invierno,diciembre,NE,24.42
2015-07-25,979.5469,976.68,,2.9044,63.7651,39.84,94.4,16.6126,,0.32,7.92869396,3.2394,,0.72,11.60099657,4.9185,-3.8885,-3.1054,218.6117,144.0,2015.0,206.0,verano,julio,SO,22.1
2015-07-26,985.9977,980.98,989.91,3.0196,50.8649,31.44,68.17,11.9171,2.2337,0.22,3.23734291,1.0077,4.4115,0.46,,2.0499,-1.0358,-1.3695,232.8984,144.0,2015.0,207.0,verano,julio,SO,19.8
2015-07-27,977.8815,976.25,980.93,1.1493,74.3611,60.83,87.8,6.6794,9.98568,0.9,22.464,138.09,,0.56,,118.64,-2.0627,-1.4123,214.3983,144.0,2015.0,208.0,invierno,febrero,SO,20.21
2015-07-29,982.1791,980.16,985.05,1.164,64.0428,48.54,84.7,9.0567,2.9426,0.47,5.17602043,2.2201,4.6034,0.84,7.61179475,3.2918,-2.1274,-1.7838,219.9789,144.0,2015.0,210.0,verano,julio,SO,18.98
2015-07-30,987.3731,985.09,995.1547831218604,1.3791,61.2453,43.96,84.9,11.5093,2.0047,0.28,8.31743434854321,1.0227,3.7824,0.66,8.59,1.9011,-0.8273,-1.4751,240.7145,144.0,2015.0,211.0,verano,julio,SO,20.25
2015-07-31,991.8345,990.58,993.33,0.9062,58.6282,39.73,88.8,14.7551,1.7149,0.27,3.38,0.7191,3.1723,0.6,6.0,1.2334,0.619,-0.4041,326.8633,144.0,2015.0,212.0,invierno,enero,NO,26.37
2015-08-01,989.1924,987.34,994.7326403776648,1.1476,54.8358,36.64,74.3,11.6924,4.80168,1.0080000000000002,11.16,0.6846,2.2926,0.6,4.96,1.0168,0.4889,0.1957,,144.0,2015.0,213.0,invierno,enero,N,27.91
2015-08-02,991.9481,989.73,993.18,,51.61140000000001,30.39,84.9,17.7323,1.5775,0.13,,0.9693,2.7182,0.32,6.4,1.672,0.5863,0.7451,51.8051,144.0,2015.0,214.0,verano,agosto,NE,30.78
2015-08-03,990.954,988.72,992.82,1.513,52.365,35.31,78.2,13.1092,1.4481,0.19,4.03,0.9127,2.586,0.44,6.56,1.5657,-0.608,0.727,129.9075,144.0,2015.0,215.0,invierno,marzo,SE,33.05
2015-08-04,987.2999,984.05,990.86,1.9406,59.631699999999995,27.860000000000003,82.2,17.3208,2.1208,0.32,5.65,1.4829,3.7647,0.64,9.61,2.5115,-1.3715,-0.8126,210.6449,144.0,2015.0,216.0,invierno,septiembre,SO,26.15
2015-08-06,989.3261,988.11,990.72,0.671,50.51989999999999,28.65,81.9,18.6094,,0.7200000000000001,7.202932632000001,0.7754,2.1722,0.4,3.3305485600000004,1.2243,0.1937,0.5598,,144.0,2015.0,218.0,invierno,noviembre,E,36.4
2015-08-07,989.0019,988.41,989.61,0.3152,50.49969999999999,26.19,70.7,12.0814,2.0846,0.24,4.70999218,,3.3749,0.6,6.39390759,2.5769,0.4541,0.6695,55.8503,144.0,2015.0,219.0,verano,agosto,NE,30.63
2015-08-08,991.2462,988.36,994.99,1.8935,60.2119,38.82,84.4,14.5739,2.7822,0.18,6.8,1.7608,4.6344,0.32,10.53,2.6131,2.1275,1.2349,30.1325,144.0,2015.0,220.0,invierno,agosto,NE,27.82
2015-08-09,,990.56,994.8,1.6391,67.8145,51.65,83.7,12.2299,9.66024,2.16,10.334642472,1.0052,4.224,1.28,7.4,1.4215,1.7581,1.7282,44.5093,144.0,2015.0,221.0,invierno,abril,NE,32.99
2015-08-10,987.9488,984.92,991.0,2.1448,58.8908,39.77,76.0,12.1143,2.422,0.35,4.79,1.1502,4.0397,0.88,7.97,1.7502,1.8319,1.2372,34.0329,144.0,2015.0,222.0,verano,septiembre,NE,29.94
2015-08-11,989.2831,985.66,993.03,1.8293,62.4058,,81.2,10.8635,2.4328,0.25,5.93,1.3724,4.1894,0.64,9.61,1.9141,1.6052,0.716,24.0407,144.0,,223.0,verano,julio,NE,28.31
2015-08-12,993.7648,992.67,994.88,0.6855,67.1745,49.96,84.1,11.3687,2.6678,0.62,5.98,1.3867,4.3043,1.48,8.01,1.8092,2.1589,1.2602,30.2734,144.0,2015.0,224.0,verano,agosto,NE,30.75
2015-08-13,990.4429,985.63,994.54,3.2415,67.4824,49.98,86.6,13.0831,10.24236,1.872,20.664,1.1358,4.6172,1.44,8.21,1.648,1.9432,1.7789,42.4716,144.0,2015.0,225.0,invierno,junio,NE,33.22
2015-08-14,982.2497,979.68,985.56,1.5929,65.7544,34.57,94.2,18.7542,1.8563,0.26,5.7,1.0199,3.2131,0.52,10.536550775138368,1.6627,0.4244,0.1318,17.256,,2015.0,226.0,verano,julio,N,26.51
2015-08-15,982.3341,980.91,984.0,0.8863,72.8819,48.66,94.9,15.5637,1.5622,0.3,4.32,0.7436,2.7756,0.72,6.77,1.2624,-0.5546,-0.4446,218.7179,144.0,2015.0,227.0,invierno,septiembre,SO,21.88
2015-08-16,,982.39,984.27,0.5724,87.5299,74.5,94.8,6.0557,1.0574,0.2,3.52,0.6999,1.9307,0.4,5.68,1.1349,0.1536,-0.1702,312.0607,144.0,2015.0,228.0,verano,mayo,NO,18.64
2015-08-17,983.846,982.56,985.37,0.842,92.9083,85.7,96.1,2.4747,0.9546,0.37,1.8019759,0.4384,1.9057,0.8,2.58490336,0.7217,-0.2428,-0.5314,245.439,144.0,2015.0,229.0,invierno,enero,SO,16.47
2015-08-18,988.2333,985.19,991.86,2.1092,90.2535,82.5,96.6,4.0671,0.8573,0.19,2.3,0.426,1.5425,0.46,3.46,0.6411,-0.1785,-0.5026,250.4448,144.0,2015.0,230.0,verano,enero,O,19.04
2015-08-19,993.6219,991.69,996.45,1.3758,80.5781,60.89,94.0,9.5645,1.625,0.26,5.35,1.0751,2.6723,0.52,7.08,,0.839,0.5177,31.6769,144.0,2015.0,231.0,invierno,agosto,NE,17.84
2015-08-20,997.693,995.88,999.37,1.0068,88.959,77.0,95.5,4.466,3.73068,1.0080000000000002,,53.24,1.6671,0.52,3.2,34.775,0.3175,0.0781,13.8128,144.0,,232.0,invierno,septiembre,N,24.24
2015-08-21,998.495,997.09,1000.02,,,37.61,99.3,24.5984,4.60764,,12.384,0.829,2.1324,0.22,5.6,1.328,0.2505,0.3993,57.8943,144.0,2015.0,233.0,invierno,agosto,NE,24.13
2015-08-22,994.4038,990.96,997.35,2.0377,60.1869,37.49,92.8,19.272,6.77664,0.684,25.219539545820076,1.4156,3.1042,0.4,8.85,2.1925,0.8696,1.1421,52.7152,144.0,2015.0,234.0,invierno,abril,NE,24.11
2015-08-23,985.7297,980.91,990.84,,57.8984,38.0,86.9,14.7874,1.9224,0.17,5.22,1.5123,3.2638,0.4,9.05,2.448,-0.0788,1.3366,93.3738,144.0,2015.0,235.0,invierno,septiembre,E,26.89
2015-08-24,980.5818,978.88,983.06,0.9274,75.5659,47.94,95.8,17.391,2.4074,0.12,5.31,1.2084,3.8154,0.26,8.01,1.9137,-2.0201,-0.628,197.2702,144.0,2015.0,236.0,invierno,agosto,S,18.47
2015-08-25,988.434,982.62,992.39,3.2041,71.8099,57.84,91.1,9.1152,4.6688,0.57,6.648669699999999,2.7417,6.8619,1.04,9.25221419,3.9257,-3.9625,-2.2969,210.0987,144.0,2015.0,237.0,verano,febrero,SO,25.86
2015-08-26,990.3408,987.0,992.31,1.8681,59.6841,39.42,90.2,16.9633,9.35136,1.584,21.816,135.29,4.0398,0.88,8.49,101.42,-2.385,-0.762,197.7179,144.0,2015.0,238.0,verano,julio,S,29.06
2015-08-27,985.0222,982.12,986.99,1.5082,54.1347,40.589999999999996,78.5,11.2861,2.2666,0.49,5.85,1.068,3.6844,1.12,8.73,1.5317,-1.6285,-0.0073,180.2571,144.0,2015.0,239.0,verano,agosto,S,20.08
2015-08-28,990.8091,984.82,995.9,3.3782,91.4792,75.4,97.3,5.6639,4.2580800000000005,0.9,14.148,0.7097,1.9514,0.6,5.66,1.0404,-0.1315,-0.1132,220.7296,144.0,2015.0,240.0,invierno,febrero,SO,25.21
2015-08-29,996.4576,994.64,998.44,1.2345,83.5158,62.01,99.4,14.7227,4.875120000000001,0.468,7.426626192,74.14,2.22,0.2,5.5,53.845,-0.0739,0.0752,134.4735,,2015.0,241.0,invierno,noviembre,SE,33.72
2015-08-30,991.815,,994.89,1.7961,69.5984,35.11,98.1,22.2539,4.23,0.5760000000000001,12.852,0.7873,1.9836,0.36,,1.139,-0.7337,-0.051,183.9762,144.0,2015.0,242.0,invierno,enero,S,32.64
2015-08-31,986.0652,982.72,989.74,2.5721,64.3594,42.87,89.6,16.8151,4.21272,0.792,6.800284224,60.29,1.9517,0.56,2.9204437000000003,42.165,-0.2789,0.0012,179.7617,144.0,2015.0,243.0,invierno,noviembre,S,28.32
2015-09-02,989.9231,988.94,991.29,0.7464,69.6934,47.8,91.3,15.3251,1.3681,,3.24,0.6765,2.2201,0.32,4.76,0.9519,-0.4759,-0.6044,231.7836,144.0,2015.0,245.0,otoño,septiembre,SO,17.36
2015-09-03,987.6869,986.7,988.99,0.5961,86.616,69.41,96.3,5.8998,4.50396,0.9,11.34,0.6367,2.0944,0.48,5.7,0.9717,-0.6178,-0.2332,200.6818,,2015.0,246.0,otoño,mayo,S,17.78
2015-09-04,987.7144,986.78,,0.526,75.7072,45.27,99.1,20.3382,1.5705,0.39,4.19,0.8203,2.6069,0.72,9.85,1.3701,-0.8231,-1.0697,232.4232,144.0,2015.0,247.0,invierno,septiembre,SO,17.45
2015-09-05,986.6758,985.66,988.07,0.6506,74.1603,54.62,88.1,10.2947,8.027280000000001,1.872,16.596,105.27,4.3313,1.32,10.37,101.015,-0.7913,-1.4969,242.1368,144.0,2015.0,248.0,otoño,abril,SO,14.73
2015-09-06,991.2701,988.01,995.39,2.5053,76.3945,63.2,86.2,,2.8379,1.59,4.78,0.6681,5.4278,2.28,9.77,1.4838,-0.6194,-2.7468,257.2922,144.0,2015.0,,invierno,junio,O,17.18
2015-09-07,995.5186,993.71,998.42,1.3908,78.1329,49.24,94.2,14.2828,,9.011440471421682,0.27,0.7749,3.1363,0.52,8.01,1.4137,-0.0173,-0.9815,268.9887,,2015.0,250.0,otoño,septiembre,O,17.65
2015-09-08,997.1252,995.49,998.41,0.985,74.116,53.85,95.7,14.5333,1.1337,0.18,1.93246381,0.6969,,0.4,3.4175405,,-0.1964,-0.7011,254.352,144.0,2015.0,251.0,otoño,septiembre,O,16.5
2015-09-09,997.0,995.71,997.96,0.7015,71.3921,52.49,87.7,11.5041,2.4626,0.23,3.58531067,1.3339,3.798,0.56,9.21,2.0256,1.4368,1.2467,40.9475,144.0,2015.0,252.0,invierno,septiembre,NE,15.72
2015-09-10,996.6962,994.78,998.08,1.1756,84.0294,61.88,98.17202174125283,9.1854,2.1542,0.23,6.31,1.276,3.3531,0.4,11.749364621634944,1.9,1.6709,0.9792,30.3725,144.0,2015.0,253.0,otoño,septiembre,NE,16.78
2015-09-11,992.9195,991.3,994.86,1.1209,86.6026,69.66,95.6,8.5133,1.1848,0.17,3.16,0.7169,1.9125,0.36,4.6,0.958,0.6448,0.5159,38.6636,,2015.0,254.0,otoño,septiembre,NE,23.95
2015-09-12,989.696,987.71,991.38,1.2909,74.1556,42.42,99.0,21.9937,1.6374,0.27,4.35,0.9393,2.6663,0.52,7.44,1.5181,-1.4809,0.0085,179.6724,144.0,2015.0,255.0,invierno,septiembre,S,23.6
2015-09-13,984.4119,979.5,988.1,,67.4299,55.16,,7.9814,1.1421,0.23,3.5,0.6415,,0.48,4.9,0.9066,-0.0959,0.2753,109.2041,144.0,2015.0,256.0,otoño,diciembre,E,19.27
2015-09-14,979.0072,977.62,982.19,1.2516,79.7931,65.67,96.6,8.0438,2.1562,0.37,5.983802730000001,1.552,3.4211,0.86,10.12213359,2.4005,-1.9573,-0.3766,,144.0,2015.0,257.0,otoño,septiembre,S,19.91
2015-09-15,982.3108,980.84,983.55,0.856,67.4751,45.62,92.4,15.422,2.9047,0.37,4.85290751,1.9622,4.7595,0.88,8.23316575,3.1553,-2.4544,-0.9494,201.1479,144.0,2015.0,258.0,otoño,septiembre,S,21.4
2015-09-16,975.8608,972.48,980.87,2.3034,74.1007,57.3,88.4,6.8392,1.4131,0.23,4.39,,2.4942,0.52,7.28,1.3126,-1.1633,-0.4172,199.7275,144.0,2015.0,259.0,invierno,septiembre,S,22.02
2015-09-17,977.5074,972.53,985.38,3.6286,73.7517,53.97,94.5,11.3441,,0.8,7.67,,6.0622,1.54,12.97,2.6701,-2.9589,-1.9225,,144.0,2015.0,260.0,otoño,septiembre,SO,19.06
2015-09-18,989.951,985.44,993.68,2.0536,71.3148,52.839999999999996,88.7,11.2446,1.9796,0.37,2.88316144,1.0145,3.0705,0.68,4.4738712000000005,1.3829,-1.4075,-0.8764,211.9099,144.0,2015.0,261.0,otoño,septiembre,SO,17.99
2015-09-19,994.1544,993.54,995.8,0.6394,80.6354,58.56,95.5,10.8904,1.5759,0.24,4.3,0.8157,2.8493,0.46,11.816821090892606,1.4715,-0.8179,-0.727,221.6339,144.0,2015.0,262.0,otoño,septiembre,SO,16.25
2015-09-20,995.1955,993.77,996.43,0.7703,78.0464,53.88,92.4,12.8098,1.7076,0.31,2.1747985,0.6231,3.2874,0.68,4.65406879,1.2959,-0.1858,-1.3996,,144.0,2015.0,263.0,invierno,septiembre,O,17.92
2015-09-21,989.8223,984.82,993.7,2.6705,74.9375,50.83,92.8,14.5455,1.4057,0.14,3.58,0.8576,2.4416,0.32,6.04,1.4524,-0.3102,-0.9927,252.6454,144.0,2015.0,264.0,otoño,septiembre,O,16.46
2015-09-22,979.4844,976.98,984.65,2.3271,80.3436,61.99,95.3,10.6521,2.0172,0.39,4.38,0.9602,3.1877,0.96,6.73,1.2212,-1.8848,-0.2391,187.229,144.0,2015.0,265.0,otoño,diciembre,S,14.49
2015-09-23,982.988,976.74,992.1558446094213,3.8511,80.1494,64.93,95.6,9.4648,2.1771,0.26,5.54,1.412,3.3568,0.6,8.09,1.9484,-1.8834,-0.9447,206.6385,144.0,2015.0,266.0,otoño,octubre,SO,17.79
2015-09-24,992.2481,989.26,994.02,1.2791,77.4902,54.33,96.5,14.4838,1.9849,0.17,4.87,1.2447,3.2,0.4,7.85,1.779,-1.4729,-0.6789,204.7455,144.0,2015.0,267.0,otoño,septiembre,SO,16.44
2015-09-25,994.7658,993.56,996.91,0.9392,84.5435,68.05,97.1,9.8102,3.20868,0.648,4.5186099120000005,0.3878,1.6378,0.4,1.96353236,0.6314,-0.4823,-0.0354,184.1957,144.0,2015.0,268.0,otoño,febrero,S,15.44
2015-09-26,999.0768,996.86,1001.89,1.4786,79.926,59.88,92.4,10.2523,1.0205,0.15,3.39,0.8151,1.7831,0.32,4.73,1.2029,0.6316,0.3963,32.1078,144.0,2015.0,269.0,otoño,septiembre,NE,14.45
2015-09-27,1004.6985,1001.77,1007.6,1.7027,74.5069,59.31000000000001,93.1,9.7399,,0.13,4.07,1.1716,2.2609,0.24,5.68,1.6508,0.9815,0.7721,38.19,144.0,2015.0,270.0,otoño,junio,NE,15.15
2015-09-28,1008.9399,1007.54,1010.11,0.709,74.0074,50.44,95.7,15.6412,1.6243,0.16,5.81,1.6298,2.6064,0.36,8.13,2.368,1.0265,0.8917,40.9829,144.0,2015.0,271.0,primavera,septiembre,NE,14.7
2015-09-29,1009.0906,1008.33,1010.08,0.5302,75.3319,52.25,90.9,12.1516,10.48428,,24.804,178.01,4.405,0.36,9.73,130.96,1.8605,1.9486,46.3254,144.0,2015.0,,otoño,noviembre,NE,14.58
2015-09-30,1007.7133,1006.42,1008.96,0.9549,69.7828,44.44,95.6,18.0723,8.9604,0.6120000000000001,22.14,195.55,3.9453,0.36,9.73,148.545,1.3169,1.7935,,144.0,2015.0,273.0,otoño,octubre,NE,14.89
2015-10-02,998.5561,993.51,1002.85,3.1886,72.5734,45.36,96.0,16.9979,1.4753,0.18,4.08,1.1407,2.3172,0.44,5.68,1.532,0.5737,0.7158,51.2872,144.0,2015.0,275.0,otoño,octubre,NE,21.55
2015-10-03,989.4208,987.28,993.52,1.9334,71.9267,48.47,95.5,16.1198,1.0706,0.1118467799999999,4.807190704176577,0.6451,1.8638,0.46,2.51033884,0.9,-0.459,-0.1374,196.6673,144.0,,276.0,otoño,octubre,S,18.2
2015-10-04,989.6597,988.2,990.7,0.718,79.4927,58.51,,11.2513,0.9636,0.22,2.12,0.3607,1.7724,0.5,3.4,0.599,,0.0293,177.4906,144.0,2015.0,277.0,otoño,octubre,S,19.65
2015-10-05,988.7983,984.88,991.08,1.9406,76.1718,51.76,93.9,12.6474,5.69052,0.864,14.868,109.89,2.6196,0.52,6.48,83.955,-1.3773,0.1245,174.8348,144.0,2015.0,278.0,otoño,enero,S,18.3
2015-10-06,981.7367,980.0,984.79,1.1077,83.1965,72.2,95.27779057772676,6.9061,1.8046,0.16,3.29948001,1.0752,2.8672,0.32,4.90261719,1.5658,-1.6706,-0.0249,180.8538,144.0,,279.0,otoño,octubre,S,17.5
2015-10-07,985.0898,981.86,989.35,2.3486,94.3236,85.6,97.3,2.9978,1.0069,0.13,2.15,0.4248,1.6512,0.4,3.24,0.5835,-0.6882,-0.1531,192.546,144.0,2015.0,280.0,otoño,octubre,S,15.76
2015-10-08,991.8156,989.34,994.03,1.5625,84.8694,73.6,90.8,5.3498,5.10804,1.116,8.3885085,70.67,2.5761,0.72,3.4858913100000004,48.73,-0.2113,-1.1943,259.9675,144.0,2015.0,281.0,otoño,noviembre,O,14.79
2015-10-09,993.916,993.12,995.25,0.6252,89.2889,80.1,94.9,3.3664,2.3776,0.17,3.15656468,1.579,3.4258,0.32,4.20668167,2.0039,1.5685,1.1812,36.9818,144.0,2015.0,282.0,otoño,enero,NE,9.61
2015-10-10,993.8901,992.57,995.11,0.8196,74.0567,61.3,90.1,8.9093,3.3352,0.55,6.22,,4.8662,1.4,7.89,1.3022,2.6615,1.9461,,144.0,2015.0,283.0,primavera,octubre,NE,8.3
2015-10-11,993.0408,992.18,993.92,0.5394,64.955,48.38,78.2,8.5537,10.74636,3.78,13.600568448,108.35,4.6491,1.76,5.63583497,85.09,2.2483,1.6759,36.7006,144.0,2015.0,284.0,otoño,septiembre,NE,7.44
2015-10-12,993.2335,991.5,994.55,0.8198,75.6261,56.54,92.7,10.5838,1.464,0.16,3.03229048,1.2613,2.3354,0.32,4.156971990000001,1.8344,1.0452,0.7811,36.7723,144.0,2015.0,285.0,otoño,mayo,NE,3.41
2015-10-13,991.4385,990.85,992.02,0.2442,85.0437,79.9,92.1,3.8829,2.7599,0.98,5.32,1.0046,4.1067,1.28,7.53,1.3525,1.971,1.7768,42.0336,144.0,2015.0,286.0,otoño,octubre,NE,2.4
2015-10-14,991.2271,990.01,992.54,0.7094,95.5854,85.4,97.6,2.1534,1.6762,0.39,4.13,0.9194,,0.84,6.01,1.2307,1.3379,,29.2144,144.0,2015.0,287.0,otoño,octubre,NE,5.81
2015-10-15,988.2878,986.28,994.5419720417656,1.6116,96.93889999999999,94.8,98.8,1.1413,3.01212,0.936,6.516,31.62,1.5044,0.52,3.0,25.465,0.2595,0.068,,144.0,2015.0,288.0,primavera,agosto,N,7.09
2015-10-16,989.8176,988.36,994.4009005979104,0.7789,96.5167,93.2,98.9,1.7706,0.7754,0.22,1.81,0.336,1.3731,0.56,2.68,0.4607,-0.3027,,239.2372,144.0,2015.0,289.0,otoño,octubre,SO,7.67
2015-10-17,991.5706,990.46,992.58,0.651,94.0688,86.0,98.1,3.5938,0.7542,0.2,1.95,0.3402,1.2347,0.36,2.76,0.5075,-0.238,-0.2203,222.791,144.0,2015.0,290.0,primavera,octubre,SO,9.53
2015-10-18,992.1528,991.53,993.11,0.4407,89.3424,74.5,96.9,5.6153,0.8453,0.23,1.33594765,0.4005,1.4753,0.52,3.52,0.66,-0.0485,-0.2892,260.4749,144.0,2015.0,291.0,otoño,octubre,O,7.65
2015-10-19,,992.67,994.47,0.4826,89.8597,79.0,97.4,5.6342,2.7738,0.684,6.3,0.3591,1.3735,0.36,3.12,0.5568,-0.4213,-0.3779,221.8944,144.0,,292.0,otoño,octubre,SO,8.65
2015-10-20,994.0341,993.21,995.27,0.6314,,92.9,97.7,1.3704,0.7992,0.14,1.78,0.3712,,0.34,3.36,0.7096,-0.2461,-0.5959,247.5584,144.0,2015.0,293.0,otoño,octubre,O,10.16
2015-10-21,993.3988,991.45,994.88,1.0861,87.5646,74.8,95.4,6.2428,1.3436,0.33,1.60935089,0.474,2.1226,0.68,3.76,0.6265,-0.7531,-0.7824,226.0944,144.0,2015.0,294.0,primavera,septiembre,SO,10.94
2015-10-22,989.5359,988.09,992.14,1.1439,86.8931,72.8,97.2,8.3906,2.246,0.32,5.72,1.1943,3.6129,0.72,7.73,1.6901,-1.9793,-0.79,,144.0,2015.0,295.0,otoño,septiembre,S,14.37
2015-10-23,996.466,992.2,997.74,1.6147,78.5312,58.91,,10.8923,6.00192,1.116,8.72404884,0.7429,2.8008,0.68,4.43037523,1.276,-0.512,-1.3524,249.2647,144.0,2015.0,296.0,otoño,noviembre,O,14.65
2015-10-24,993.521,990.52,997.66,2.2605,,58.41,99.2,,6.40584,1.296,13.75715394,1.2567,2.7524,0.84,5.64826239,1.7389,,-0.3145,191.18,144.0,2015.0,297.0,otoño,noviembre,S,13.4
2015-10-25,996.5506,992.21,1000.42,2.7568,86.3326,73.6,93.6,6.2398,3.27312,0.792,9.54,47.21,1.6766,0.44,4.65,42.49,-0.1473,-0.1661,228.4343,144.0,2015.0,298.0,otoño,octubre,SO,13.41
2015-10-26,996.8902,994.37,999.64,1.7672,88.1743,74.0,96.1,6.8894,6.72084,0.6120000000000001,16.956,83.45,2.7736,0.4,5.81,56.465,1.3131,1.0971,39.8797,144.0,2015.0,299.0,otoño,septiembre,NE,15.14
2015-10-27,992.3476,990.21,994.31,1.3778,87.935,62.67,99.5,12.2792,5.1408,0.469756476,20.850461832473307,0.7786,2.3398,0.44,3.3305485600000004,1.2099,-1.2664,-0.1322,185.961,144.0,2015.0,300.0,otoño,octubre,S,13.63
2015-10-28,987.3609,985.85,990.13,1.2695,89.4112,65.77,99.5,10.6297,1.1928,0.21,3.02,0.5963,1.9438,0.52,,0.9155,-1.044,-0.1812,189.8436,144.0,2015.0,301.0,otoño,octubre,S,10.36
2015-10-29,991.9194,,997.91,3.4018,95.0458,88.3,99.2,3.7274,0.9134,0.15,1.63420573,0.4722,1.5126,0.44,2.03809688,0.653,-0.7212,-0.0831,186.5721,144.0,2015.0,302.0,otoño,octubre,S,11.96
2015-10-30,1001.1875,,1003.37,1.6477,90.425,73.8,97.7,7.3682,1.4285,0.13,3.92,1.0663,2.1777,0.24,4.97,1.4029,0.6373,0.8441,52.9481,144.0,2015.0,303.0,otoño,octubre,NE,16.57
2015-10-31,1003.1612,1001.93,,0.5441,83.2752,55.05,99.3,14.9451,1.0019,0.24,2.12,0.4029,1.6439,0.56,3.38,0.5405,-0.5112,-0.1332,194.6013,144.0,2015.0,304.0,otoño,octubre,S,18.1
2015-11-01,1004.2041,1003.09,1005.34,0.5754,74.6225,47.45,95.3,14.2469,4.3531200000000005,,0.756,0.5475,2.0398,0.52,4.05,0.7528,-0.955,-0.2698,195.7764,144.0,2015.0,305.0,primavera,julio,S,16.77
2015-11-02,1001.6514,999.2,1003.98,1.5787,82.1157,42.06,98.7,19.2664,0.9038,0.23,2.12,0.4548,1.5786,0.52,3.48,0.6705,-0.6973,-0.0499,184.0952,144.0,2015.0,306.0,otoño,noviembre,S,14.64
2015-11-03,995.5821,993.23,999.13,1.9839,82.0712,48.24,98.3,17.2011,0.8136,0.22,2.15,0.3895,1.4556,0.46,3.28,0.5757,-0.3159,0.1119,160.4905,144.0,,307.0,otoño,noviembre,S,15.81
2015-11-04,994.4829,993.85,995.04,,82.9774,55.03,100.0,13.6579,2.61684,0.54,,0.3322,1.3542,0.44,2.6,0.4816,-0.4975,0.0074,179.1459,144.0,2015.0,308.0,otoño,marzo,S,18.57
2015-11-05,995.311,994.68,996.23,0.4317,85.5867,60.45,97.0,11.2426,2.9239200000000003,0.432,21.364476767519808,0.3726,1.4858,0.28,3.0,0.5409,-0.58,0.0838,171.7757,144.0,2015.0,309.0,primavera,octubre,S,18.65
2015-11-06,995.5005,994.67,996.36,0.4881,82.9509,57.85,97.7,12.3301,2.3712,0.34,6.04,1.4835,3.6549,1.0,8.81,1.9968,-2.0586,-0.8443,202.3007,144.0,2015.0,,otoño,noviembre,S,19.78
2015-11-07,996.7043,995.11,997.84,0.8714,83.1878,63.59,97.3,9.9595,8.56944,1.584,24.768,139.26000000000002,4.0061,1.08,11.171242489935874,93.825,-1.952,-0.7546,201.1344,144.0,2015.0,311.0,otoño,septiembre,S,17.53
2015-11-08,999.8046,994.72,1003.6,2.3725,74.3412,55.68,90.7,9.0097,5.54148,1.296,16.056,0.6539,2.7254,0.8,6.33,0.9833,-0.92,-0.7359,218.6565,144.0,,312.0,otoño,octubre,SO,17.71
2015-11-09,994.2984,992.05,995.83,1.0302,71.5369,56.8,90.9,10.6285,10.41804,2.772,22.788,119.8,5.1562,1.74,,,-1.9673,-1.7574,221.7748,144.0,2015.0,313.0,otoño,marzo,SO,18.17
2015-11-10,994.7128,993.08,995.79,0.7547,70.8078,56.76,78.0,5.3259,3.1156,1.02,5.51156077,1.4436,5.7409,1.92,8.18345607,2.1477,-2.0162,-2.088,226.0019,144.0,2015.0,314.0,otoño,noviembre,SO,17.04
2015-11-11,996.6085,995.51,997.71,0.6548,76.1041,62.17,81.4,4.543,2.4478,0.4,6.42,1.4024,4.1153,1.04,9.21,1.8991,-2.0009,-1.2299,211.5777,144.0,2015.0,315.0,otoño,noviembre,SO,14.78
2015-11-12,998.8505,997.06,1000.17,0.926,73.6482,62.28,80.5,4.8699,2.4701,0.39,5.66,1.5334,3.974,0.74,8.37,2.2133,-2.0219,-1.2133,210.9675,144.0,2015.0,316.0,otoño,noviembre,SO,14.22
2015-11-13,995.5011,992.85,998.23,1.3277,78.1028,61.77,87.7,7.1894,3.6565,,2.7490456678439203,1.6434,5.7305,1.76,6.67973825,2.5233,-3.085,-1.3863,204.1977,144.0,2015.0,317.0,otoño,febrero,SO,8.49
2015-11-14,996.7119,992.23,998.49,1.5129,76.6624,61.78,92.6,,2.6233,0.73,5.99,0.8695,4.7785,1.68,11.38,1.7544,-1.7191,-1.6911,224.5296,144.0,2015.0,318.0,otoño,julio,SO,13.36
2015-11-15,984.7007,,992.12,2.7506,84.8771,74.5,89.6,,13.16556,,,120.29,6.6953,2.04,10.75,90.31,-2.8721,-2.0613,215.6676,144.0,2015.0,319.0,otoño,abril,SO,13.77
2015-11-16,987.8538,986.62,988.72,0.3711,78.2589,62.76,90.8,7.1508,2.6326,0.5778750300000001,7.495023048085095,,4.499,2.14,5.02689139,1.4196,-1.7622,-1.4375,219.2057,144.0,2015.0,320.0,otoño,noviembre,SO,14.36
2015-11-17,983.6875,979.18,987.8,1.9745,79.2937,70.7,86.0,3.836,5.7615,2.83,9.45,1.4969,8.5309,4.48,14.73,2.1618,-5.0692,-2.685,207.9083,144.0,2015.0,321.0,otoño,noviembre,SO,15.65
2015-11-18,984.4055,977.58,989.19,4.1801,61.9258,51.15,85.7,8.0379,17.80488,4.6080000000000005,29.952,1.4958,9.1366,3.06,15.66,2.6037,-3.0408,-3.6181,229.9551,144.0,2015.0,322.0,otoño,abril,SO,14.04
2015-11-19,984.4242,,981.13,1.353,73.3028,56.74,95.5,12.5984,3.2337,0.27,7.17,1.6441,6.2504,,13.93,3.0134,-2.0692,-2.2556,227.4675,144.0,2015.0,323.0,otoño,noviembre,SO,8.99
2015-11-20,977.7376,971.95,982.49,3.936,83.6986,72.9,92.3,4.9107,1.5642,0.32,2.19965334,0.7062,2.8624,0.8,4.13211715,1.4105,-0.4331,-1.294,251.4949,144.0,2015.0,324.0,otoño,noviembre,O,6.13
2015-11-21,970.3253,969.0,972.05,0.8442,76.7434,60.04,87.6,7.2417,1.8854,0.3,3.09,0.6276,3.051,0.66,6.21,1.0669,-0.9484,-1.3636,235.1804,144.0,2015.0,325.0,otoño,enero,SO,3.76
2015-11-22,976.6381,,982.62,3.4422,81.5101,64.55,93.1,6.7564,1.8676,0.44,4.94,0.8957,3.4698,1.04,7.67,1.5042,-0.838,-1.4591,240.1298,144.0,2015.0,326.0,otoño,septiembre,SO,1.65
2015-11-23,992.1306,982.66,998.03,5.0709,85.2451,76.5,92.1,3.4591,6.25032,1.0080000000000002,13.932,0.6828,,0.76,5.95,1.0864,-0.6227,,,144.0,2015.0,327.0,otoño,junio,SO,3.63
2015-11-24,993.1403,984.47,998.09,4.2766,80.3656,61.44,96.4,12.5201,3.0284,0.84,5.91,,4.611,1.54,9.81,2.1588,-2.8914,-0.6482,192.6353,144.0,2015.0,328.0,otoño,noviembre,S,4.11
2015-11-25,980.1694,978.57,984.37,1.3342,79.6264,70.2,92.7,7.0062,,0.46,6.42,,4.0882,1.0,8.45,1.9637,-2.3779,-0.8319,199.283,144.0,2015.0,329.0,otoño,noviembre,S,6.45
2015-11-27,991.9054,986.15,995.08,2.7553,96.0826,90.6,98.5,2.0055,3.63168,0.864,10.08,48.76,1.6728,0.6,3.99,33.205,,-0.2615,197.1003,144.0,2015.0,331.0,otoño,julio,S,4.14
2015-11-28,985.2551,981.1,989.49,2.8653,85.5465,74.8,94.6,5.0228,9.72972,1.908,23.508000000000003,1.5407,4.4025,1.4,,2.0987,-2.2007,-1.0403,205.3012,144.0,2015.0,332.0,otoño,abril,SO,10.32
2015-11-29,984.1277,980.33,988.57,1.7596,,73.2,84.3,2.5097,7.0761,3.24,11.08,1.4798,10.6626,5.41,17.1,2.137,-6.1191,-3.5227,209.9286,144.0,2015.0,333.0,otoño,noviembre,SO,10.93
2015-11-30,986.6009,980.68,991.18,2.9639,79.6442,63.23,96.3,9.8158,2.8383,0.58,,1.4782,5.6108,1.24,16.34,2.6523,-1.5523,-2.0016,232.206,144.0,2015.0,334.0,otoño,enero,SO,11.13
2015-12-01,993.6853,983.47,998.34,4.8608,82.4587,68.79,97.9,9.4463,1.5515,0.15,5.61,1.1865,3.3453,0.52,11.17,2.5591,-0.5002,-0.9965,243.3458,144.0,2015.0,335.0,invierno,abril,SO,10.58
2015-12-02,1000.5812,997.78,1003.8114163291108,1.5726,77.2118,67.47,98.8,,1.375,0.61,1.85789929,0.532,2.4962,1.04,3.83385907,1.1199,-0.8189,-0.9598,229.5285,144.0,2015.0,336.0,invierno,diciembre,SO,6.68
2015-12-03,1002.6377,998.57,1004.63,1.5092,91.19030000000001,81.7,98.6,5.6759,4.0251600000000005,0.9,12.348,0.7338,1.8919,0.5,4.59,0.8922,-0.9313,-0.0405,182.4905,144.0,2015.0,337.0,verano,febrero,S,8.14
2015-12-04,1000.4324,996.21,1005.8,3.4468,82.4173,62.29,95.1,7.7873,2.886,0.71,6.69,1.5252,4.5371,1.92,9.49,1.972,-2.5865,-0.897,199.1263,144.0,2015.0,338.0,invierno,diciembre,S,8.78
2015-12-07,1004.9268,1001.52,1007.09,1.6678,80.0981,68.34,,6.1985,,1.152,12.012344172,,2.8577,0.68,5.02689139,94.515,-1.0432,-0.3209,197.1,144.0,2015.0,341.0,verano,septiembre,S,10.53
2015-12-08,1004.6581,1002.75,1007.07,1.4766,92.8771,71.7,99.2,7.5246,1.1152,0.28,3.01,0.499,1.8331,0.52,4.65,0.7256,-0.9366,-0.4075,203.5158,144.0,2015.0,342.0,invierno,diciembre,SO,7.68
2015-12-09,1006.7455,1002.75,1011.36,3.1835,89.1826,71.5,96.7,7.9198,1.4551,,3.13,0.6455,2.5121,0.68,,0.9625,-0.8741,-0.7339,220.0146,144.0,2015.0,343.0,invierno,diciembre,SO,6.59
2015-12-10,1007.2216,1001.43,1011.24,3.0842,90.0146,72.2,98.5,8.9516,2.0651,,3.05093161,0.938,3.2738,1.04,5.10145591,1.2964,-1.9272,-0.0925,182.7466,144.0,2015.0,344.0,invierno,diciembre,S,5.69
2015-12-12,994.6981,990.12,998.7144056713852,1.7716,80.6446,65.92,92.2,7.5439,2.2434,,6.04,1.2589,3.6635,1.24,9.17,1.7659,-1.4604,-1.1378,217.9235,144.0,,346.0,invierno,diciembre,SO,9.93
2015-12-13,991.8722,985.87,997.87,4.3291,78.5844,69.37,,6.1217,9.8694,0.684,33.876000000000005,2.2538,4.8844,0.4,13.46,3.4271,-1.6446,-1.6469,225.0394,144.0,2015.0,347.0,verano,febrero,SO,6.71
2015-12-14,996.4547,995.46,997.9,0.7416,90.4458,82.0,95.8,3.0736,0.9869,0.12,3.52,0.6515,1.5524,0.24,9.1802896196232,0.8584,-0.7882,-0.4596,210.2443,144.0,2015.0,348.0,invierno,diciembre,SO,9.22
2015-12-15,997.3641,995.28,1000.73,1.7483,,73.3,95.6,5.4335,1.2143,0.14,4.69,0.9685,1.9663,0.3,6.53,1.2317,-0.8788,-0.2079,193.3069,144.0,2015.0,349.0,invierno,diciembre,S,9.18
2015-12-16,999.4644,998.12,1001.9744544007332,0.9063,89.1076,76.4,95.5,5.132,1.5192,0.16,4.55,0.9358,2.4808,0.28,6.61,1.3711,-1.416,-0.0967,183.9052,144.0,2015.0,350.0,invierno,diciembre,S,13.58
2015-12-17,997.0478,995.82,998.21,0.6982,88.1896,75.9,95.4,6.1619,2.0985,,6.23,1.4254,3.4485,1.04,9.01,1.9321,-1.8366,-0.4982,195.1759,144.0,2015.0,351.0,invierno,diciembre,S,12.7
2015-12-18,995.901,993.77,997.96,1.3028,87.8812,76.8,96.7,6.6292,1.9836,0.44,3.76,0.8436,3.0773,1.02,,1.0643,-1.5002,-1.0382,214.6855,144.0,2015.0,352.0,verano,agosto,SO,12.97
2015-12-20,993.9822,992.7,995.99,0.7338,80.463,60.17,97.1,10.4245,2.2047,0.46,4.4,0.8625,3.5848,0.96,6.13,1.198,-2.0864,0.191,174.7707,144.0,2015.0,354.0,invierno,julio,S,10.02
2015-12-21,994.9787,993.77,996.01,0.6272,80.1056,70.3,92.9,6.1418,12.81312,1.584,31.104000000000003,2.0946,5.5256,0.96,13.9,3.1709,-3.1414,-1.3368,203.0511,144.0,2015.0,355.0,verano,octubre,SO,11.99
2015-12-22,996.486,994.93,998.17,0.7972,73.6877,61.77,83.2,,24.42888,,,1.7401,9.9197,2.98,8.85453675,2.2259,-5.8342,-3.3612,209.9472,144.0,2015.0,356.0,verano,agosto,SO,11.09
2015-12-23,998.0994,994.24,,2.9628,73.6223,58.27,92.2,8.823,4.1791,0.73,9.1,1.9359,6.1453,1.6,12.61,2.7499,-3.5696,-1.9977,209.2327,144.0,2015.0,357.0,invierno,diciembre,SO,11.71
2015-12-24,998.4381,995.73,1002.8,2.3358,85.0628,68.36,98.2,9.4533,2.0282,0.33,,0.9578,3.0527,0.68,10.186582248349822,1.3797,-1.8248,-0.7019,201.04,144.0,2015.0,358.0,invierno,diciembre,S,11.91
2015-12-25,1000.0359,996.72,1002.06,1.6016,80.0292,70.1,93.0,6.4294,2.5044,0.42,6.23,1.2722,4.0403,0.84,9.97,1.977,-2.1225,-1.0585,206.5049,144.0,2015.0,359.0,invierno,diciembre,SO,14.6
2015-12-26,999.3905,998.59,1000.36,0.4044,71.8769,62.79,77.6,4.181,18.52776,3.096,31.536,2.0074,7.5058,1.88,12.29,2.4654,-4.3576,-2.5932,210.7569,144.0,2015.0,360.0,verano,agosto,SO,12.06
2015-12-27,1000.5291,999.46,1003.12,1.0983,77.0684,61.91,87.6,7.6486,2.6367,0.71,6.43,1.4466,4.2933,1.4,8.99,2.036,-2.3958,-0.5269,192.4034,144.0,,361.0,invierno,diciembre,S,9.72
2015-12-28,1003.5725,1002.35,1004.96,0.7294,87.1097,72.1,97.7,7.517,3.02724,0.792,9.504,42.08,1.4214,0.48,3.84,29.505,-0.6644,-0.0853,187.3193,144.0,,362.0,verano,marzo,S,9.16
2015-12-29,1002.1544,1000.83,1005.33,1.252,95.091,79.4,99.5,5.3604,0.8661,0.19,2.34,0.5179,,0.44,3.56,0.7173,-0.5544,-0.0871,188.9267,144.0,2015.0,363.0,invierno,diciembre,S,5.65
2015-12-30,1002.9883,997.51,1005.73,2.5524,84.4737,,99.4,12.9567,2.1274,0.31,5.16,1.2963,3.4318,0.64,10.479461833606535,2.0483,-2.054,-0.113,183.1497,144.0,2015.0,364.0,invierno,diciembre,S,2.92
2015-12-31,996.9224,995.01,999.2,1.4003,72.6064,49.559999999999995,97.4,17.6803,3.1131,0.74,5.7,1.3775,,,9.09,1.9769,-3.0401,0.1673,176.8493,144.0,,365.0,invierno,diciembre,S,2.72
2014-12-05,991.3662,989.9,992.95,0.9265,97.2861,94.7,99.0,1.2766,2.37384,0.756,4.183069572,25.17,1.0453,0.2609758199999999,4.826409739309652,15.8,-0.2577,-0.0599,193.0743,144.0,2014.0,339.0,verano,septiembre,S,40.118
